-- APP_USER_INFO
INSERT INTO APP_USER_INFO (USER_ID,SYS_EMBD_YN,USER_EMAL,USER_PASS,USER_NAME,USER_NICK,USER_STAT,USER_LANG,USER_PHOT) VALUES ('admin','Y','admin@oopscraft.net','$2a$10$Hqgc3xKW2.4kRJ5UYULfvOCKjvmxGOhRrjK3R/qJoU5cjfwzP4L2q','Administrator','Administrator','ACTIVE','ko','data:image/jpeg;base64,/9j/4AAQSkZJRgABAQAAAQABAAD/2wCEAAkGBxMTEhUTExMWFhUVGBUXFxcVFRUVFRUVFxUWFhUVFxUYHSggGBolGxUVITEhJSkrLi4uFx8zODMtNygtLisBCgoKDg0OGhAQGi0dHx8tLS0tLS0tLS0tLS0tLS0tLS0tLS0tLS0tLS0tLS0tLS0tLS0tLS0tLS0tLS0tLS0tLf/AABEIAPsAyQMBEQACEQEDEQH/xAAcAAABBQEBAQAAAAAAAAAAAAAEAQIDBQYHAAj/xABCEAABAwEFBAYHBgUDBQEAAAABAAIDEQQFEiExBkFRYRMicYGRoQcyQlKxwfAUI2Jy0eEVFoKSojOy8SRDU2OjNP/EABsBAAIDAQEBAAAAAAAAAAAAAAMEAQIFAAYH/8QALxEAAgIBAwQCAQQCAgIDAAAAAAECAxEEEiEFEzFBIlEyFBVCYTNxI1IGQ2KB8f/aAAwDAQACEQMRAD8ABjewbgsHDPor3MnbaW7gF2GDcGefbAF2MkqtkRt/NTsLdoY63lT2yVQQvtjjvKlQCdrH9jRaSu2ndtfQx8pOqttwTswKyUjeucWznHPkKitfFDcGBdYPLIK6K0YhYw4I3uqr4JwNXcFsiLsHZHBQSewrjj1FxDWUJhXZKbBMCncQ68nuiCneV/Tx9iiMKN5dUwPYAuyW7aFooy2TjAtFBJ7CuydlHsK7J2UNVnhe0Dx/YTZbDJJ6rHHu/VBnfCPllJXQh5ZZwbL2h3s07SErPqNURaXUaolhBsW/2nAd4Ssurx9IBLqkfSDIdkIx6zhu9rxQJdTm/EQEupTb4RIdl7KNZP8AIIS6jqG+IlP1978Ib/ALCPb/AMl367Uv+JP63UkR2fsZ0e4V0Nf2RVrNR9Fv1WoXoR2y1mIylPiM1P7hev4krXXLhxB5tmo9GuPac/rcmI6+b8oNHWy9oHfso8+o4HyRF1BLyE/cEvJC3ZeYes3LtCn9xrfgt+4VvwKbgG4lWWrJWrBrRcbx6rT8URaqPsJHUx9gsl3yD2T4Iyviwq1EGDmMjUFX3oIpxY1Tktk8pRwqkkRQ2kQ2kTRWVztAqOyKBysiiwguf3nHuyS8tT9C89VjwGR3TGN1e0oL1EmBlqJMIZY4x7I8EN2yBO2T9kv2dnAKO5L7K9yX2J9lZ7oXdyR3cl9g8NuLcmsjb/SFd1Z9l3Un7JP4hIfaI7MlXsL7K9mKHMtUnvHxVHVD6I2Q8YI3zPO8q8a4IlVpDCH81bZEtwhvQOKtnHgncl5FFmdxU7zt8foU2Zyrvi/RG5MQRkLuDviK1x4qMfZOF9BdnlcN6BOqL9AZwi/Qcy3vpql3REA6ojXzk96soYL7MIey0UGgKhwK7CGaQHdREipItFNDGhntA91FaUp+i0pT9EVos0J9UHvophZNeS0LLEuQR9kj91GVkgyskQvszB7IRVOTL9yX2IA0aALssspM8xxKh/2dJZJ42OPFDbiCzFeQiKI70OUkDlJPwS4aKm5ZKZG1PBW4OHUK7g4EbZhvRtzDOWR4wBQ8srljxKPdUEYbGulHBSkTs/sQ2nkpwyNrHNtPJRjB2B4nHBQyMD+lHNVyVwxHOBUkrJAWb12S25jw0qrZDZK0KrwUHKhx4lWSOwRPkorxiy8YsHdOr7GEUBjplfYi2wTFVdtSJwkFw2IkVNAOaE7WuEClbzhHnRwgZvFVCdj8IpvkDS3vBGDkCRwRVpLZkSy/LBJtro9zKc/gjQ6ZP2wSaXsHbtaNQ1EfTWW3RkSHa4EerVVXTnk7hckcW1Ar1mZclaWgeOCyaYV/MsfD68EP9CyeCYOQ3gYwh4UZRVkjAhtojgdgXbiNw3oVO87cK2FQ5ZOchwjUEbj2NdgnB7GF2DsEjSqtlWPVMsqeXeTsDS8LtjJ2kb5AixiSogc0qNFB4oGc5EC4PF67aTggmt+HJEhTnyDaBJLzkOVSjLTQXJCrT9AUpc5HjGMS0qZY4BJbM7WqPGSQjdpZsg6Eom9CvYafkkbAocw0dO2L0Sq5luzgd0ajcXVQuFRlFuy/svRervdCz+wjU/TxJGXuR7I8VV6ZMpPTomF9t9w+IVHpPoD+nJWX2w6gjwVP00ik6Gh/8Wj4qP00gGGuMD23lHxVXp5Isov6HG8me8o7MgiqbGfa2neu7UkW2M8ZhxVtjKuI1tpPs0A4nf2D5lT2+PBRocLYT6rnO5hoI8ch4FR2f6BtP0K20YtXaagAg151XOCRaKQrpOa5Qz4C7foHltjRvV1WwigCPtrOKKqmWwQSW4bkRVEg8lqJRVWiCGpOqv4LKI4KA0UhQo4DLAjgpyCsjkhMCvuE5abL4HNiHFQ5B4adId0YVdxfsRF6MLtxKoiJ0a7cT2Ij1AVs9RcCfIgauzgq48i4F25nKJ6itll1WIq5ZbtodVdkrwjy74lW0LGHOOFtSTuCiTgvIGyaRa2O5ZHkhzqAUqB1syKgcNKHvCUs1UI+BKVyzhlvZ9m2HV0ncWj5JKzXMFLUY8Ez9kYzmJJAf6XfJVj1J+Ggf6pp5wVl5bH2hgxxuEraV6tQ/wDtOvce5aFWshP1gLX1FN4awZ3oncCnFKOB5zUllDHREK25MjAgC7BeMckjWquQyjwOXE8ISig7J4qUjtw1z1OAbmRibkp2gu9hjxOu2hFqMj2yhV2BVcSMlG8BVcTt+R9WKuGRlj4rvedaBdvQJ2khu+mrgocvorvZK2xs3uHioyTukyRrIq0qFBP/ACDX2aI6HwKnLLKckQGxCvreKncy/clgm6ENGYa5VeWC5Y+GWMkN6LMmmR40QJ7ooFOMorJoLvuwDJraVzJWddqPsQsu+y+s9ha0fX1uCzJ3tsSnawlsYG5CcslN2RwC5SwQwqCXcm6rMgZx4MXt9dZjpPHk0nC8DQHc7v07ac1t6OxT+LNHp2oz8GYdxJ1WlhI2cHmLgkR4adwqqOS9su5jjC73T4LlKP2Vcv6Fjs73aNKh2w+wTtX2SPu+WlaZKFdH0zu4n45IDZXqysj9krkiMJRN/wBlJV/0MMZVlKL9lNogapyTtY4KvDCRHUUYRbIVjdxQVhjGI/R4tNN6h8EfEeIHHRpVdyXtEOUV7HC7JNcPmq96C8sh3RQouuX3aqe/D7KvUQ+jxu+Uew5d3YfZCvi/6GGKQey7wV1KD9kdyJY7P2Y4y4g1GQrz3pbVyxwmLam9NYRvrFEA0cV5q2WWYs3yTBBSwDHhSceXHCtOatB4aIfgde9iE0D4z7TSAeDtQfEBa2nm4vcgVU3Ce5HLrRYIos5ZWtpqC4V8FsQnZZ+MTblroRXLK2faCxx+q18h5AAHvJRo6S6fngQn1eHoBn20fpHDG0fiBcfIgJqHTV5k2I2dVsf4gT9qbUdHAdjG/OqOtDWheXULn7IJL8tZy6Z4H4SG/wC0BEWkr+gL1dj9kP8AE7SP+9Jn+Mqf01f0QtTZ6kxzb6tI/wC84040PxCj9LX9BFrbl/Ing2ntDSD1HU96MH4UQp6GEvYaPUr/ALLmzbcB2VosrHc4uqfB1fik59Ma5i2Fh1SxfkWlnvW7JR6zojwcKeYySktPqoPjlD9fVE/JbQbPQSDFHLibxFD5hLy1N0PMRmPUEx/8qx/+Q/2j9VX9dP8A6st+vKgwRR5yygck3/yWfihy/XwgvJHNtBZoxRjMZ51Ra+nXTeW8GTb1eH+yudtdL7LGAcKVTq6RU/LM+fVpekRP2rtB0LR3fuiR6TSvQF9UsIjtLaPfp3BX/baPoq+qXDW7R2iuchKl9Np+gkOq2R/JZCodrJm659tD8kCXSa2MPrP/AMTWbM27pmiQihJp/aSFgdQo7MsZNCvUd6OcG3h0XnZ+RWS5HlVKihcceXHC1XLycw2I5LSqlwLTRwT0k3ObPb5KerKelbyxk4gK8HV7iF7Lp9u+rjyIW7k8ZKH+HSYQ9zXNad5a6h79E7CyMnjdyAk3HyhwswGqO4qL5YLc34PSYRoqvBdJjDMFXJfAheOC5s7AzE3moOHxwB2hzXbV9nZIpYiNVzizk0yIhcdkfFI5ubXFv5SR8EN1pvksptE38Rm/8sn97v1Udmv6J7shHSuKMsr0kVb+22eq5W59kLb6EoVHJPA7CV3JHB4NPFTydwLiIXZZ2BwerKRVo6BsLJ9z2E/En5heW6ws2Hounf4jodkfVoXlLViRM/IRRCbwUEqpSkzsNiCQcQrOuS9FtrFqq4bIGtvNrTh9Y8BmU9RXa/CyUlQvMngEv2xxWqPBLEQQaxvcymB4zFCdxIAI3halLtp8poC61nKaZHdtrjMYY4YgQQ5mHHloQWiuW5KTsuhZuTC21Jrk5X6Qtm/ssvSxZ2ebNlPYdq6M8tacsty9X0/W96vEvJkWV7WZArQzkH4EXEnlxx4FccSwvoVK8kNcFzDG2RuEjMjI7wjqOUAlLayntNlMZIO5BlBoLCakiGiqWPUXHBDGq/L9EPglwq3KIymewqTuBQwrsEOcfTJBAeCvtf0Dd0VxkQwFQ4f0R30MdHxCjb/RdTT9ms2GkLcTDUVo4VFKgilRy6uq891aCb4N7pk0o4ydBuy3A1ZvH13ry99HsftjnktJp8LcSUrrcpYARr3PANdtgktTqucWx6gDJzhXWvsg7t51yXqND0lbd0gF+qjD4x8mmbs/ZwKdH31dXxqtT9upaxhGe9XZnyUt/XbJCwujq9poKe02poM94WRf0f5px8D2n1UZfl6LHZ662sZU0c7e73iNT2cAtvTaWNUfAlqNRKyzjwXb4wRSlQmJwU1yLp4Zjjc/2WZxb6kvWbXMtIGbK7xv7KheV6zS6mpLwadNu+OPY3aG52WuzyQuGUgq0+5K3NjvGgPGnNA0Gq2TTXgHdHKaPniWMtJByIJBHMGhHjXwXtYvMVJGeRqxB4qDhoXHBEUeVVaMWQ2Wt2TBuZrlpRMVieo8kl5ESEkDIj4I0oKURSu1xkUcZzWfjDNdPKTJsIXZLHS7NsJCNXSO7KAfBJfvNcfWSX021+ZYChsNB7svl+it++xXCgUfSJy8zM36QrqjssMfRtIL3kEkgmjWk0y0zwq1PUnqG4pYwS+n9jltsG9HVljtPSxSAlzMLmnFQ4TUEZ65gZ/iUanqU9LDcRDQV3vk2zdkYP8Al1Vmz/8AILX7Q3Ho1C+yZuyMJ3N/yS765e/aDftemXpjX7ERHQDxKsuuXfZR9NoT4yIy4+llAjIY2LqtfStaADBTLqgjxJok7NblLdy2PV1wpWURghjgC4YmuLX55E16zh359iE+coejLdHLLK2uMnRx1pjeAew0xeQKF06hSuwwN3wi5G7uqIBgypXdyGQA5U3L2uEopI8//JsNDlDRAr2qSGCXezC0t91xHnVc3k7/AEBbObQttZnDYpY+gldCelbhxlvtNzzaoJG7VmkbHcJG+dR81k9Yr30f6HND/kwBWc1y4heQ08vmN2R8s4PtzZRHbbS0Cn3rnU/N1vmvoGjnupTMefEjOpplTxVckkkTKlXislXLAYRuAR+FwBTeMllZbO3AanP60V4RErp5ZFaMIBpwRpPEQUFmWCljZXPis72zY8RSCejKqRyfQ9gcCF5GNaa4NyyUk+Qa2WeRxJBry0P7oFlcw0LIJGB9LULfs8BANWykOrX2ozr3tT/Rd8bJJiety+UUnohf/wBZI2po6E6Cpye3d3rQ6tUpUrIrpHydqjszDvd3inyWD+kix13NEv2BnPxVo6OKB/qGQ3jCyOJxDRWlBXich5lEnRCCzgtXY5yKh4MUIY3JzqNB4A1xHtwjxosyEt9kpvwhtx3yFtdiY2yyCgyaKciKUI4FE09jlNkSk3NJFZY5C2WEnQOwn+trmV8TVafT2leH1cc0s6PdxHRtpwXqHyebSwV90bNw2e0Wm0sLy+1OY6QOdVoLQQMI3alcSXRUHAAlwyOB0NPGm9Ky1tSs2Msq2wrpW8R4on6qv7I2MzG3l4NEUbAal8jfBuZPjhHekdfdGdTSHtDW+5kbYn1I+ty8aliY5csZOO+k6P8A6+Y8cB/+bV77p0c6ZGFZP5mPLU7ghywSw2cnXIK8IZBTuUUGRx00R9qiLdzcyWKPNVjHLKzu4JnkjJMqOBNy3cAM7sWQ7ylrrf4o0NPTtWWSWey1IHYld2ENL5SwXX8HPAoHdQz2WazZ3a+OUUJwvGo3V7NR8Fl26ZwfA3C5TXJqrNezXbwe9Ejp4TXy8i8pTi+DP+k+PprA8in3bmSZ60FWnCeNH7+aNptIq3lMDLVN/ExHoqY8Wsv6NxjwOY94ywH1mdauVS1W11TspW0vROMHydhZaowM+l/uWYldH+IzLtvnciT7XF/7PElFVly/9eQTrrf80C3jaGODWtrm4anKlD86eCV107NnyW0Z0ddalxLIk4rNGNzWk95oPl5rAg8VyY7HjLJZjjd0R9VoBf8Aiccw3sAz8FMZOqCa9g8eZgN6XeGua2PIluLfQOaRmBu1TlFzhibC0z3xaZpLhvKretlnR34JN7Ty3g8CF7DT3QvrTi+TEur7c3kvgUbH2CTXoitVoaxtSldVqo0Qcm/ASEHJmeM7qk11zXg7dTKU3P7NSNfAotBUK+ZLqKzaEtfG3EMw9pb8/Kqcouk0Eoi4z4J7vGiUn+eS1yzk5j6T2AW9+WrIj29WlfJfQ+jtPSI8trG42cGTawcFpbUBlKXskbHVSgEppiuj5q2EDbk/AhkA5lc5qPgvHTTn5I3Bztchy/VAnbJ8DlWnjXyyaz2MkZDJLt45YVz5+Jp7lugNGN40zH6pC+7PCNDT0Y+TCf4hy/xSuWO5MLIcT2BoLJCaVacjlq0/JbDjnhmKpbeUW1mvHDQTtdUaSs1/qG9BlTOv5LDQxDUwm8TE2nvGQwtYJxJE51cj1qtFQ1wOYzIPDqrqpqXrDOsr2f6ZDsbtA6yuc2gLJMNQcqEAgOHcaJiH/VC11aayzds2yjpm015OCc2S9oRlCMvxGnbaH3HdxBV1FIo6peg26b+jtL8LA4YczipxA3Lz3/kSXayjX6NFqxpmiY374ndhHxK8RL8NqN+X+MdZP9Wb84H+DVe5YUV/QP8AgevXK0xH8BA8RX5Jizmoin8WPfZ88bSWu0qNDyIORGehQNNrbKZYiTJKfDRBJtB0YwmZpPBjan+0VAW2uo6qccYx/wDQL9LWnkFl2hroyRx4voB80pbo7rvzkXioQIYr2e7VtB21p5KY9MXDbL9yITFbKkVJ7slddOiirs+ie32RkrRhJa5taVNQ7keB5q70sYLgmuySZLdbsgsW5bZl7uVwc/8AS3DS1xv9+EDva91fIhe36JPdRtPO6uKU8sxGJbCTFWsiGU7lOWXVUfYogeVRtl1tXgNgsB35ITePJzbXBZ2S6CdG15nIBL2aiMS1dFlhobBczW5uz5bklZe5vER6jSxhzIJt78LTSiB/7Eh2HEW2Zn7eE72UA7xm7RZy0trm0V7stxTFVqtXLFL9O6eUuAe2Xo7IVBwkdbOrhwdxRYtxf2AcFNcrBHaCHNa4UBOKoFaDgrS2vwsMrFSXDeURwZVO8aKN2OUFwnwzTWm7HtaJBR8Z0e3MZ50d7pTOn18Jy2t4YpqdHOtbocoDMfLzWg4JrKM6N8ovk1OxrAx9aesD+o+C8z16OauDd6RPNmX7OlxjfxC+eybUsG63yMhjwucfeIJ7aU+SvKzcVk+ALap5Y6GWvVBc099CP9pWpVDfXtJ02OUzPW29pJiWMJDNKjIu/ZOUaKEHloLOSiOs1iDRotBRFZWNhYYp4+imR2EKVt+jjwXNEJYDbFLuKHKPBdMsGCju0B3jkfh5rz+trxLIWLyjF+mFn/5n8pG9/UP6r0vQJfFox9bHLyc7s8DnnJehlLCyIuSRaxXYG65lAdv0CdgVDZKkIU7seQ1NUp8lvZ7A1o62fakrLnLwaEKIxfJc2WKo5JXa7JDakks+AimWWiasarjjBSvNjyZ7aO2YWkK2noy9zOvtwtqMT9q7VoYQjkuzECKFY6k4vg3nUpxwzMXpZgyQgHWp88loVT3Ixb69jwelqG9WuCg1zGI+sBw9UI7QCLWcEl02cyOLQCatdlSumZULbHhkSTlyizsck0HWifQ+03Vp4ihyKi3QxsWf/wBB066VcsBgvKCXKRpgk95oxRE8XM1b3IVV2o08kovdH+xiynTamLb4kXNxgseytC2uT2mrXA5a7uxD6hbDU1PHDK6TT2aa1Z5R0qxu6o5ZL59csSPQTRMQgryDzwRX5ZOlsr20zAxDtbmB8ls6KeGgcZbZoyF32bCNKLdyngvZLIeFYCRzTsZ672t/M4N+JVtr9HDYbUx/qPY78rmn4Fc8ona2T0VTiaytq4fWSrLhEx8lvIzrMH4B5lxWF1B8ha/DKP0nWHpLJE73JW17HMc340Wv/wCO2Ym8mN1FtQWDCQQhgoF6C2zc+DIy2QWi00OEanyXQgMU1bmG3XJQ0GZPigX4Q9XJbtqNTY7B7Tt6xrbsvETVqpwsyC3BN6ZbI5kCuxPiIyRCTd9mV4C4VMMPyYTayXrELcrjtgZNs90jKYuajcimGWV53o+N4a2mWeeda1yP7cklTSprJqXaiVcsFbeL8WF59Z+I9gFGinKuIo9aS4Qtc8rLGkHo67q0PI/R8kVywL7OMoJuz/UaQ8sPvN1bzUKG5clZz2cl/a5aUE4DSc2TRirJBxcBv7O8KlcrKpfZSXa1CXoEtVlrSoqD6rhmD2FPqULFlvkTmraZYSyiCy2iazurGat3t1B36cctQktRpVKLysD+n1eJLk7Rc0uJleIBHeKr59rIbZnopvKTLIJIHjlhdmGS0dM8AJ+TGujwuc2vqucO4OIHlReir5iiZFFtZfRgaGRn7x4rXexugd2k1p2diaqhufJDTRiLPZJZnVDXyHecyfE6Is7Yw4DV6aT+TNILt+yQGV9KimW9zjowHu+KXhJXPCZa6xVLwRXVf0+PrEODtWnRu/q7wj21xhAWqfcZtLDbAcxUHgf13pB2wzyGdMl4NC2YO6OmoGZ+AWJ1CcZeDoxcVyR7Uw4rFJyAd/a4FNdKm4TS+zO1scwZyy0yUBPBesissw4xy8FbZs+sdSjvwaLSrhj2zW7M3cMPSO1OnYsPX6jHxQ90/Sp/Jmic+lBx+CT08Od7HrrP4IaQiW3OXCLV1KPIHaHrW0dKjDJn6qblI59tDLicTzTreVgzF+RnVXag5YbRsoWkmprkBuaBnXjmk9O/iPatYeTxYJBZ2E+sDnliaAKYa788VKq6eHwVlFTikz1ifGyOU1rmRTxDMuZqqNtyCRjGMMYyANJjLa5HDXxTcZZEbKvOS2s9txsLcvynSvEJuDTMq6qUXuXgSymRhpGC9pOcdCa9wz7xmgXUqPyT5HKdRuW1nRtntii5glmDo8QqIzTGK0yJ9nKvPjRKzvlJbZBlpoqW5GkuuMNJaMgAAOwaLxPU/wDLg3V/jiixCy8ck5DbMMloULgWsMjeH+vKPxfEV+a9DRzAt9GB2lvJn2mUdECWuwkupo1oA8gE5GqTWUxmOorjxJEVivbG5rMFMRDRQ5VOQy0VJ0/bHY3xceC1vUFkDmyg0dQNxe+DiBBPIFB01b7uYi2slW6gbZ2yYiXHdkPmr9QswsAdHFeTa2KDgvP2zG5MvbLHRZ83uYtNthl4xYoJG8Y3jxaVq6V4nFmdqOYM4hekvV7V7WmOTEqXzz9DbG2rR4KZ8MYtl3JI6DdEfUaAvMap7rWzf06UKwuRvXdyy8NfNGw1BL7Ap7rMiPQ62nZgYnlQKy1716Gt/FGRL2c/vZmZ7SrexTHyKPozwRMBsGtfYo3mr2NcdKkCvisNWSieklRCb5GyWONtBgHVzblpnVWjZIG6oIjmibuaBXkFO6RHbj6AbVZmvIJ1bw4bwjQsaAW0qSAYLtlMzY4WlznuAaBqTwPLU9icrs9mVdQ84Z3HY/ZFlkaHvo+cgYjq1nEM88/gq23OXBSuiMeUXtskDWkn6+s0s0MpFPdTsQc7ifJeP6m/+Y01+EQ9Z3s4NgHVC0qFwLz8mHmlxTTH/wBjxXsOH5Lep4gWlxgrNoNlW2p3SxvDJCAHhw6r6CgOWhpQb9E1Ve4eSHBSKywbDTse1xlibhcCKFx0NeA4KZ3xkGjJRWDYXldEE7Oje9+tQ5paCCO0Hilq3OE8oHP5cAjLmbAWtY4ubQ0JFHc8VN+iT1ljY3pn8S8sUOVVh2zOlIsIW5oMHlgZMMtI6jvyn4FatHDj/sRt/BnBryZXCOa9vVLEcmEnhsOZBgDG76VKDKeWxip5kbO6X9QFYdsc2G8n/wAZJYX1aT+Ipm6PEUL0P5E7kGqGJjFksorbXvW3XyjOfkyt62DFi8VFj2sDt+LZSfw88vFd3hPuMuY3rKaPZponkZiHMKqeCLI5A3jcieQKe0CtHJGgsgrJYOrej7Zf7NH08o++kAyOscZzw/mOp7uaN4M+ye5mucVGSiXBn76teL7tu8pbUXxrXIeityfJNY4sLQF4vU2OyY9InIQYrkh+Ax78LCeAJ8FraeOcIVk+Tnstlngq5zCWuJOJubanM1O49q9DscfP0MKULFhE9ntgcFSMsrgq4k+MLnNeGUwwm2WYxsY4nN5FBwaQXZncTku1D7cMotT85YH2eKqwL73LyPbVBFvZ2Uas2x5YCTyFWcZq9KBSfATP6p7D8FqV+V/sUn+DOLsiBeDRevlLEMHnbeGT3hH12mlcv0QqXw0H00ss0Fyv6iFOvLybHc4CbI4Uc3mfPP5oe1yal9HOxRJYzUU3hddW65bkFqs3rDA7aE/p5bo5F7fjLBS2tlfBFmsoGsSRT9CeKB2gfaRC11Ehg3lLAZHOhyiFVmQa2ner1LPAOz7Ln0e3MLVasT844KPcNznVOBvZUV/pTcYqPkRssysHYZ5A0KfIov7KC8bxqKNqK80tfbGtZYxXU5vgDskJc6pXmtbq3Z5NNQUIls0LKzzkESRjNWrWZFZPglt4rGW+9hb4uAPzW5oYbrELSfsCvC8RC2lMcjhkzluc7yyXp7sSW3+hWPEsoZ9kY4DFGyuVeqNd+q8LqLZ12yin7NOt5SK2+CGtwgAV4ZfBNaPfZNZYV4UWytt16OnewOaG4MWld9KeFPNbeveIJA9HH+RdWBmQ7l5m9jFrLFJgMBNnam6UCkyeRlQRvII8clpULM0haz8GcanYWOLT6zSQe0ZFesxmKyeetw2xbfMMDTwJ/VUqg3JlaXiRY7O2uuR5I8qfRqqzCyy6kjHSF2+lDz5/XBBqg4pwYO+zPz9DS+hB3HVGsq3V7X6Oo1D3J+htqpSqT0cnFuDH9VHOJRKa0rQTEY7o+Svor5RbuxK+ZixYs9BbAjY9XcQEZHppat5qqXIfPBfbAXnPAJ3Nw9EcNQW5mTcA7dQVNM1bUajZjAnDTdyXJrIdqBMcLmODqH1aFppz3a8FEtXGMcv2ElomnwSQtxOz1PgOxef1V8pt/Q7CKrj/AGW9nioFj2Tb4BTlkmQyhNZm5pimPIOb4G3o8hraa1y8Ml6Dpq+aaFpvCKmz2OrsTjie45k57/ryXoXDiTFk+Symdme9fP8AUpyul/s1K1winngMmJx00b45lei6dptsVNlb7EltKS62VldyoPIKvU5MY0yxXk1kDKLzdkiJsnAVIrLKNh0Tck/XEXl5JG6rR0K3WoFP8Tk22NnMdsn91zg4f1NDj5k+K9jFQmko+Tzt9c4ybfgztqmxCgP/ACojDbLkHH0wzZ+2YTzBRG+cjy5iam0TnE125woe3dmgP8skVxc4bPomJ3Ii5WRWLcHhkb3ZEFKyqxPcjaptUq8FRbgRmEV5wUxueGVP2jkUPLL/AKaIj2rMTPQSWUA2kUNUeDyIWx2sEmlR4wSA91muusYLJGNMeKQ95oP8WhZF7bsNLSxysl1ctmo3FTN3kNw+aQ1NuXgO3waOwQUFSsm6x5F5z9BqWAsVoqrRWWQ3wHRMon6oYF5PIJeOZaO0/Jeg6VD2L3PAtmjAcFuW/jIAuZIDmaZJOjaaVJxHg3f8l43T6R26hv1k1d+yvLJryjDY6AZNFB3fXmvVxhGKwjOlNybkYq5pPvnjjRYXU4mzp/8AEbGArzdqwykgmLVdV5KSC2HJOwkAZJG5b3TaeNwvYznnpAnibagx+WONpFdDm5tPJPWdyMt0CYdqUdszI2y5XHrRGoOdP0KPHqCzifoDLp0cboFfZi6J3WFDXf8AJOOcbV8RTtSrfyNtZ5RLEWtIrSo5EDL9EFy28MiMcSyiO7rfiGFwo4ZdtF2Xki6jPyQW4VRksga57eAK0Mqr8DsZxa4APsw4KuxHYf2AytoVgo9O3kr7aUxV5Fb45iUNonplwWh/HJjuWHg6RZ7NlHHuayNv+Ir81522fykeg0/FaNTd8Wax7p8EzfBbxjJZ7lkVY8Cq6MckZCYYqJquGAUpE6bXgEAzZvPLL9V6jpkNkORSx8ixSlpT8oZiwcXyTXdZQwH3nGpPjQDl+qR0+nVKb+w9lu5YGXrF1D3I6/EEnhHOXP6K0dv0Fm62rfE1dHPjDNdY7TUBeXtr55GJxLBj0njaBaBryvXoWVpiefVaNSeJG4DetLRUztksLgBY0lkzt3XpaWP+8GInPn3EaheurhsSSE5cmR9LltElogc05iIg8R1zQH64JyvkBNGcui/5ITTVvA/IoF+ljMNVqZQ8G1sFogtbKEAngcnDsWRZ3dM/iacHXqF8gmy3Y6InA6rdwOo796JDqKl+YC3p7XMAa9rLn0gqCdabin6dRGXCYrKmcV8kDWa/2tIZJ4p/a8cCFlUW8ryWgna8VaQRxBVe76kUVEockGMK26H2W3z+imL8TK7wsLGGeqql6Ku2OTNa5IuXxZmrwJxCm8jIb67k/wDxaMKf5nXLKOt3N8gB8l5q/jLPQU/40ai7vVWLfwUsLCMVSmMgGwqCJM1QBSkEppJAhsjqAngjUQ7k1EhglMsxXPvXr6Y4ikJWcshjPxR2ULKAoE/JZHrWzEwhQSc42lsZJxN1H7oc4rGBiuWCssO0ZjoHgmmSyr+nqXKH4aqL8mjst9l7A9gyPPra+7x7Vl/o4xnifgPxOOYldLtlZ4XkWhk1a64AajkQaL0WkqrjDEDJvck+Rtr9JViA6kEsjuBAYOVSSSPBORqfsA7Fg5zf17m1TOlcxrK0DWNzDWjdXfqTXmjxjhAtxXOi4eCnBUdZrS6M1aSCEOdcZeUEhNx8GwuPbIZNmy/Fr4rH1XTs8xNPT6/HDNlZ5Y5W1aQ5p71kONtL+jSi4Wr7M5tFssXguhOfun5Fa+k6sktszP1Ogy8w8mM+0T2V+E1aeB0P1yWwnC2OUzOlvreJIK/maT3W+LkPsojvR+iwjno6h3pDbk2XLbMDtrtQi1LkvdL4F3s7s+IgLTO3rnOJjvZ4SEceHLmmrPGDGS5yaKKT7wn3qHxC83qY4TN+mWYI0t2uyWPqFyDsLSznNArQvPwGxlNQYBj1fzLBUgkfU03D4rd0Om28sHNjLSMgPNblYrIGoiMoFWN2aHNFkGoRYyN5wUcWnmrTWUWgzMXjdTHVyzzS8ZNPAZxWDFWG+5IJXYTVuIgtOhoaZcDkr36WN0f7BVamVUuPBro7VZ7YzC4CtNDqDyKydtmmfHg1O5XqFzwzKX1su+Kro+s3hvAWpptcrFtYhqNG4fJGdWghFpjgVxBI1oOq4jJHLHQ8VGMHLARdt5ywurG4jiNx7UvbRCxcoPXdOHg3NybZMloyUYHcfZPesPUdN2/KKNfT9QT4Zd2+7Yp20e0OG48OdUnXdOiXxfI1OmFqyyk/kiD3n+I/ROfuuo+hf9DX9GatTqZrTq8FdSsLJfbJXSJ39NIKxRag6OeB1W8xo4+G9FjHaLTuzHBc3zaC92tV0nkWjlEMEuh934H91m6qjPJqaW5eGaO7rUsK6pjclnwXENpFapNVtci7ryFx2kbkemqy54SwLzSXsIAcRUre0/Tu1+fLFnM8xmfzWnGGATkRWvX5JyACQM0q2SEGWVDkWC2lCZKKO/IutXkiLmJ3gz04AqeGfhmlWsSGM/E410mIknea+OafisCMvIVBaS0ggkEb1WyuMlydGxxeTZXJtK14Ec9AdA7cVjanRuL3Vmtp9WprbM9f2zDZRjioHa5aO+uK7Ta2UXts9F9RpIyWYGFtVmfG7C9pBWzC2MllMyZVuPojDkUF5Ee6qqSkGXTdjp34GEB1CRXTQnu0QLblWssNXU58IivCwSQuwyMLT5HmCpqujbHKK2VTreGWdybUSwEAnGzgTmOwpTU6GFv48MZ0+tlXwzUfzzD7rvD9kj+y2f8AYd/c4fRnTA6RzWNFXPIaO0mgT1QfUx3Q4N+9sdnhZZ2uAwDM1AJec3OI5nsRZyeDJgluwDxWXF1hnXPLh4paNmXhjE4YWUERWL63Irw1hg4tp5QZFYaaEjlqEpbo4y8DUNW1wyws9mPEnyCFHp0Fy0Vs1jfCL+yWMAAkUpw3rQhVGCwkJym5PkJe+uiIkV8CUoFdIq2V9qkz+s0ZIqQmUAZ5KTgqF2X1RDZYLYclRnFfewrnw4K8PBzM7a7OHBw3OBFRrnl45pZv5cjDXHBxS02cxvcx2rCWntCfTyhKS5GBykoTtcqtZOLe6NoZIMq1b7pr5JLUaKFiyOUauVbNdE+zW1lCATvHtDmFktXaZ59GmpVahf2Y6/tnHwEuHWZx3jtWvpNbG1YZnX6SVbyURTr4Yn4L7Yt1J66Ua75D5pDqCzWkxzQvE2yw2vtNXx1o4YTXvcqdOilFonqT3NMzc1j3tzHDf+60mjPU8eQboncD5qm0ndE6DshYS50ktadG2jXUrR78q9obX+5IR4N7VSaW1Bst3OkkxPc1x4mJtdchWtdKhDnbl4QvCv2ay5LqewddwcDSjQ3DhpWu88kauteQFtjbwi1N1NKLtBbmPjukca937qNpO4NhswbnRSVGyvqaIWW2GwkicxAUrruKKkCbI5ZKAokUUZTPkJPejeiCGV3W7FBwdZRl2ocixY4MlRnAdsZ1TVXgcynnjSGoe2WR2lbonLPSPYsFobIBlIzP8zcj4jCtCiW6IlcsMygKMBZLG9SRglfHUVHeqtEZGWe0vjIc0kEcEOdcZrDCQsaeUbe5Nq45R0c9ATkHey7jXgsXUaKVfyrNajWKfxmZjauyxxWhzY8m0B4jMVy8Vp6Scp1fLyZ+ojFWPBLsn67+Tfif2VNbzFFtGnuZJtU7rs/Kf9ynQ+GTq+cFZBaDRPoQcSf7WeKngrsOi7LMAsmW97q88mjNY78G9d+QdZh1x2/NLR/IK/xNfFqtKPgyn5YYNFcgnZooOGz/ACUS8EryDWMdbuQI+Q0vATIdUxEXYBbDkUWPkgrRqiMggGqj0R7LqyjPuQmWCmblUsRytGff8FeJVlVa2hZms8j+l8HP/SXGDBGSMw/I9oNfgE9o/ArqfJzVN+xVjmhScE2N2augU/DH3jGAchwVJnVAYCrJJxCxbUh0ridTXIaqkUl4LTeZF3smM5OxvzSuu8IZ0nlntq/XZ+U/7lOh8M7V+UULSnhNjqriD//Z');
INSERT INTO APP_USER_INFO (USER_ID,SYS_EMBD_YN,USER_EMAL,USER_PASS,USER_NAME,USER_NICK,USER_STAT,USER_LANG,USER_PHOT) VALUES ('test','N','test@oopscraft.net','$2a$10$Hqgc3xKW2.4kRJ5UYULfvOCKjvmxGOhRrjK3R/qJoU5cjfwzP4L2q','Tester','Tester','ACTIVE','ko','data:image/jpeg;base64,/9j/4AAQSkZJRgABAQAAAQABAAD/2wCEAAkGBxMTEhUTExMWFhUVGBUXFxcVFRUVFRUVFxUWFhUVFxUYHSggGBolGxUVITEhJSkrLi4uFx8zODMtNygtLisBCgoKDg0OGhAQGi0dHx8tLS0tLS0tLS0tLS0tLS0tLS0tLS0tLS0tLS0tLS0tLS0tLS0tLS0tLS0tLS0tLS0tLf/AABEIAPsAyQMBEQACEQEDEQH/xAAcAAABBQEBAQAAAAAAAAAAAAAEAQIDBQYHAAj/xABCEAABAwEFBAYHBgUDBQEAAAABAAIDEQQFEiExBkFRYRMicYGRoQcyQlKxwfAUI2Jy0eEVFoKSojOy8SRDU2OjNP/EABsBAAIDAQEBAAAAAAAAAAAAAAMEAQIFAAYH/8QALxEAAgIBAwQCAQQCAgIDAAAAAAECAxEEEiEFEzFBIlEyFBVCYTNxI1IGQ2KB8f/aAAwDAQACEQMRAD8ABjewbgsHDPor3MnbaW7gF2GDcGefbAF2MkqtkRt/NTsLdoY63lT2yVQQvtjjvKlQCdrH9jRaSu2ndtfQx8pOqttwTswKyUjeucWznHPkKitfFDcGBdYPLIK6K0YhYw4I3uqr4JwNXcFsiLsHZHBQSewrjj1FxDWUJhXZKbBMCncQ68nuiCneV/Tx9iiMKN5dUwPYAuyW7aFooy2TjAtFBJ7CuydlHsK7J2UNVnhe0Dx/YTZbDJJ6rHHu/VBnfCPllJXQh5ZZwbL2h3s07SErPqNURaXUaolhBsW/2nAd4Ssurx9IBLqkfSDIdkIx6zhu9rxQJdTm/EQEupTb4RIdl7KNZP8AIIS6jqG+IlP1978Ib/ALCPb/AMl367Uv+JP63UkR2fsZ0e4V0Nf2RVrNR9Fv1WoXoR2y1mIylPiM1P7hev4krXXLhxB5tmo9GuPac/rcmI6+b8oNHWy9oHfso8+o4HyRF1BLyE/cEvJC3ZeYes3LtCn9xrfgt+4VvwKbgG4lWWrJWrBrRcbx6rT8URaqPsJHUx9gsl3yD2T4Iyviwq1EGDmMjUFX3oIpxY1Tktk8pRwqkkRQ2kQ2kTRWVztAqOyKBysiiwguf3nHuyS8tT9C89VjwGR3TGN1e0oL1EmBlqJMIZY4x7I8EN2yBO2T9kv2dnAKO5L7K9yX2J9lZ7oXdyR3cl9g8NuLcmsjb/SFd1Z9l3Un7JP4hIfaI7MlXsL7K9mKHMtUnvHxVHVD6I2Q8YI3zPO8q8a4IlVpDCH81bZEtwhvQOKtnHgncl5FFmdxU7zt8foU2Zyrvi/RG5MQRkLuDviK1x4qMfZOF9BdnlcN6BOqL9AZwi/Qcy3vpql3REA6ojXzk96soYL7MIey0UGgKhwK7CGaQHdREipItFNDGhntA91FaUp+i0pT9EVos0J9UHvophZNeS0LLEuQR9kj91GVkgyskQvszB7IRVOTL9yX2IA0aALssspM8xxKh/2dJZJ42OPFDbiCzFeQiKI70OUkDlJPwS4aKm5ZKZG1PBW4OHUK7g4EbZhvRtzDOWR4wBQ8srljxKPdUEYbGulHBSkTs/sQ2nkpwyNrHNtPJRjB2B4nHBQyMD+lHNVyVwxHOBUkrJAWb12S25jw0qrZDZK0KrwUHKhx4lWSOwRPkorxiy8YsHdOr7GEUBjplfYi2wTFVdtSJwkFw2IkVNAOaE7WuEClbzhHnRwgZvFVCdj8IpvkDS3vBGDkCRwRVpLZkSy/LBJtro9zKc/gjQ6ZP2wSaXsHbtaNQ1EfTWW3RkSHa4EerVVXTnk7hckcW1Ar1mZclaWgeOCyaYV/MsfD68EP9CyeCYOQ3gYwh4UZRVkjAhtojgdgXbiNw3oVO87cK2FQ5ZOchwjUEbj2NdgnB7GF2DsEjSqtlWPVMsqeXeTsDS8LtjJ2kb5AixiSogc0qNFB4oGc5EC4PF67aTggmt+HJEhTnyDaBJLzkOVSjLTQXJCrT9AUpc5HjGMS0qZY4BJbM7WqPGSQjdpZsg6Eom9CvYafkkbAocw0dO2L0Sq5luzgd0ajcXVQuFRlFuy/svRervdCz+wjU/TxJGXuR7I8VV6ZMpPTomF9t9w+IVHpPoD+nJWX2w6gjwVP00ik6Gh/8Wj4qP00gGGuMD23lHxVXp5Isov6HG8me8o7MgiqbGfa2neu7UkW2M8ZhxVtjKuI1tpPs0A4nf2D5lT2+PBRocLYT6rnO5hoI8ch4FR2f6BtP0K20YtXaagAg151XOCRaKQrpOa5Qz4C7foHltjRvV1WwigCPtrOKKqmWwQSW4bkRVEg8lqJRVWiCGpOqv4LKI4KA0UhQo4DLAjgpyCsjkhMCvuE5abL4HNiHFQ5B4adId0YVdxfsRF6MLtxKoiJ0a7cT2Ij1AVs9RcCfIgauzgq48i4F25nKJ6itll1WIq5ZbtodVdkrwjy74lW0LGHOOFtSTuCiTgvIGyaRa2O5ZHkhzqAUqB1syKgcNKHvCUs1UI+BKVyzhlvZ9m2HV0ncWj5JKzXMFLUY8Ez9kYzmJJAf6XfJVj1J+Ggf6pp5wVl5bH2hgxxuEraV6tQ/wDtOvce5aFWshP1gLX1FN4awZ3oncCnFKOB5zUllDHREK25MjAgC7BeMckjWquQyjwOXE8ISig7J4qUjtw1z1OAbmRibkp2gu9hjxOu2hFqMj2yhV2BVcSMlG8BVcTt+R9WKuGRlj4rvedaBdvQJ2khu+mrgocvorvZK2xs3uHioyTukyRrIq0qFBP/ACDX2aI6HwKnLLKckQGxCvreKncy/clgm6ENGYa5VeWC5Y+GWMkN6LMmmR40QJ7ooFOMorJoLvuwDJraVzJWddqPsQsu+y+s9ha0fX1uCzJ3tsSnawlsYG5CcslN2RwC5SwQwqCXcm6rMgZx4MXt9dZjpPHk0nC8DQHc7v07ac1t6OxT+LNHp2oz8GYdxJ1WlhI2cHmLgkR4adwqqOS9su5jjC73T4LlKP2Vcv6Fjs73aNKh2w+wTtX2SPu+WlaZKFdH0zu4n45IDZXqysj9krkiMJRN/wBlJV/0MMZVlKL9lNogapyTtY4KvDCRHUUYRbIVjdxQVhjGI/R4tNN6h8EfEeIHHRpVdyXtEOUV7HC7JNcPmq96C8sh3RQouuX3aqe/D7KvUQ+jxu+Uew5d3YfZCvi/6GGKQey7wV1KD9kdyJY7P2Y4y4g1GQrz3pbVyxwmLam9NYRvrFEA0cV5q2WWYs3yTBBSwDHhSceXHCtOatB4aIfgde9iE0D4z7TSAeDtQfEBa2nm4vcgVU3Ce5HLrRYIos5ZWtpqC4V8FsQnZZ+MTblroRXLK2faCxx+q18h5AAHvJRo6S6fngQn1eHoBn20fpHDG0fiBcfIgJqHTV5k2I2dVsf4gT9qbUdHAdjG/OqOtDWheXULn7IJL8tZy6Z4H4SG/wC0BEWkr+gL1dj9kP8AE7SP+9Jn+Mqf01f0QtTZ6kxzb6tI/wC84040PxCj9LX9BFrbl/Ing2ntDSD1HU96MH4UQp6GEvYaPUr/ALLmzbcB2VosrHc4uqfB1fik59Ma5i2Fh1SxfkWlnvW7JR6zojwcKeYySktPqoPjlD9fVE/JbQbPQSDFHLibxFD5hLy1N0PMRmPUEx/8qx/+Q/2j9VX9dP8A6st+vKgwRR5yygck3/yWfihy/XwgvJHNtBZoxRjMZ51Ra+nXTeW8GTb1eH+yudtdL7LGAcKVTq6RU/LM+fVpekRP2rtB0LR3fuiR6TSvQF9UsIjtLaPfp3BX/baPoq+qXDW7R2iuchKl9Np+gkOq2R/JZCodrJm659tD8kCXSa2MPrP/AMTWbM27pmiQihJp/aSFgdQo7MsZNCvUd6OcG3h0XnZ+RWS5HlVKihcceXHC1XLycw2I5LSqlwLTRwT0k3ObPb5KerKelbyxk4gK8HV7iF7Lp9u+rjyIW7k8ZKH+HSYQ9zXNad5a6h79E7CyMnjdyAk3HyhwswGqO4qL5YLc34PSYRoqvBdJjDMFXJfAheOC5s7AzE3moOHxwB2hzXbV9nZIpYiNVzizk0yIhcdkfFI5ubXFv5SR8EN1pvksptE38Rm/8sn97v1Udmv6J7shHSuKMsr0kVb+22eq5W59kLb6EoVHJPA7CV3JHB4NPFTydwLiIXZZ2BwerKRVo6BsLJ9z2E/En5heW6ws2Hounf4jodkfVoXlLViRM/IRRCbwUEqpSkzsNiCQcQrOuS9FtrFqq4bIGtvNrTh9Y8BmU9RXa/CyUlQvMngEv2xxWqPBLEQQaxvcymB4zFCdxIAI3halLtp8poC61nKaZHdtrjMYY4YgQQ5mHHloQWiuW5KTsuhZuTC21Jrk5X6Qtm/ssvSxZ2ebNlPYdq6M8tacsty9X0/W96vEvJkWV7WZArQzkH4EXEnlxx4FccSwvoVK8kNcFzDG2RuEjMjI7wjqOUAlLayntNlMZIO5BlBoLCakiGiqWPUXHBDGq/L9EPglwq3KIymewqTuBQwrsEOcfTJBAeCvtf0Dd0VxkQwFQ4f0R30MdHxCjb/RdTT9ms2GkLcTDUVo4VFKgilRy6uq891aCb4N7pk0o4ydBuy3A1ZvH13ry99HsftjnktJp8LcSUrrcpYARr3PANdtgktTqucWx6gDJzhXWvsg7t51yXqND0lbd0gF+qjD4x8mmbs/ZwKdH31dXxqtT9upaxhGe9XZnyUt/XbJCwujq9poKe02poM94WRf0f5px8D2n1UZfl6LHZ662sZU0c7e73iNT2cAtvTaWNUfAlqNRKyzjwXb4wRSlQmJwU1yLp4Zjjc/2WZxb6kvWbXMtIGbK7xv7KheV6zS6mpLwadNu+OPY3aG52WuzyQuGUgq0+5K3NjvGgPGnNA0Gq2TTXgHdHKaPniWMtJByIJBHMGhHjXwXtYvMVJGeRqxB4qDhoXHBEUeVVaMWQ2Wt2TBuZrlpRMVieo8kl5ESEkDIj4I0oKURSu1xkUcZzWfjDNdPKTJsIXZLHS7NsJCNXSO7KAfBJfvNcfWSX021+ZYChsNB7svl+it++xXCgUfSJy8zM36QrqjssMfRtIL3kEkgmjWk0y0zwq1PUnqG4pYwS+n9jltsG9HVljtPSxSAlzMLmnFQ4TUEZ65gZ/iUanqU9LDcRDQV3vk2zdkYP8Al1Vmz/8AILX7Q3Ho1C+yZuyMJ3N/yS765e/aDftemXpjX7ERHQDxKsuuXfZR9NoT4yIy4+llAjIY2LqtfStaADBTLqgjxJok7NblLdy2PV1wpWURghjgC4YmuLX55E16zh359iE+coejLdHLLK2uMnRx1pjeAew0xeQKF06hSuwwN3wi5G7uqIBgypXdyGQA5U3L2uEopI8//JsNDlDRAr2qSGCXezC0t91xHnVc3k7/AEBbObQttZnDYpY+gldCelbhxlvtNzzaoJG7VmkbHcJG+dR81k9Yr30f6HND/kwBWc1y4heQ08vmN2R8s4PtzZRHbbS0Cn3rnU/N1vmvoGjnupTMefEjOpplTxVckkkTKlXislXLAYRuAR+FwBTeMllZbO3AanP60V4RErp5ZFaMIBpwRpPEQUFmWCljZXPis72zY8RSCejKqRyfQ9gcCF5GNaa4NyyUk+Qa2WeRxJBry0P7oFlcw0LIJGB9LULfs8BANWykOrX2ozr3tT/Rd8bJJiety+UUnohf/wBZI2po6E6Cpye3d3rQ6tUpUrIrpHydqjszDvd3inyWD+kix13NEv2BnPxVo6OKB/qGQ3jCyOJxDRWlBXich5lEnRCCzgtXY5yKh4MUIY3JzqNB4A1xHtwjxosyEt9kpvwhtx3yFtdiY2yyCgyaKciKUI4FE09jlNkSk3NJFZY5C2WEnQOwn+trmV8TVafT2leH1cc0s6PdxHRtpwXqHyebSwV90bNw2e0Wm0sLy+1OY6QOdVoLQQMI3alcSXRUHAAlwyOB0NPGm9Ky1tSs2Msq2wrpW8R4on6qv7I2MzG3l4NEUbAal8jfBuZPjhHekdfdGdTSHtDW+5kbYn1I+ty8aliY5csZOO+k6P8A6+Y8cB/+bV77p0c6ZGFZP5mPLU7ghywSw2cnXIK8IZBTuUUGRx00R9qiLdzcyWKPNVjHLKzu4JnkjJMqOBNy3cAM7sWQ7ylrrf4o0NPTtWWSWey1IHYld2ENL5SwXX8HPAoHdQz2WazZ3a+OUUJwvGo3V7NR8Fl26ZwfA3C5TXJqrNezXbwe9Ejp4TXy8i8pTi+DP+k+PprA8in3bmSZ60FWnCeNH7+aNptIq3lMDLVN/ExHoqY8Wsv6NxjwOY94ywH1mdauVS1W11TspW0vROMHydhZaowM+l/uWYldH+IzLtvnciT7XF/7PElFVly/9eQTrrf80C3jaGODWtrm4anKlD86eCV107NnyW0Z0ddalxLIk4rNGNzWk95oPl5rAg8VyY7HjLJZjjd0R9VoBf8Aiccw3sAz8FMZOqCa9g8eZgN6XeGua2PIluLfQOaRmBu1TlFzhibC0z3xaZpLhvKretlnR34JN7Ty3g8CF7DT3QvrTi+TEur7c3kvgUbH2CTXoitVoaxtSldVqo0Qcm/ASEHJmeM7qk11zXg7dTKU3P7NSNfAotBUK+ZLqKzaEtfG3EMw9pb8/Kqcouk0Eoi4z4J7vGiUn+eS1yzk5j6T2AW9+WrIj29WlfJfQ+jtPSI8trG42cGTawcFpbUBlKXskbHVSgEppiuj5q2EDbk/AhkA5lc5qPgvHTTn5I3Bztchy/VAnbJ8DlWnjXyyaz2MkZDJLt45YVz5+Jp7lugNGN40zH6pC+7PCNDT0Y+TCf4hy/xSuWO5MLIcT2BoLJCaVacjlq0/JbDjnhmKpbeUW1mvHDQTtdUaSs1/qG9BlTOv5LDQxDUwm8TE2nvGQwtYJxJE51cj1qtFQ1wOYzIPDqrqpqXrDOsr2f6ZDsbtA6yuc2gLJMNQcqEAgOHcaJiH/VC11aayzds2yjpm015OCc2S9oRlCMvxGnbaH3HdxBV1FIo6peg26b+jtL8LA4YczipxA3Lz3/kSXayjX6NFqxpmiY374ndhHxK8RL8NqN+X+MdZP9Wb84H+DVe5YUV/QP8AgevXK0xH8BA8RX5Jizmoin8WPfZ88bSWu0qNDyIORGehQNNrbKZYiTJKfDRBJtB0YwmZpPBjan+0VAW2uo6qccYx/wDQL9LWnkFl2hroyRx4voB80pbo7rvzkXioQIYr2e7VtB21p5KY9MXDbL9yITFbKkVJ7slddOiirs+ie32RkrRhJa5taVNQ7keB5q70sYLgmuySZLdbsgsW5bZl7uVwc/8AS3DS1xv9+EDva91fIhe36JPdRtPO6uKU8sxGJbCTFWsiGU7lOWXVUfYogeVRtl1tXgNgsB35ITePJzbXBZ2S6CdG15nIBL2aiMS1dFlhobBczW5uz5bklZe5vER6jSxhzIJt78LTSiB/7Eh2HEW2Zn7eE72UA7xm7RZy0trm0V7stxTFVqtXLFL9O6eUuAe2Xo7IVBwkdbOrhwdxRYtxf2AcFNcrBHaCHNa4UBOKoFaDgrS2vwsMrFSXDeURwZVO8aKN2OUFwnwzTWm7HtaJBR8Z0e3MZ50d7pTOn18Jy2t4YpqdHOtbocoDMfLzWg4JrKM6N8ovk1OxrAx9aesD+o+C8z16OauDd6RPNmX7OlxjfxC+eybUsG63yMhjwucfeIJ7aU+SvKzcVk+ALap5Y6GWvVBc099CP9pWpVDfXtJ02OUzPW29pJiWMJDNKjIu/ZOUaKEHloLOSiOs1iDRotBRFZWNhYYp4+imR2EKVt+jjwXNEJYDbFLuKHKPBdMsGCju0B3jkfh5rz+trxLIWLyjF+mFn/5n8pG9/UP6r0vQJfFox9bHLyc7s8DnnJehlLCyIuSRaxXYG65lAdv0CdgVDZKkIU7seQ1NUp8lvZ7A1o62fakrLnLwaEKIxfJc2WKo5JXa7JDakks+AimWWiasarjjBSvNjyZ7aO2YWkK2noy9zOvtwtqMT9q7VoYQjkuzECKFY6k4vg3nUpxwzMXpZgyQgHWp88loVT3Ixb69jwelqG9WuCg1zGI+sBw9UI7QCLWcEl02cyOLQCatdlSumZULbHhkSTlyizsck0HWifQ+03Vp4ihyKi3QxsWf/wBB066VcsBgvKCXKRpgk95oxRE8XM1b3IVV2o08kovdH+xiynTamLb4kXNxgseytC2uT2mrXA5a7uxD6hbDU1PHDK6TT2aa1Z5R0qxu6o5ZL59csSPQTRMQgryDzwRX5ZOlsr20zAxDtbmB8ls6KeGgcZbZoyF32bCNKLdyngvZLIeFYCRzTsZ672t/M4N+JVtr9HDYbUx/qPY78rmn4Fc8ona2T0VTiaytq4fWSrLhEx8lvIzrMH4B5lxWF1B8ha/DKP0nWHpLJE73JW17HMc340Wv/wCO2Ym8mN1FtQWDCQQhgoF6C2zc+DIy2QWi00OEanyXQgMU1bmG3XJQ0GZPigX4Q9XJbtqNTY7B7Tt6xrbsvETVqpwsyC3BN6ZbI5kCuxPiIyRCTd9mV4C4VMMPyYTayXrELcrjtgZNs90jKYuajcimGWV53o+N4a2mWeeda1yP7cklTSprJqXaiVcsFbeL8WF59Z+I9gFGinKuIo9aS4Qtc8rLGkHo67q0PI/R8kVywL7OMoJuz/UaQ8sPvN1bzUKG5clZz2cl/a5aUE4DSc2TRirJBxcBv7O8KlcrKpfZSXa1CXoEtVlrSoqD6rhmD2FPqULFlvkTmraZYSyiCy2iazurGat3t1B36cctQktRpVKLysD+n1eJLk7Rc0uJleIBHeKr59rIbZnopvKTLIJIHjlhdmGS0dM8AJ+TGujwuc2vqucO4OIHlReir5iiZFFtZfRgaGRn7x4rXexugd2k1p2diaqhufJDTRiLPZJZnVDXyHecyfE6Is7Yw4DV6aT+TNILt+yQGV9KimW9zjowHu+KXhJXPCZa6xVLwRXVf0+PrEODtWnRu/q7wj21xhAWqfcZtLDbAcxUHgf13pB2wzyGdMl4NC2YO6OmoGZ+AWJ1CcZeDoxcVyR7Uw4rFJyAd/a4FNdKm4TS+zO1scwZyy0yUBPBesissw4xy8FbZs+sdSjvwaLSrhj2zW7M3cMPSO1OnYsPX6jHxQ90/Sp/Jmic+lBx+CT08Od7HrrP4IaQiW3OXCLV1KPIHaHrW0dKjDJn6qblI59tDLicTzTreVgzF+RnVXag5YbRsoWkmprkBuaBnXjmk9O/iPatYeTxYJBZ2E+sDnliaAKYa788VKq6eHwVlFTikz1ifGyOU1rmRTxDMuZqqNtyCRjGMMYyANJjLa5HDXxTcZZEbKvOS2s9txsLcvynSvEJuDTMq6qUXuXgSymRhpGC9pOcdCa9wz7xmgXUqPyT5HKdRuW1nRtntii5glmDo8QqIzTGK0yJ9nKvPjRKzvlJbZBlpoqW5GkuuMNJaMgAAOwaLxPU/wDLg3V/jiixCy8ck5DbMMloULgWsMjeH+vKPxfEV+a9DRzAt9GB2lvJn2mUdECWuwkupo1oA8gE5GqTWUxmOorjxJEVivbG5rMFMRDRQ5VOQy0VJ0/bHY3xceC1vUFkDmyg0dQNxe+DiBBPIFB01b7uYi2slW6gbZ2yYiXHdkPmr9QswsAdHFeTa2KDgvP2zG5MvbLHRZ83uYtNthl4xYoJG8Y3jxaVq6V4nFmdqOYM4hekvV7V7WmOTEqXzz9DbG2rR4KZ8MYtl3JI6DdEfUaAvMap7rWzf06UKwuRvXdyy8NfNGw1BL7Ap7rMiPQ62nZgYnlQKy1716Gt/FGRL2c/vZmZ7SrexTHyKPozwRMBsGtfYo3mr2NcdKkCvisNWSieklRCb5GyWONtBgHVzblpnVWjZIG6oIjmibuaBXkFO6RHbj6AbVZmvIJ1bw4bwjQsaAW0qSAYLtlMzY4WlznuAaBqTwPLU9icrs9mVdQ84Z3HY/ZFlkaHvo+cgYjq1nEM88/gq23OXBSuiMeUXtskDWkn6+s0s0MpFPdTsQc7ifJeP6m/+Y01+EQ9Z3s4NgHVC0qFwLz8mHmlxTTH/wBjxXsOH5Lep4gWlxgrNoNlW2p3SxvDJCAHhw6r6CgOWhpQb9E1Ve4eSHBSKywbDTse1xlibhcCKFx0NeA4KZ3xkGjJRWDYXldEE7Oje9+tQ5paCCO0Hilq3OE8oHP5cAjLmbAWtY4ubQ0JFHc8VN+iT1ljY3pn8S8sUOVVh2zOlIsIW5oMHlgZMMtI6jvyn4FatHDj/sRt/BnBryZXCOa9vVLEcmEnhsOZBgDG76VKDKeWxip5kbO6X9QFYdsc2G8n/wAZJYX1aT+Ipm6PEUL0P5E7kGqGJjFksorbXvW3XyjOfkyt62DFi8VFj2sDt+LZSfw88vFd3hPuMuY3rKaPZponkZiHMKqeCLI5A3jcieQKe0CtHJGgsgrJYOrej7Zf7NH08o++kAyOscZzw/mOp7uaN4M+ye5mucVGSiXBn76teL7tu8pbUXxrXIeityfJNY4sLQF4vU2OyY9InIQYrkh+Ax78LCeAJ8FraeOcIVk+Tnstlngq5zCWuJOJubanM1O49q9DscfP0MKULFhE9ntgcFSMsrgq4k+MLnNeGUwwm2WYxsY4nN5FBwaQXZncTku1D7cMotT85YH2eKqwL73LyPbVBFvZ2Uas2x5YCTyFWcZq9KBSfATP6p7D8FqV+V/sUn+DOLsiBeDRevlLEMHnbeGT3hH12mlcv0QqXw0H00ss0Fyv6iFOvLybHc4CbI4Uc3mfPP5oe1yal9HOxRJYzUU3hddW65bkFqs3rDA7aE/p5bo5F7fjLBS2tlfBFmsoGsSRT9CeKB2gfaRC11Ehg3lLAZHOhyiFVmQa2ner1LPAOz7Ln0e3MLVasT844KPcNznVOBvZUV/pTcYqPkRssysHYZ5A0KfIov7KC8bxqKNqK80tfbGtZYxXU5vgDskJc6pXmtbq3Z5NNQUIls0LKzzkESRjNWrWZFZPglt4rGW+9hb4uAPzW5oYbrELSfsCvC8RC2lMcjhkzluc7yyXp7sSW3+hWPEsoZ9kY4DFGyuVeqNd+q8LqLZ12yin7NOt5SK2+CGtwgAV4ZfBNaPfZNZYV4UWytt16OnewOaG4MWld9KeFPNbeveIJA9HH+RdWBmQ7l5m9jFrLFJgMBNnam6UCkyeRlQRvII8clpULM0haz8GcanYWOLT6zSQe0ZFesxmKyeetw2xbfMMDTwJ/VUqg3JlaXiRY7O2uuR5I8qfRqqzCyy6kjHSF2+lDz5/XBBqg4pwYO+zPz9DS+hB3HVGsq3V7X6Oo1D3J+htqpSqT0cnFuDH9VHOJRKa0rQTEY7o+Svor5RbuxK+ZixYs9BbAjY9XcQEZHppat5qqXIfPBfbAXnPAJ3Nw9EcNQW5mTcA7dQVNM1bUajZjAnDTdyXJrIdqBMcLmODqH1aFppz3a8FEtXGMcv2ElomnwSQtxOz1PgOxef1V8pt/Q7CKrj/AGW9nioFj2Tb4BTlkmQyhNZm5pimPIOb4G3o8hraa1y8Ml6Dpq+aaFpvCKmz2OrsTjie45k57/ryXoXDiTFk+Symdme9fP8AUpyul/s1K1winngMmJx00b45lei6dptsVNlb7EltKS62VldyoPIKvU5MY0yxXk1kDKLzdkiJsnAVIrLKNh0Tck/XEXl5JG6rR0K3WoFP8Tk22NnMdsn91zg4f1NDj5k+K9jFQmko+Tzt9c4ybfgztqmxCgP/ACojDbLkHH0wzZ+2YTzBRG+cjy5iam0TnE125woe3dmgP8skVxc4bPomJ3Ii5WRWLcHhkb3ZEFKyqxPcjaptUq8FRbgRmEV5wUxueGVP2jkUPLL/AKaIj2rMTPQSWUA2kUNUeDyIWx2sEmlR4wSA91muusYLJGNMeKQ95oP8WhZF7bsNLSxysl1ctmo3FTN3kNw+aQ1NuXgO3waOwQUFSsm6x5F5z9BqWAsVoqrRWWQ3wHRMon6oYF5PIJeOZaO0/Jeg6VD2L3PAtmjAcFuW/jIAuZIDmaZJOjaaVJxHg3f8l43T6R26hv1k1d+yvLJryjDY6AZNFB3fXmvVxhGKwjOlNybkYq5pPvnjjRYXU4mzp/8AEbGArzdqwykgmLVdV5KSC2HJOwkAZJG5b3TaeNwvYznnpAnibagx+WONpFdDm5tPJPWdyMt0CYdqUdszI2y5XHrRGoOdP0KPHqCzifoDLp0cboFfZi6J3WFDXf8AJOOcbV8RTtSrfyNtZ5RLEWtIrSo5EDL9EFy28MiMcSyiO7rfiGFwo4ZdtF2Xki6jPyQW4VRksga57eAK0Mqr8DsZxa4APsw4KuxHYf2AytoVgo9O3kr7aUxV5Fb45iUNonplwWh/HJjuWHg6RZ7NlHHuayNv+Ir81522fykeg0/FaNTd8Wax7p8EzfBbxjJZ7lkVY8Cq6MckZCYYqJquGAUpE6bXgEAzZvPLL9V6jpkNkORSx8ixSlpT8oZiwcXyTXdZQwH3nGpPjQDl+qR0+nVKb+w9lu5YGXrF1D3I6/EEnhHOXP6K0dv0Fm62rfE1dHPjDNdY7TUBeXtr55GJxLBj0njaBaBryvXoWVpiefVaNSeJG4DetLRUztksLgBY0lkzt3XpaWP+8GInPn3EaheurhsSSE5cmR9LltElogc05iIg8R1zQH64JyvkBNGcui/5ITTVvA/IoF+ljMNVqZQ8G1sFogtbKEAngcnDsWRZ3dM/iacHXqF8gmy3Y6InA6rdwOo796JDqKl+YC3p7XMAa9rLn0gqCdabin6dRGXCYrKmcV8kDWa/2tIZJ4p/a8cCFlUW8ryWgna8VaQRxBVe76kUVEockGMK26H2W3z+imL8TK7wsLGGeqql6Ku2OTNa5IuXxZmrwJxCm8jIb67k/wDxaMKf5nXLKOt3N8gB8l5q/jLPQU/40ai7vVWLfwUsLCMVSmMgGwqCJM1QBSkEppJAhsjqAngjUQ7k1EhglMsxXPvXr6Y4ikJWcshjPxR2ULKAoE/JZHrWzEwhQSc42lsZJxN1H7oc4rGBiuWCssO0ZjoHgmmSyr+nqXKH4aqL8mjst9l7A9gyPPra+7x7Vl/o4xnifgPxOOYldLtlZ4XkWhk1a64AajkQaL0WkqrjDEDJvck+Rtr9JViA6kEsjuBAYOVSSSPBORqfsA7Fg5zf17m1TOlcxrK0DWNzDWjdXfqTXmjxjhAtxXOi4eCnBUdZrS6M1aSCEOdcZeUEhNx8GwuPbIZNmy/Fr4rH1XTs8xNPT6/HDNlZ5Y5W1aQ5p71kONtL+jSi4Wr7M5tFssXguhOfun5Fa+k6sktszP1Ogy8w8mM+0T2V+E1aeB0P1yWwnC2OUzOlvreJIK/maT3W+LkPsojvR+iwjno6h3pDbk2XLbMDtrtQi1LkvdL4F3s7s+IgLTO3rnOJjvZ4SEceHLmmrPGDGS5yaKKT7wn3qHxC83qY4TN+mWYI0t2uyWPqFyDsLSznNArQvPwGxlNQYBj1fzLBUgkfU03D4rd0Om28sHNjLSMgPNblYrIGoiMoFWN2aHNFkGoRYyN5wUcWnmrTWUWgzMXjdTHVyzzS8ZNPAZxWDFWG+5IJXYTVuIgtOhoaZcDkr36WN0f7BVamVUuPBro7VZ7YzC4CtNDqDyKydtmmfHg1O5XqFzwzKX1su+Kro+s3hvAWpptcrFtYhqNG4fJGdWghFpjgVxBI1oOq4jJHLHQ8VGMHLARdt5ywurG4jiNx7UvbRCxcoPXdOHg3NybZMloyUYHcfZPesPUdN2/KKNfT9QT4Zd2+7Yp20e0OG48OdUnXdOiXxfI1OmFqyyk/kiD3n+I/ROfuuo+hf9DX9GatTqZrTq8FdSsLJfbJXSJ39NIKxRag6OeB1W8xo4+G9FjHaLTuzHBc3zaC92tV0nkWjlEMEuh934H91m6qjPJqaW5eGaO7rUsK6pjclnwXENpFapNVtci7ryFx2kbkemqy54SwLzSXsIAcRUre0/Tu1+fLFnM8xmfzWnGGATkRWvX5JyACQM0q2SEGWVDkWC2lCZKKO/IutXkiLmJ3gz04AqeGfhmlWsSGM/E410mIknea+OafisCMvIVBaS0ggkEb1WyuMlydGxxeTZXJtK14Ec9AdA7cVjanRuL3Vmtp9WprbM9f2zDZRjioHa5aO+uK7Ta2UXts9F9RpIyWYGFtVmfG7C9pBWzC2MllMyZVuPojDkUF5Ee6qqSkGXTdjp34GEB1CRXTQnu0QLblWssNXU58IivCwSQuwyMLT5HmCpqujbHKK2VTreGWdybUSwEAnGzgTmOwpTU6GFv48MZ0+tlXwzUfzzD7rvD9kj+y2f8AYd/c4fRnTA6RzWNFXPIaO0mgT1QfUx3Q4N+9sdnhZZ2uAwDM1AJec3OI5nsRZyeDJgluwDxWXF1hnXPLh4paNmXhjE4YWUERWL63Irw1hg4tp5QZFYaaEjlqEpbo4y8DUNW1wyws9mPEnyCFHp0Fy0Vs1jfCL+yWMAAkUpw3rQhVGCwkJym5PkJe+uiIkV8CUoFdIq2V9qkz+s0ZIqQmUAZ5KTgqF2X1RDZYLYclRnFfewrnw4K8PBzM7a7OHBw3OBFRrnl45pZv5cjDXHBxS02cxvcx2rCWntCfTyhKS5GBykoTtcqtZOLe6NoZIMq1b7pr5JLUaKFiyOUauVbNdE+zW1lCATvHtDmFktXaZ59GmpVahf2Y6/tnHwEuHWZx3jtWvpNbG1YZnX6SVbyURTr4Yn4L7Yt1J66Ua75D5pDqCzWkxzQvE2yw2vtNXx1o4YTXvcqdOilFonqT3NMzc1j3tzHDf+60mjPU8eQboncD5qm0ndE6DshYS50ktadG2jXUrR78q9obX+5IR4N7VSaW1Bst3OkkxPc1x4mJtdchWtdKhDnbl4QvCv2ay5LqewddwcDSjQ3DhpWu88kauteQFtjbwi1N1NKLtBbmPjukca937qNpO4NhswbnRSVGyvqaIWW2GwkicxAUrruKKkCbI5ZKAokUUZTPkJPejeiCGV3W7FBwdZRl2ocixY4MlRnAdsZ1TVXgcynnjSGoe2WR2lbonLPSPYsFobIBlIzP8zcj4jCtCiW6IlcsMygKMBZLG9SRglfHUVHeqtEZGWe0vjIc0kEcEOdcZrDCQsaeUbe5Nq45R0c9ATkHey7jXgsXUaKVfyrNajWKfxmZjauyxxWhzY8m0B4jMVy8Vp6Scp1fLyZ+ojFWPBLsn67+Tfif2VNbzFFtGnuZJtU7rs/Kf9ynQ+GTq+cFZBaDRPoQcSf7WeKngrsOi7LMAsmW97q88mjNY78G9d+QdZh1x2/NLR/IK/xNfFqtKPgyn5YYNFcgnZooOGz/ACUS8EryDWMdbuQI+Q0vATIdUxEXYBbDkUWPkgrRqiMggGqj0R7LqyjPuQmWCmblUsRytGff8FeJVlVa2hZms8j+l8HP/SXGDBGSMw/I9oNfgE9o/ArqfJzVN+xVjmhScE2N2augU/DH3jGAchwVJnVAYCrJJxCxbUh0ridTXIaqkUl4LTeZF3smM5OxvzSuu8IZ0nlntq/XZ+U/7lOh8M7V+UULSnhNjqriD//Z');
INSERT INTO APP_USER_INFO (USER_ID,SYS_EMBD_YN,USER_EMAL,USER_PASS,USER_NAME,USER_NICK,USER_STAT,USER_LANG,USER_PHOT) VALUES ('user','N','user@oopscraft.net','$2a$10$Hqgc3xKW2.4kRJ5UYULfvOCKjvmxGOhRrjK3R/qJoU5cjfwzP4L2q','Tester','Tester','ACTIVE','ko','data:image/jpeg;base64,/9j/4AAQSkZJRgABAQAAAQABAAD/2wCEAAkGBxMTEhUTExMWFhUVGBUXFxcVFRUVFRUVFxUWFhUVFxUYHSggGBolGxUVITEhJSkrLi4uFx8zODMtNygtLisBCgoKDg0OGhAQGi0dHx8tLS0tLS0tLS0tLS0tLS0tLS0tLS0tLS0tLS0tLS0tLS0tLS0tLS0tLS0tLS0tLS0tLf/AABEIAPsAyQMBEQACEQEDEQH/xAAcAAABBQEBAQAAAAAAAAAAAAAEAQIDBQYHAAj/xABCEAABAwEFBAYHBgUDBQEAAAABAAIDEQQFEiExBkFRYRMicYGRoQcyQlKxwfAUI2Jy0eEVFoKSojOy8SRDU2OjNP/EABsBAAIDAQEBAAAAAAAAAAAAAAMEAQIFAAYH/8QALxEAAgIBAwQCAQQCAgIDAAAAAAECAxEEEiEFEzFBIlEyFBVCYTNxI1IGQ2KB8f/aAAwDAQACEQMRAD8ABjewbgsHDPor3MnbaW7gF2GDcGefbAF2MkqtkRt/NTsLdoY63lT2yVQQvtjjvKlQCdrH9jRaSu2ndtfQx8pOqttwTswKyUjeucWznHPkKitfFDcGBdYPLIK6K0YhYw4I3uqr4JwNXcFsiLsHZHBQSewrjj1FxDWUJhXZKbBMCncQ68nuiCneV/Tx9iiMKN5dUwPYAuyW7aFooy2TjAtFBJ7CuydlHsK7J2UNVnhe0Dx/YTZbDJJ6rHHu/VBnfCPllJXQh5ZZwbL2h3s07SErPqNURaXUaolhBsW/2nAd4Ssurx9IBLqkfSDIdkIx6zhu9rxQJdTm/EQEupTb4RIdl7KNZP8AIIS6jqG+IlP1978Ib/ALCPb/AMl367Uv+JP63UkR2fsZ0e4V0Nf2RVrNR9Fv1WoXoR2y1mIylPiM1P7hev4krXXLhxB5tmo9GuPac/rcmI6+b8oNHWy9oHfso8+o4HyRF1BLyE/cEvJC3ZeYes3LtCn9xrfgt+4VvwKbgG4lWWrJWrBrRcbx6rT8URaqPsJHUx9gsl3yD2T4Iyviwq1EGDmMjUFX3oIpxY1Tktk8pRwqkkRQ2kQ2kTRWVztAqOyKBysiiwguf3nHuyS8tT9C89VjwGR3TGN1e0oL1EmBlqJMIZY4x7I8EN2yBO2T9kv2dnAKO5L7K9yX2J9lZ7oXdyR3cl9g8NuLcmsjb/SFd1Z9l3Un7JP4hIfaI7MlXsL7K9mKHMtUnvHxVHVD6I2Q8YI3zPO8q8a4IlVpDCH81bZEtwhvQOKtnHgncl5FFmdxU7zt8foU2Zyrvi/RG5MQRkLuDviK1x4qMfZOF9BdnlcN6BOqL9AZwi/Qcy3vpql3REA6ojXzk96soYL7MIey0UGgKhwK7CGaQHdREipItFNDGhntA91FaUp+i0pT9EVos0J9UHvophZNeS0LLEuQR9kj91GVkgyskQvszB7IRVOTL9yX2IA0aALssspM8xxKh/2dJZJ42OPFDbiCzFeQiKI70OUkDlJPwS4aKm5ZKZG1PBW4OHUK7g4EbZhvRtzDOWR4wBQ8srljxKPdUEYbGulHBSkTs/sQ2nkpwyNrHNtPJRjB2B4nHBQyMD+lHNVyVwxHOBUkrJAWb12S25jw0qrZDZK0KrwUHKhx4lWSOwRPkorxiy8YsHdOr7GEUBjplfYi2wTFVdtSJwkFw2IkVNAOaE7WuEClbzhHnRwgZvFVCdj8IpvkDS3vBGDkCRwRVpLZkSy/LBJtro9zKc/gjQ6ZP2wSaXsHbtaNQ1EfTWW3RkSHa4EerVVXTnk7hckcW1Ar1mZclaWgeOCyaYV/MsfD68EP9CyeCYOQ3gYwh4UZRVkjAhtojgdgXbiNw3oVO87cK2FQ5ZOchwjUEbj2NdgnB7GF2DsEjSqtlWPVMsqeXeTsDS8LtjJ2kb5AixiSogc0qNFB4oGc5EC4PF67aTggmt+HJEhTnyDaBJLzkOVSjLTQXJCrT9AUpc5HjGMS0qZY4BJbM7WqPGSQjdpZsg6Eom9CvYafkkbAocw0dO2L0Sq5luzgd0ajcXVQuFRlFuy/svRervdCz+wjU/TxJGXuR7I8VV6ZMpPTomF9t9w+IVHpPoD+nJWX2w6gjwVP00ik6Gh/8Wj4qP00gGGuMD23lHxVXp5Isov6HG8me8o7MgiqbGfa2neu7UkW2M8ZhxVtjKuI1tpPs0A4nf2D5lT2+PBRocLYT6rnO5hoI8ch4FR2f6BtP0K20YtXaagAg151XOCRaKQrpOa5Qz4C7foHltjRvV1WwigCPtrOKKqmWwQSW4bkRVEg8lqJRVWiCGpOqv4LKI4KA0UhQo4DLAjgpyCsjkhMCvuE5abL4HNiHFQ5B4adId0YVdxfsRF6MLtxKoiJ0a7cT2Ij1AVs9RcCfIgauzgq48i4F25nKJ6itll1WIq5ZbtodVdkrwjy74lW0LGHOOFtSTuCiTgvIGyaRa2O5ZHkhzqAUqB1syKgcNKHvCUs1UI+BKVyzhlvZ9m2HV0ncWj5JKzXMFLUY8Ez9kYzmJJAf6XfJVj1J+Ggf6pp5wVl5bH2hgxxuEraV6tQ/wDtOvce5aFWshP1gLX1FN4awZ3oncCnFKOB5zUllDHREK25MjAgC7BeMckjWquQyjwOXE8ISig7J4qUjtw1z1OAbmRibkp2gu9hjxOu2hFqMj2yhV2BVcSMlG8BVcTt+R9WKuGRlj4rvedaBdvQJ2khu+mrgocvorvZK2xs3uHioyTukyRrIq0qFBP/ACDX2aI6HwKnLLKckQGxCvreKncy/clgm6ENGYa5VeWC5Y+GWMkN6LMmmR40QJ7ooFOMorJoLvuwDJraVzJWddqPsQsu+y+s9ha0fX1uCzJ3tsSnawlsYG5CcslN2RwC5SwQwqCXcm6rMgZx4MXt9dZjpPHk0nC8DQHc7v07ac1t6OxT+LNHp2oz8GYdxJ1WlhI2cHmLgkR4adwqqOS9su5jjC73T4LlKP2Vcv6Fjs73aNKh2w+wTtX2SPu+WlaZKFdH0zu4n45IDZXqysj9krkiMJRN/wBlJV/0MMZVlKL9lNogapyTtY4KvDCRHUUYRbIVjdxQVhjGI/R4tNN6h8EfEeIHHRpVdyXtEOUV7HC7JNcPmq96C8sh3RQouuX3aqe/D7KvUQ+jxu+Uew5d3YfZCvi/6GGKQey7wV1KD9kdyJY7P2Y4y4g1GQrz3pbVyxwmLam9NYRvrFEA0cV5q2WWYs3yTBBSwDHhSceXHCtOatB4aIfgde9iE0D4z7TSAeDtQfEBa2nm4vcgVU3Ce5HLrRYIos5ZWtpqC4V8FsQnZZ+MTblroRXLK2faCxx+q18h5AAHvJRo6S6fngQn1eHoBn20fpHDG0fiBcfIgJqHTV5k2I2dVsf4gT9qbUdHAdjG/OqOtDWheXULn7IJL8tZy6Z4H4SG/wC0BEWkr+gL1dj9kP8AE7SP+9Jn+Mqf01f0QtTZ6kxzb6tI/wC84040PxCj9LX9BFrbl/Ing2ntDSD1HU96MH4UQp6GEvYaPUr/ALLmzbcB2VosrHc4uqfB1fik59Ma5i2Fh1SxfkWlnvW7JR6zojwcKeYySktPqoPjlD9fVE/JbQbPQSDFHLibxFD5hLy1N0PMRmPUEx/8qx/+Q/2j9VX9dP8A6st+vKgwRR5yygck3/yWfihy/XwgvJHNtBZoxRjMZ51Ra+nXTeW8GTb1eH+yudtdL7LGAcKVTq6RU/LM+fVpekRP2rtB0LR3fuiR6TSvQF9UsIjtLaPfp3BX/baPoq+qXDW7R2iuchKl9Np+gkOq2R/JZCodrJm659tD8kCXSa2MPrP/AMTWbM27pmiQihJp/aSFgdQo7MsZNCvUd6OcG3h0XnZ+RWS5HlVKihcceXHC1XLycw2I5LSqlwLTRwT0k3ObPb5KerKelbyxk4gK8HV7iF7Lp9u+rjyIW7k8ZKH+HSYQ9zXNad5a6h79E7CyMnjdyAk3HyhwswGqO4qL5YLc34PSYRoqvBdJjDMFXJfAheOC5s7AzE3moOHxwB2hzXbV9nZIpYiNVzizk0yIhcdkfFI5ubXFv5SR8EN1pvksptE38Rm/8sn97v1Udmv6J7shHSuKMsr0kVb+22eq5W59kLb6EoVHJPA7CV3JHB4NPFTydwLiIXZZ2BwerKRVo6BsLJ9z2E/En5heW6ws2Hounf4jodkfVoXlLViRM/IRRCbwUEqpSkzsNiCQcQrOuS9FtrFqq4bIGtvNrTh9Y8BmU9RXa/CyUlQvMngEv2xxWqPBLEQQaxvcymB4zFCdxIAI3halLtp8poC61nKaZHdtrjMYY4YgQQ5mHHloQWiuW5KTsuhZuTC21Jrk5X6Qtm/ssvSxZ2ebNlPYdq6M8tacsty9X0/W96vEvJkWV7WZArQzkH4EXEnlxx4FccSwvoVK8kNcFzDG2RuEjMjI7wjqOUAlLayntNlMZIO5BlBoLCakiGiqWPUXHBDGq/L9EPglwq3KIymewqTuBQwrsEOcfTJBAeCvtf0Dd0VxkQwFQ4f0R30MdHxCjb/RdTT9ms2GkLcTDUVo4VFKgilRy6uq891aCb4N7pk0o4ydBuy3A1ZvH13ry99HsftjnktJp8LcSUrrcpYARr3PANdtgktTqucWx6gDJzhXWvsg7t51yXqND0lbd0gF+qjD4x8mmbs/ZwKdH31dXxqtT9upaxhGe9XZnyUt/XbJCwujq9poKe02poM94WRf0f5px8D2n1UZfl6LHZ662sZU0c7e73iNT2cAtvTaWNUfAlqNRKyzjwXb4wRSlQmJwU1yLp4Zjjc/2WZxb6kvWbXMtIGbK7xv7KheV6zS6mpLwadNu+OPY3aG52WuzyQuGUgq0+5K3NjvGgPGnNA0Gq2TTXgHdHKaPniWMtJByIJBHMGhHjXwXtYvMVJGeRqxB4qDhoXHBEUeVVaMWQ2Wt2TBuZrlpRMVieo8kl5ESEkDIj4I0oKURSu1xkUcZzWfjDNdPKTJsIXZLHS7NsJCNXSO7KAfBJfvNcfWSX021+ZYChsNB7svl+it++xXCgUfSJy8zM36QrqjssMfRtIL3kEkgmjWk0y0zwq1PUnqG4pYwS+n9jltsG9HVljtPSxSAlzMLmnFQ4TUEZ65gZ/iUanqU9LDcRDQV3vk2zdkYP8Al1Vmz/8AILX7Q3Ho1C+yZuyMJ3N/yS765e/aDftemXpjX7ERHQDxKsuuXfZR9NoT4yIy4+llAjIY2LqtfStaADBTLqgjxJok7NblLdy2PV1wpWURghjgC4YmuLX55E16zh359iE+coejLdHLLK2uMnRx1pjeAew0xeQKF06hSuwwN3wi5G7uqIBgypXdyGQA5U3L2uEopI8//JsNDlDRAr2qSGCXezC0t91xHnVc3k7/AEBbObQttZnDYpY+gldCelbhxlvtNzzaoJG7VmkbHcJG+dR81k9Yr30f6HND/kwBWc1y4heQ08vmN2R8s4PtzZRHbbS0Cn3rnU/N1vmvoGjnupTMefEjOpplTxVckkkTKlXislXLAYRuAR+FwBTeMllZbO3AanP60V4RErp5ZFaMIBpwRpPEQUFmWCljZXPis72zY8RSCejKqRyfQ9gcCF5GNaa4NyyUk+Qa2WeRxJBry0P7oFlcw0LIJGB9LULfs8BANWykOrX2ozr3tT/Rd8bJJiety+UUnohf/wBZI2po6E6Cpye3d3rQ6tUpUrIrpHydqjszDvd3inyWD+kix13NEv2BnPxVo6OKB/qGQ3jCyOJxDRWlBXich5lEnRCCzgtXY5yKh4MUIY3JzqNB4A1xHtwjxosyEt9kpvwhtx3yFtdiY2yyCgyaKciKUI4FE09jlNkSk3NJFZY5C2WEnQOwn+trmV8TVafT2leH1cc0s6PdxHRtpwXqHyebSwV90bNw2e0Wm0sLy+1OY6QOdVoLQQMI3alcSXRUHAAlwyOB0NPGm9Ky1tSs2Msq2wrpW8R4on6qv7I2MzG3l4NEUbAal8jfBuZPjhHekdfdGdTSHtDW+5kbYn1I+ty8aliY5csZOO+k6P8A6+Y8cB/+bV77p0c6ZGFZP5mPLU7ghywSw2cnXIK8IZBTuUUGRx00R9qiLdzcyWKPNVjHLKzu4JnkjJMqOBNy3cAM7sWQ7ylrrf4o0NPTtWWSWey1IHYld2ENL5SwXX8HPAoHdQz2WazZ3a+OUUJwvGo3V7NR8Fl26ZwfA3C5TXJqrNezXbwe9Ejp4TXy8i8pTi+DP+k+PprA8in3bmSZ60FWnCeNH7+aNptIq3lMDLVN/ExHoqY8Wsv6NxjwOY94ywH1mdauVS1W11TspW0vROMHydhZaowM+l/uWYldH+IzLtvnciT7XF/7PElFVly/9eQTrrf80C3jaGODWtrm4anKlD86eCV107NnyW0Z0ddalxLIk4rNGNzWk95oPl5rAg8VyY7HjLJZjjd0R9VoBf8Aiccw3sAz8FMZOqCa9g8eZgN6XeGua2PIluLfQOaRmBu1TlFzhibC0z3xaZpLhvKretlnR34JN7Ty3g8CF7DT3QvrTi+TEur7c3kvgUbH2CTXoitVoaxtSldVqo0Qcm/ASEHJmeM7qk11zXg7dTKU3P7NSNfAotBUK+ZLqKzaEtfG3EMw9pb8/Kqcouk0Eoi4z4J7vGiUn+eS1yzk5j6T2AW9+WrIj29WlfJfQ+jtPSI8trG42cGTawcFpbUBlKXskbHVSgEppiuj5q2EDbk/AhkA5lc5qPgvHTTn5I3Bztchy/VAnbJ8DlWnjXyyaz2MkZDJLt45YVz5+Jp7lugNGN40zH6pC+7PCNDT0Y+TCf4hy/xSuWO5MLIcT2BoLJCaVacjlq0/JbDjnhmKpbeUW1mvHDQTtdUaSs1/qG9BlTOv5LDQxDUwm8TE2nvGQwtYJxJE51cj1qtFQ1wOYzIPDqrqpqXrDOsr2f6ZDsbtA6yuc2gLJMNQcqEAgOHcaJiH/VC11aayzds2yjpm015OCc2S9oRlCMvxGnbaH3HdxBV1FIo6peg26b+jtL8LA4YczipxA3Lz3/kSXayjX6NFqxpmiY374ndhHxK8RL8NqN+X+MdZP9Wb84H+DVe5YUV/QP8AgevXK0xH8BA8RX5Jizmoin8WPfZ88bSWu0qNDyIORGehQNNrbKZYiTJKfDRBJtB0YwmZpPBjan+0VAW2uo6qccYx/wDQL9LWnkFl2hroyRx4voB80pbo7rvzkXioQIYr2e7VtB21p5KY9MXDbL9yITFbKkVJ7slddOiirs+ie32RkrRhJa5taVNQ7keB5q70sYLgmuySZLdbsgsW5bZl7uVwc/8AS3DS1xv9+EDva91fIhe36JPdRtPO6uKU8sxGJbCTFWsiGU7lOWXVUfYogeVRtl1tXgNgsB35ITePJzbXBZ2S6CdG15nIBL2aiMS1dFlhobBczW5uz5bklZe5vER6jSxhzIJt78LTSiB/7Eh2HEW2Zn7eE72UA7xm7RZy0trm0V7stxTFVqtXLFL9O6eUuAe2Xo7IVBwkdbOrhwdxRYtxf2AcFNcrBHaCHNa4UBOKoFaDgrS2vwsMrFSXDeURwZVO8aKN2OUFwnwzTWm7HtaJBR8Z0e3MZ50d7pTOn18Jy2t4YpqdHOtbocoDMfLzWg4JrKM6N8ovk1OxrAx9aesD+o+C8z16OauDd6RPNmX7OlxjfxC+eybUsG63yMhjwucfeIJ7aU+SvKzcVk+ALap5Y6GWvVBc099CP9pWpVDfXtJ02OUzPW29pJiWMJDNKjIu/ZOUaKEHloLOSiOs1iDRotBRFZWNhYYp4+imR2EKVt+jjwXNEJYDbFLuKHKPBdMsGCju0B3jkfh5rz+trxLIWLyjF+mFn/5n8pG9/UP6r0vQJfFox9bHLyc7s8DnnJehlLCyIuSRaxXYG65lAdv0CdgVDZKkIU7seQ1NUp8lvZ7A1o62fakrLnLwaEKIxfJc2WKo5JXa7JDakks+AimWWiasarjjBSvNjyZ7aO2YWkK2noy9zOvtwtqMT9q7VoYQjkuzECKFY6k4vg3nUpxwzMXpZgyQgHWp88loVT3Ixb69jwelqG9WuCg1zGI+sBw9UI7QCLWcEl02cyOLQCatdlSumZULbHhkSTlyizsck0HWifQ+03Vp4ihyKi3QxsWf/wBB066VcsBgvKCXKRpgk95oxRE8XM1b3IVV2o08kovdH+xiynTamLb4kXNxgseytC2uT2mrXA5a7uxD6hbDU1PHDK6TT2aa1Z5R0qxu6o5ZL59csSPQTRMQgryDzwRX5ZOlsr20zAxDtbmB8ls6KeGgcZbZoyF32bCNKLdyngvZLIeFYCRzTsZ672t/M4N+JVtr9HDYbUx/qPY78rmn4Fc8ona2T0VTiaytq4fWSrLhEx8lvIzrMH4B5lxWF1B8ha/DKP0nWHpLJE73JW17HMc340Wv/wCO2Ym8mN1FtQWDCQQhgoF6C2zc+DIy2QWi00OEanyXQgMU1bmG3XJQ0GZPigX4Q9XJbtqNTY7B7Tt6xrbsvETVqpwsyC3BN6ZbI5kCuxPiIyRCTd9mV4C4VMMPyYTayXrELcrjtgZNs90jKYuajcimGWV53o+N4a2mWeeda1yP7cklTSprJqXaiVcsFbeL8WF59Z+I9gFGinKuIo9aS4Qtc8rLGkHo67q0PI/R8kVywL7OMoJuz/UaQ8sPvN1bzUKG5clZz2cl/a5aUE4DSc2TRirJBxcBv7O8KlcrKpfZSXa1CXoEtVlrSoqD6rhmD2FPqULFlvkTmraZYSyiCy2iazurGat3t1B36cctQktRpVKLysD+n1eJLk7Rc0uJleIBHeKr59rIbZnopvKTLIJIHjlhdmGS0dM8AJ+TGujwuc2vqucO4OIHlReir5iiZFFtZfRgaGRn7x4rXexugd2k1p2diaqhufJDTRiLPZJZnVDXyHecyfE6Is7Yw4DV6aT+TNILt+yQGV9KimW9zjowHu+KXhJXPCZa6xVLwRXVf0+PrEODtWnRu/q7wj21xhAWqfcZtLDbAcxUHgf13pB2wzyGdMl4NC2YO6OmoGZ+AWJ1CcZeDoxcVyR7Uw4rFJyAd/a4FNdKm4TS+zO1scwZyy0yUBPBesissw4xy8FbZs+sdSjvwaLSrhj2zW7M3cMPSO1OnYsPX6jHxQ90/Sp/Jmic+lBx+CT08Od7HrrP4IaQiW3OXCLV1KPIHaHrW0dKjDJn6qblI59tDLicTzTreVgzF+RnVXag5YbRsoWkmprkBuaBnXjmk9O/iPatYeTxYJBZ2E+sDnliaAKYa788VKq6eHwVlFTikz1ifGyOU1rmRTxDMuZqqNtyCRjGMMYyANJjLa5HDXxTcZZEbKvOS2s9txsLcvynSvEJuDTMq6qUXuXgSymRhpGC9pOcdCa9wz7xmgXUqPyT5HKdRuW1nRtntii5glmDo8QqIzTGK0yJ9nKvPjRKzvlJbZBlpoqW5GkuuMNJaMgAAOwaLxPU/wDLg3V/jiixCy8ck5DbMMloULgWsMjeH+vKPxfEV+a9DRzAt9GB2lvJn2mUdECWuwkupo1oA8gE5GqTWUxmOorjxJEVivbG5rMFMRDRQ5VOQy0VJ0/bHY3xceC1vUFkDmyg0dQNxe+DiBBPIFB01b7uYi2slW6gbZ2yYiXHdkPmr9QswsAdHFeTa2KDgvP2zG5MvbLHRZ83uYtNthl4xYoJG8Y3jxaVq6V4nFmdqOYM4hekvV7V7WmOTEqXzz9DbG2rR4KZ8MYtl3JI6DdEfUaAvMap7rWzf06UKwuRvXdyy8NfNGw1BL7Ap7rMiPQ62nZgYnlQKy1716Gt/FGRL2c/vZmZ7SrexTHyKPozwRMBsGtfYo3mr2NcdKkCvisNWSieklRCb5GyWONtBgHVzblpnVWjZIG6oIjmibuaBXkFO6RHbj6AbVZmvIJ1bw4bwjQsaAW0qSAYLtlMzY4WlznuAaBqTwPLU9icrs9mVdQ84Z3HY/ZFlkaHvo+cgYjq1nEM88/gq23OXBSuiMeUXtskDWkn6+s0s0MpFPdTsQc7ifJeP6m/+Y01+EQ9Z3s4NgHVC0qFwLz8mHmlxTTH/wBjxXsOH5Lep4gWlxgrNoNlW2p3SxvDJCAHhw6r6CgOWhpQb9E1Ve4eSHBSKywbDTse1xlibhcCKFx0NeA4KZ3xkGjJRWDYXldEE7Oje9+tQ5paCCO0Hilq3OE8oHP5cAjLmbAWtY4ubQ0JFHc8VN+iT1ljY3pn8S8sUOVVh2zOlIsIW5oMHlgZMMtI6jvyn4FatHDj/sRt/BnBryZXCOa9vVLEcmEnhsOZBgDG76VKDKeWxip5kbO6X9QFYdsc2G8n/wAZJYX1aT+Ipm6PEUL0P5E7kGqGJjFksorbXvW3XyjOfkyt62DFi8VFj2sDt+LZSfw88vFd3hPuMuY3rKaPZponkZiHMKqeCLI5A3jcieQKe0CtHJGgsgrJYOrej7Zf7NH08o++kAyOscZzw/mOp7uaN4M+ye5mucVGSiXBn76teL7tu8pbUXxrXIeityfJNY4sLQF4vU2OyY9InIQYrkh+Ax78LCeAJ8FraeOcIVk+Tnstlngq5zCWuJOJubanM1O49q9DscfP0MKULFhE9ntgcFSMsrgq4k+MLnNeGUwwm2WYxsY4nN5FBwaQXZncTku1D7cMotT85YH2eKqwL73LyPbVBFvZ2Uas2x5YCTyFWcZq9KBSfATP6p7D8FqV+V/sUn+DOLsiBeDRevlLEMHnbeGT3hH12mlcv0QqXw0H00ss0Fyv6iFOvLybHc4CbI4Uc3mfPP5oe1yal9HOxRJYzUU3hddW65bkFqs3rDA7aE/p5bo5F7fjLBS2tlfBFmsoGsSRT9CeKB2gfaRC11Ehg3lLAZHOhyiFVmQa2ner1LPAOz7Ln0e3MLVasT844KPcNznVOBvZUV/pTcYqPkRssysHYZ5A0KfIov7KC8bxqKNqK80tfbGtZYxXU5vgDskJc6pXmtbq3Z5NNQUIls0LKzzkESRjNWrWZFZPglt4rGW+9hb4uAPzW5oYbrELSfsCvC8RC2lMcjhkzluc7yyXp7sSW3+hWPEsoZ9kY4DFGyuVeqNd+q8LqLZ12yin7NOt5SK2+CGtwgAV4ZfBNaPfZNZYV4UWytt16OnewOaG4MWld9KeFPNbeveIJA9HH+RdWBmQ7l5m9jFrLFJgMBNnam6UCkyeRlQRvII8clpULM0haz8GcanYWOLT6zSQe0ZFesxmKyeetw2xbfMMDTwJ/VUqg3JlaXiRY7O2uuR5I8qfRqqzCyy6kjHSF2+lDz5/XBBqg4pwYO+zPz9DS+hB3HVGsq3V7X6Oo1D3J+htqpSqT0cnFuDH9VHOJRKa0rQTEY7o+Svor5RbuxK+ZixYs9BbAjY9XcQEZHppat5qqXIfPBfbAXnPAJ3Nw9EcNQW5mTcA7dQVNM1bUajZjAnDTdyXJrIdqBMcLmODqH1aFppz3a8FEtXGMcv2ElomnwSQtxOz1PgOxef1V8pt/Q7CKrj/AGW9nioFj2Tb4BTlkmQyhNZm5pimPIOb4G3o8hraa1y8Ml6Dpq+aaFpvCKmz2OrsTjie45k57/ryXoXDiTFk+Symdme9fP8AUpyul/s1K1winngMmJx00b45lei6dptsVNlb7EltKS62VldyoPIKvU5MY0yxXk1kDKLzdkiJsnAVIrLKNh0Tck/XEXl5JG6rR0K3WoFP8Tk22NnMdsn91zg4f1NDj5k+K9jFQmko+Tzt9c4ybfgztqmxCgP/ACojDbLkHH0wzZ+2YTzBRG+cjy5iam0TnE125woe3dmgP8skVxc4bPomJ3Ii5WRWLcHhkb3ZEFKyqxPcjaptUq8FRbgRmEV5wUxueGVP2jkUPLL/AKaIj2rMTPQSWUA2kUNUeDyIWx2sEmlR4wSA91muusYLJGNMeKQ95oP8WhZF7bsNLSxysl1ctmo3FTN3kNw+aQ1NuXgO3waOwQUFSsm6x5F5z9BqWAsVoqrRWWQ3wHRMon6oYF5PIJeOZaO0/Jeg6VD2L3PAtmjAcFuW/jIAuZIDmaZJOjaaVJxHg3f8l43T6R26hv1k1d+yvLJryjDY6AZNFB3fXmvVxhGKwjOlNybkYq5pPvnjjRYXU4mzp/8AEbGArzdqwykgmLVdV5KSC2HJOwkAZJG5b3TaeNwvYznnpAnibagx+WONpFdDm5tPJPWdyMt0CYdqUdszI2y5XHrRGoOdP0KPHqCzifoDLp0cboFfZi6J3WFDXf8AJOOcbV8RTtSrfyNtZ5RLEWtIrSo5EDL9EFy28MiMcSyiO7rfiGFwo4ZdtF2Xki6jPyQW4VRksga57eAK0Mqr8DsZxa4APsw4KuxHYf2AytoVgo9O3kr7aUxV5Fb45iUNonplwWh/HJjuWHg6RZ7NlHHuayNv+Ir81522fykeg0/FaNTd8Wax7p8EzfBbxjJZ7lkVY8Cq6MckZCYYqJquGAUpE6bXgEAzZvPLL9V6jpkNkORSx8ixSlpT8oZiwcXyTXdZQwH3nGpPjQDl+qR0+nVKb+w9lu5YGXrF1D3I6/EEnhHOXP6K0dv0Fm62rfE1dHPjDNdY7TUBeXtr55GJxLBj0njaBaBryvXoWVpiefVaNSeJG4DetLRUztksLgBY0lkzt3XpaWP+8GInPn3EaheurhsSSE5cmR9LltElogc05iIg8R1zQH64JyvkBNGcui/5ITTVvA/IoF+ljMNVqZQ8G1sFogtbKEAngcnDsWRZ3dM/iacHXqF8gmy3Y6InA6rdwOo796JDqKl+YC3p7XMAa9rLn0gqCdabin6dRGXCYrKmcV8kDWa/2tIZJ4p/a8cCFlUW8ryWgna8VaQRxBVe76kUVEockGMK26H2W3z+imL8TK7wsLGGeqql6Ku2OTNa5IuXxZmrwJxCm8jIb67k/wDxaMKf5nXLKOt3N8gB8l5q/jLPQU/40ai7vVWLfwUsLCMVSmMgGwqCJM1QBSkEppJAhsjqAngjUQ7k1EhglMsxXPvXr6Y4ikJWcshjPxR2ULKAoE/JZHrWzEwhQSc42lsZJxN1H7oc4rGBiuWCssO0ZjoHgmmSyr+nqXKH4aqL8mjst9l7A9gyPPra+7x7Vl/o4xnifgPxOOYldLtlZ4XkWhk1a64AajkQaL0WkqrjDEDJvck+Rtr9JViA6kEsjuBAYOVSSSPBORqfsA7Fg5zf17m1TOlcxrK0DWNzDWjdXfqTXmjxjhAtxXOi4eCnBUdZrS6M1aSCEOdcZeUEhNx8GwuPbIZNmy/Fr4rH1XTs8xNPT6/HDNlZ5Y5W1aQ5p71kONtL+jSi4Wr7M5tFssXguhOfun5Fa+k6sktszP1Ogy8w8mM+0T2V+E1aeB0P1yWwnC2OUzOlvreJIK/maT3W+LkPsojvR+iwjno6h3pDbk2XLbMDtrtQi1LkvdL4F3s7s+IgLTO3rnOJjvZ4SEceHLmmrPGDGS5yaKKT7wn3qHxC83qY4TN+mWYI0t2uyWPqFyDsLSznNArQvPwGxlNQYBj1fzLBUgkfU03D4rd0Om28sHNjLSMgPNblYrIGoiMoFWN2aHNFkGoRYyN5wUcWnmrTWUWgzMXjdTHVyzzS8ZNPAZxWDFWG+5IJXYTVuIgtOhoaZcDkr36WN0f7BVamVUuPBro7VZ7YzC4CtNDqDyKydtmmfHg1O5XqFzwzKX1su+Kro+s3hvAWpptcrFtYhqNG4fJGdWghFpjgVxBI1oOq4jJHLHQ8VGMHLARdt5ywurG4jiNx7UvbRCxcoPXdOHg3NybZMloyUYHcfZPesPUdN2/KKNfT9QT4Zd2+7Yp20e0OG48OdUnXdOiXxfI1OmFqyyk/kiD3n+I/ROfuuo+hf9DX9GatTqZrTq8FdSsLJfbJXSJ39NIKxRag6OeB1W8xo4+G9FjHaLTuzHBc3zaC92tV0nkWjlEMEuh934H91m6qjPJqaW5eGaO7rUsK6pjclnwXENpFapNVtci7ryFx2kbkemqy54SwLzSXsIAcRUre0/Tu1+fLFnM8xmfzWnGGATkRWvX5JyACQM0q2SEGWVDkWC2lCZKKO/IutXkiLmJ3gz04AqeGfhmlWsSGM/E410mIknea+OafisCMvIVBaS0ggkEb1WyuMlydGxxeTZXJtK14Ec9AdA7cVjanRuL3Vmtp9WprbM9f2zDZRjioHa5aO+uK7Ta2UXts9F9RpIyWYGFtVmfG7C9pBWzC2MllMyZVuPojDkUF5Ee6qqSkGXTdjp34GEB1CRXTQnu0QLblWssNXU58IivCwSQuwyMLT5HmCpqujbHKK2VTreGWdybUSwEAnGzgTmOwpTU6GFv48MZ0+tlXwzUfzzD7rvD9kj+y2f8AYd/c4fRnTA6RzWNFXPIaO0mgT1QfUx3Q4N+9sdnhZZ2uAwDM1AJec3OI5nsRZyeDJgluwDxWXF1hnXPLh4paNmXhjE4YWUERWL63Irw1hg4tp5QZFYaaEjlqEpbo4y8DUNW1wyws9mPEnyCFHp0Fy0Vs1jfCL+yWMAAkUpw3rQhVGCwkJym5PkJe+uiIkV8CUoFdIq2V9qkz+s0ZIqQmUAZ5KTgqF2X1RDZYLYclRnFfewrnw4K8PBzM7a7OHBw3OBFRrnl45pZv5cjDXHBxS02cxvcx2rCWntCfTyhKS5GBykoTtcqtZOLe6NoZIMq1b7pr5JLUaKFiyOUauVbNdE+zW1lCATvHtDmFktXaZ59GmpVahf2Y6/tnHwEuHWZx3jtWvpNbG1YZnX6SVbyURTr4Yn4L7Yt1J66Ua75D5pDqCzWkxzQvE2yw2vtNXx1o4YTXvcqdOilFonqT3NMzc1j3tzHDf+60mjPU8eQboncD5qm0ndE6DshYS50ktadG2jXUrR78q9obX+5IR4N7VSaW1Bst3OkkxPc1x4mJtdchWtdKhDnbl4QvCv2ay5LqewddwcDSjQ3DhpWu88kauteQFtjbwi1N1NKLtBbmPjukca937qNpO4NhswbnRSVGyvqaIWW2GwkicxAUrruKKkCbI5ZKAokUUZTPkJPejeiCGV3W7FBwdZRl2ocixY4MlRnAdsZ1TVXgcynnjSGoe2WR2lbonLPSPYsFobIBlIzP8zcj4jCtCiW6IlcsMygKMBZLG9SRglfHUVHeqtEZGWe0vjIc0kEcEOdcZrDCQsaeUbe5Nq45R0c9ATkHey7jXgsXUaKVfyrNajWKfxmZjauyxxWhzY8m0B4jMVy8Vp6Scp1fLyZ+ojFWPBLsn67+Tfif2VNbzFFtGnuZJtU7rs/Kf9ynQ+GTq+cFZBaDRPoQcSf7WeKngrsOi7LMAsmW97q88mjNY78G9d+QdZh1x2/NLR/IK/xNfFqtKPgyn5YYNFcgnZooOGz/ACUS8EryDWMdbuQI+Q0vATIdUxEXYBbDkUWPkgrRqiMggGqj0R7LqyjPuQmWCmblUsRytGff8FeJVlVa2hZms8j+l8HP/SXGDBGSMw/I9oNfgE9o/ArqfJzVN+xVjmhScE2N2augU/DH3jGAchwVJnVAYCrJJxCxbUh0ridTXIaqkUl4LTeZF3smM5OxvzSuu8IZ0nlntq/XZ+U/7lOh8M7V+UULSnhNjqriD//Z');

-- APP_GROUP_INFO
INSERT INTO APP_GROP_INFO (GROP_ID,SYS_EMBD_YN,UPER_GROP_ID,GROP_NAME,GROP_DESC,GROP_ICON) VALUES ('ADMN','Y',NULL,'Administrator Group','Administrator Group Description.',NULL);

-- APP_ROLE_INFO
INSERT INTO APP_ROLE_INFO (ROLE_ID,SYS_EMBD_YN,ROLE_NAME,ROLE_ICON) VALUES ('ADMN','Y','Administrator Role','data:image/png;base64,iVBORw0KGgoAAAANSUhEUgAAAB0AAAAHCAYAAAD03kbyAAAAU0lEQVR42mNgGChQX1//oqGh4T8yBok1NjY6UiIHws3NzcogjMyHW4pNAT7N6HLInkC3BKelA+pTXC4GYheCBmHRi+wYFHWkWEqMT2HmEHIYXQEAdZgPSWQ/jckAAAAASUVORK5CYII=');

-- APP_AUTH_INFO
INSERT INTO APP_AUTH_INFO (AUTH_ID,SYS_EMBD_YN,AUTH_NAME,AUTH_ICON) VALUES ('ADMN','Y','Administrator Authority','data:image/png;base64,iVBORw0KGgoAAAANSUhEUgAAACAAAAAgCAYAAABzenr0AAAE1mlDQ1BJQ0MgUHJvZmlsZQAAeJzllWtMk3cUxp/37R2otFCLTNFXxhBZYR2grEII0CEDEbBUoIx09iZUW3jzUhFkUxlG8IYXmMrChhIUlWwuKA4ZzhsToolDzJDhvGA13hBvgwREuw9d5INxyT57Pj15knNyzj/5/R+Af1RH0xYSgDXPxqjiY6lMTRbF6wUXfEjgCU+doYCOSU1NwltrpBcEAFwO0tG0pSlpvulm6/X5vgP6DY+OBxnf3gcAEDKZmiyAoABIcpw6DIBE79SfAZCstNE2gMgGIDHk6owAQQOQMWqVEiBqAYznqFVKgNwNYFyvVikBVjWA8UJDjg1gbwMgzzOa8wD2KYA1yWgqMAC8bgAbDTRjA/jZAIKs1nwjwN8MICBTk0U518xfBygOAqTPhLcEwE85gPTxhDdLBUi9gDbphPd8BggAxCc/FywNDQEAEOI2gO/ncAzVAC6VwMt5DseY2OEY7wE4MqBpumEFU/jvGxUBYMEFXpiNGGhRikPoJ8REClFNDJDh5E7yFYtmDbIZDpuzl5vAfcU7yd8sMLkkuka6zRMqJ2W4F4rqxY88MyU3paVT5nqPTu3w2TojdSbbt92vxD82wH327Q9PB+3/qOrjitDyOZXhexTtEfYoaXR6bP2nL+KXJPQkpST3LbKq3dJbNOZsf+2grs24LceyLMUaTvsVSAp5ReMlT1ffKb2yrqu8deOBLbu3VVSV7KRrzLVL68z1zL6yA983dfw43BzWUtZqb1988trZFZ3S82cuFvdE9gr/HLzWP9B3594D16GYZ1tGnrxY7nC8cbsbpkKOBbDiG3RglJhLrCLOkd6kjexjxbHa2Ar2aU4a5zF3J28+n+B3Cna5MK4ZbvHCmElx7iqRWVzp0SFxnayXnp8S4901VetDTD9C0b6Rfl7+xKyxQMgkwaFybUhV2KVwqUIf0RzFjs6MPRrnE1+VODmpPiVi0Q31loy4LE72xS++0xeYknODl4usw3R/wa+Fe4vXfqlZIysdWXes3Lpx2ubftubu4FU37IquuV67us5v76WG8sbEQ9N+wOHRI4Jjc46vaR88taYjoPPGhcbfyy+XXam7ar+Zdnv4fvfQw7+TRl+8cTsJASR4H+FIRR524Bc8ICgim9hDPCSjyBryJWs5y842sp9yKriB3D7edn6GIMCF4zLkesttQDjoDpGPWOXRKPGe3Oi10Jv3Xve0huklVIpvoJ+HPy9AEOglkwenydeGtIQ9DQ9VFEeciRJGp8fuj0O8MaEnKTH5/CJ12t30rzUffN6tLdNFGsaXnjFXWrT5oYzQdn9l16qDX21am1eWvD5wA3vT1crm7RXVS3YpvvWqHauz1/+xr/tAX9Ojwx7NCS3VrSPtzCnB2aOdyy4EXXT02Hv/6n94Q2LX3D0xGPfk2XDX2AWHw8mqkxDnnwIA90on9PPc15oAnDwDAIsLNJQDi+3AgnNATSLgHwl4GoFUIaBWgLhlADEwE8QDMVgoAvmuUfWukfSu0QM4Mw0AIDIv1Bkopc5i1jM6m+l1DItgxkLoYAAFJXSwwAw9GOhggwnG/2r9f2UzFdkAQJlPFzPmnFwbFUPTFhOlzLfSK2wmRkYl5BmCZVSIXB4KAM7cBQCuCKjNAoATz7RvzP0HbnfbUKLmT0AAAAiMSURBVFiF5ZdpbFzVFcd/7814Zjyrd8cej/c4TiEuJdA0IoI2CZTK0EXFRS2iMoKW2lIJlA8lbSVSIVQEghKh2HLsNCkI1MgFqQkhaQiUBKWUYCWFOF4yTryM1/Hsq2fe1g+esWzHgQr1W490pfvuu+d//ud/7nlPF/7fTfiyjgcP/vkPmia0CYLmEAShs7X1p+3/S2IrrKen5+79+3seXLn2p9C0N6bNB1PagQMHteXv9u/vebCnp+fu/wZb/KIN3d3dHSWlzuNV1bWvdnV1P59dV1WVUCRFMJxCVdWl/V1d3c9XVde+WlLqPN7d3d3xRfifW4Kurq5NFlv+Z7fd8R30osb77x4lEY/9ThSFO4Gbtn/7PodOn8O7x/4C8IYgaIeNRsvftt91L7IqcPb0ceLRYNOjjz568UsRAOjo6Hi98catPyktqyQVnycaCVJeXo7BZEUlB4B0MsxCMsb42Chlzipybevwzk4w1P/RG+3t7Q98Hv6aJdi3b199di5JyrErlz9DVRRsjlJc1RtBZyeW0IhEU8RiKVTBjD2/nK9u3kZBkRNZlnAPXUDTtM61MD9Xgb1793ZYLI62WCx0QNPEEwZDTu/Xt27Hai8knkjjmRjl8vAl/D4vsVgUgILCYsqdLho3bsJuz8NiNjB+dYDhwQudwAFN09qs1ryH4/Fw565du9qvS+C55/7YXF7hfHvHzrsZH3Vz4fw5tmz9JlZ7EYFglDOnT6GqKq7KGkpLyzFbrKiqQiQcwuMZY2bKQ5nTxZYtW7FZTYxfHWBo8CI3b95CVc163jt1gunJqXueeuqJY9mY+hVshHQNQg4jo150ukLu2P49BFGH1xem79w/KSkpx1VVi8mUC4CmgSDocOQVYncUUFlVx9joCB9+eIatW2+jomoDTlc9gVCKkVEvCDmLMZbZCgI1NTWdIyPDNfOznl9V1W1CKq5AAMbGr+Bw5OOqqkOv1yPL8lrlxGy2Ule3gdFRN0NDg1RW1aJp4PN6mLjaTyqVeKm+vrZzuc+aXbBnz7OtpWWVB+sabiGVWmBm2kNpaTm5ZgsAyUQU93AfkbAfURDJKyimrmEzRqMZgFgsytzsFBWuaoxGE1cu9zE3M/HQnj2/PbQ61ppdoGnpO622QvR6gUgkjMFgRJ9jQJIkwiEfn3z0NvNz47/2zk1VxGLB2smJkT3nzh4lHPIhSRJGowmjKZdQMIAhRySvYB0g3bdWrCUFdu/+TYcoim3Z5+13tZCWRGZmZjAYjVgsNgDcA2eZm514/MUXX9i7HOjJJ5/cVVTserlx0+0AxONRFhaSlJeVY7Xk8Pdjr2eS08KCIHY+++wzuyFzBlpaWnSaprX98Ec/o7jIRiSSxB+MEQpH0VQBnZiDlF6se8A/SyIRe3V1Jh988EHHjh07X06n0giCiF5nRNBSxGILWHIN/PiBX+BwmJme8Tve6u1pA3YvlaC3t1eRJInB4UnOnB3k3xfH8Ez6WFhIZViDJElIkoSiyDQ3N18jZV9fnyjLciydSiHLEqqqgCCSTqeZnPbzaf84Z84OMnLViywrjqzfUhfIstR57mzvUgmaNt+DqNODICIIGqm0RJ7DgiOvBLf7ymOapj0jCIKakVV45ZVXHnfkFVltdjOhcAKDQY8g6pAyHfNZ39FFUospLXXCml3Q3v7LD9dv3LbNYi1EpxOxWk2EwwkKC2zoRQn38MdYLObf79y58yWAU6fefyIej++p33ALGibmfRHy8yxEYwvIssJCMsLwpfcu7tu3r2l1LP214SGdlo/45ye3GYwOQIcA6HQifn+EsnX5NN10G965sadPnz7zNIDNbqd+/U2kJD0zc0FEUcioqiBJMv55D6mUdGStWLrVC4888sjzZrN5z/qGGzGZrMRiSYzGHOxWE+FonEgkgagzUOGqpqFhI67KOkymAnz+BDOzARRFoaTIjiTJhEIxLBYjVksOgcDs7U2bbrScP3/+3eXxVpSgtbW1tbxi/cGv3PANZuYiaJqaOdEiGzdUkJYUpmcCRGPJtZLBbjNTXl6A0aDn0sAEsqIuYZSV2hm49C+mJ90PHTp06NCaJVBVdcQ372ViMkAoMIF3dgin62tYbMV8enGMhgYnjQ1OZuaCeL1hEsnFLrFYTJSV5lFaks+8P8zAwASKqhKLzDE9+Skl6xqRpEp8815UVR25rgIA999/f4fBaG5LpxIHVFU9ZjDmvlVReQsWazEAxUV2GuqdFJfkIQqL7oqi4J0PMzDkIRyOAxCLepmc+AQB7V5Zlr9vMJofTqcSnYcPH77+7zhrLS0tzt7e3qnM/Af6HONbdRvuQhBWfrkNBj2qqiHLyop1TVO5MnSSdDr53TfffPPoaszlds0hBBgYGIhm542NjY/V1N18q6izEg5OEQ5NIQg6RDEHSZKRZQVVVUnEAwT8V5GlNKZcGzarBb9vMjQ4OHhsNeYXEshac3NzrdFofS2/8AYUWWFy4hyhgOeZcHA8zzc3tC4vvwY0geH+IwT9o33xmK8rmQx9y2Z3gWAmHPTcWlNT+Zrb7Q5eL8ZqAgKLn2c9YHC73YnKSmdRIj6/OZEIEPBPdh8/fvyFoaGhN+rr63+eX1hnBAGfd4gjR47cOjw83FfhLHOoanqzf/4y8Xiw65133vlrBnfNci/vAjEzjIAJMAOWEydOvF5dXT1jtVpd/f39nwD3AoKiKHol02aZe8E9gHby5MmPm5pmxWQy2ed2u88ApUACSAIpQAa0zFhSIMtQnyFgBRyAHbCEQqGY1+udyDipgFpQUGCOhscrgn53TigU+ofH47mQAVfm5uZGAoHA7LKktOy7jP/STWq5LNnNBiA3o0BuRg1Dhpxu2b6sfxYsS07JBEtnMk6uUiBL4hoCy5XQXWdkg6+uaVZSddlQlg152fqKe+R/AIPp8sF7eF2hAAAAAElFTkSuQmCC');
INSERT INTO APP_AUTH_INFO (AUTH_ID,SYS_EMBD_YN,AUTH_NAME,AUTH_ICON) VALUES ('ADMN_USER','Y','User Manage Authority','data:image/png;base64,iVBORw0KGgoAAAANSUhEUgAAACAAAAAgCAMAAABEpIrGAAAB6VBMVEUAAAD/ZjMrKyv/SST/YCD/VRwzMxpAKyvrYic3JCRbSTftWyRAMCBQQDA6IyNAKyA8KCI+KCJBJiE9KR9AJyJAJiLvXCTwWyI+KR9AKSA/KR9BKB/xWiPxWyXxWiTxWiM/JyDyWiRAKSHxWiPxWiXxWiU+KB8+Jx9AKCDomHFAKSHol24/KCDyWiRAKCE/KB9AKCDre03tekxAKCDxWSU/KCA/KSA/KCBFLSPxWyO2kHbxWiS0jXNGLSM+KCA/KCCBYU8/KCCHZlTxWiTxWiTxWiTxWiQ/KCA/KCC4kXe3j3Y/JyCObVrjtpXjt5VcQTReQzeObFk/KCDxWiTxWiTxWiQ/KB99XkyDY1HxWiQ/KCDnuZg/KCDmuZjouprou5rxWiQ/KCA/KSBAKCBAKSBCKiJDKyJGLiVHLiVHLiZJMihPNixTOi5cQjVdQjZfRDdjRzpnSz1rTT9vUkJxU0N1V0Z2V0d4WUmCYlCDYlCDY1GEZFGJaVaLalaWc1+XdV+demOfe2WwinGwi3K1jnS2kHa9lnu+lny/mHzFnIDGnYHIoILluJjmuZjou5nqu5rrvZzss4/stZLtbz7tcUHtv53vZTLvZjLvwZ/wwZ7wwZ/xWiTxWyXxWybxw6Dyw6Dzw6HzxKH0xaKTA5s/AAAAYXRSTlMABQYHCAkKDA0ODg4QEBYYJi0vMjQ8QENKUFFTWFpdXmFjZGxub3N7gIOEhIaIjJKYmZugoKGprbS0tra6u8DBz9DS2tvc3d7g7O3v9PT09fb29/f5+vv8/Pz9/f7+/v7+wo1VpgAAAV1JREFUOE91ylVDAlEQQOGxuxUDE2zF7u7ubh2xu7u7G0XHvL/UB0T2Lst5/Q6AMBd5bFywG5jKNa0NEREL/aQ9vAn1pVtLeLRe1YiYZ2PkCsQhwZIsdudqVOO4zsdwEHu8REMCIq5pTzZWFtcPNVuImM+7eTUOjV6xv24n1NjlzA0+OIxL7L9VHEEFN8TjDB4YhiOcxVRuyFhZmNQahs+p+eVcbqhk2ztM0N4mq+KGfrZ/LBxOd1k3N9Sxm1vhcHfNarkhixmVww32NRc8XzY6cQNETPPDXCTvYFd+JvTzCkfRAG71GoNrG9zFDuDb/qX3nw65sQN4FPTqvK/IU8oBIOb+9fvn7SHKBAMkvT8/Pr18JEqrQ1B2JxERUWdmoK0RW6qaSVCzyop3WQmJKvUWunJA7EQUavAAKacBf717t0o5UYtM5xZl0k5UbAYAACGmnCgIAADCUkymBPgFYd0U7tFqim4AAAAASUVORK5CYII=');
INSERT INTO APP_AUTH_INFO (AUTH_ID,SYS_EMBD_YN,AUTH_NAME,AUTH_ICON) VALUES ('ADMN_GROP','Y','Group Manage Authority','data:image/png;base64,iVBORw0KGgoAAAANSUhEUgAAACAAAAAgCAYAAABzenr0AAAGQklEQVR4Xu1WbUiVZxi+j55ztGNqHfMjP9PKNAkNHaWzmk6tdtxixpRGwghkcfRPDGaBbSu2wijajyH0YwyRkRUGQ2MlRgqrqUsYmZiBXzU/P0ozPzv67roe9rJwtXM22n51wcP7nvO89/3c93Vf9/2+8orxGjG+vr7FWMdXrVr1ucVi2YUNs/xPSI+NjR1PTEzUtmzZou3cuVPLz8/XMjMzfzEajVvlJXCTVwNjaGjo8YWFBd/Hjx/L5OSkDA4OqrV+/fqkvLy8KzCI/c8CWLFixacRERFvxsXFycqVK1UAs7OzMjo6Kj09PRIQEGDdsGHDF/8kAAMcHkhLS6vJyclp3r59ezUyPMBMX/Ssl5eXjYcWFBRIXV2dxMfHy5MnT9QaHh6Wvr4+gX06DIL+Yvwih9u2bftmx44d9pmZGZmbm5Nnz54Jce/evSsNDQ15uJ16Pgmr1Vq3Zs2atAsXLsjatWuFOHTokFRVVYmmaYI9WbZsGYNLwdbPf8sAlJuZnp5ud3NzE2Qmy5cvl5CQEDEYDBITE2OLior6ZInJIrK/g0OYpQqYOHv2rFRUVAh8yeLiojx48IBZLDgtAQ7Iffr0qaojr8yopKRE0Qs1S3Jy8scwsMqfIEPVQUFBs/Pz8zI+Pi4TExMyPT0tYFHKy8slIyND6+zs/BYGd5wF4IaM4yieR48eCR1mZ2cLsXnzZmZDkQWjz99eYvcTbG6w5uwCLt7Tz9DQEK8t6BCKcNZZAFbUKhTiY9Sye/duwUARHdCGeHt7sxQZS+zm0HK/ms1msqYCGBsbk/7+fjLJTmiG+ZArXRCEAwISEhIkJSVFoqOjGb1igqCgeA/RvYea/4j9G2i976Cb7Js3b16vr68fBUOq5hQwwA6Yu3XrVr1LgwgZROMQc0tLi4AyvZVUTR0Oh9y9e1du374tDx8+DFq9evUu1P0tTL+PoI9q9Lkd16/v37/v4AxgAFzFxcVVsP9BXgJ3LBPElYjavwsnn+EgP9SYDPBwdTAdkkpkKB0dHcIOodjYntwjkpKSOOmMNpvNH/+bYcdSSXt7exsSusoyvXDgMAgPD4/8devWfYm2C0AwJh8fHzly5Ij4+/urmrq7uyvqT506pcar3W6X7u5uOX/+vCqLn58fe1217JkzZ9jK8hzIWn91dXVjTU1NbVtbWz18dSwdRCGg9Pvg4OA3PD09Lawhe7qoqIhlUaJqbW2VyspK9busrEzAlly7dk1Onz5NpatZQeZyc3MFLyMVeFhYGFuXwlVJAJyMc5gR10tLSwtEpF/XQN/AwMCHvb29tchonkOH2ZDqkZEROmeGGgQ5Safco8LxppNLly5JYWEhn6HalQAJskh26Ivlgy19kVWPkydPvpOVlVUqS2a7GS04grab2rhxo/mPlwz7XgWCPQPuLSiVABw0LAcdqrELeuXcuXPUgj661RWMKkEDDI4MKB1BvFm1tbX+DIB0F+Gl8xUO8DGZTMIFRkgtD1DjFa0kgYGB7hzPBDVBx8ySz5LigwcPSnh4OA/g/9QCS6a3sfIDDQg6hfPFD+WJpAai9u3b14oMLTSiAaMmbampqerNRrDupJGODx8+zLqqDtAzw6hl9kqMTU1NMjU1xS5gQGRL6airq4uloz6U7dGjR/fzQ2I/6mXhA3ROkAE65TzYtGkTHbCn+b+acBcvXpQ9e/aIDmhHsYG5QNHpHyT6m5H2/I/21IZqbXQemY83wrEJ4nDgcCM3eDCdkTbsqWgbGxsXMHxmYGRE7Tw5kiMjIzmg2IIsjT4XNIBUG2hL7QCkm6zyUAZIYbJs9D3PEgRipVNzZFOWAFE7YOANJmx79+6Nx/JHy+p7DFafE2TCgWH1G9qsAclMopwmlIqBcfFZZs+rBjF2wqbSIM7B12rlsWPH8thqhN5eOnTWCF5PnDhxFUMqh1sv+ejR9MloFCdAlol4K+aBVmbI36ST9OrBqEO5zzlAaiHqXZcvX94KmxviBG7iBKhvGiimYyqZdeOisLiodn478IuHAmUp1DsEb9T3xTmcM4D2DGaGFBVblGBAvCcLPJDCwnxgKXjPZzkDIsUFuKKBGFD+AQ70xYGaTr1+1TWgL/pEwNNgpgb3za8iAIKpm7A0F5OiImfFBbzG78y+irpkFjY7AAAAAElFTkSuQmCC');
INSERT INTO APP_AUTH_INFO (AUTH_ID,SYS_EMBD_YN,AUTH_NAME,AUTH_ICON) VALUES ('ADMN_ROLE','Y','Role Manage Authority','data:image/png;base64,iVBORw0KGgoAAAANSUhEUgAAACAAAAAgCAYAAABzenr0AAAEXUlEQVR4XrWWX2wUZRfGf+eddztbGiBowJY/Agm2MSpBbENIC0WIhoJaSyukgImJMfGCG7lQvmAwGk28MNwY9JIQKQXSUgwqYo1GDSYqFlGDiGC7QqFdxfajXbbd2ZnXyWbCYtLCzFKf5E02m8w8v3nOOXNGjDGIiG7v6DiMyFrjeRiiyACCEsF13ffXNzU1AVlCSgMAxcDadfX13I6SyWR9S2vrwU3NzU8BbhSAuDEGgO6eBCJCWBljmD9vLnv37WPzxo2sXLGiYW9r64HNzc0bADcsgASxo5TKAfgnlHkAjijF3wODlJaWsrK2tvFge/uF9Y2NcwEnBEBeIpKDCCMRwfM8AASI2zbJP/+irKyMmqVLyw60tfVsaGqaBzhRACKV4MakbDuG68avQyyvrp7pJ9HjJxFAhACwLBUJgADA5K7VTJoUx7Ks6+WoramZ6U9Yb2NDwyzAGR/AmMISQAAoX7CAlv37kfxw5srztN+YwHSgBBgMUYJoCSiE4aEUVZWVuTOWPGMAiv6zHkilrzHsHyCfQJBo6V0zwJjwU6AiAgQUY45oCEVOIEoyAURUAEsQhAmVqGglYEIA8kmidJQSWLebPaI0omKIFRjHpkRNoHBzpWKoIpvuT9+hr+sQo1f7maJtPnml+lwWtWvNq1+9DLg3bcJCJZbG8s2/2fkEJfEBlj56D5OmVoClyKSzk898d2lb52u1zz6y44tZgDM2gJKCG82K2XR37vLNB6lc/SCeJ/z/Sorzpy6glKa8ai4g0zu2V7/Z8MbxFwF34hJQgtJC77cHWVZ/H56JIQrOdyVIzHiOrVue2dTx+qqW+5dVkLw4uBXYAaQmrAdEFJZAdqgPu/ghPGKIgAc4U8vpSaa7Pc+g4xrjegDFQGqcKTAFAQhgEHAcxC7BYPzY74UTL3FiV93X5VUVkMkEuwE1oU0oIgiQGclgUkNI8XSM8Zhy5x1U1lWDCChF+vfTiLrFmxBTwPhpCxX8xi5hJPELsdI5GEuDCMq4eFcucfqHXrr7U3sAb0wASwQTefZz5nTt286cct80ZqOKbUbP/4TSGqWEkaE0vyVG6R/MDjz/7sm3gHSIEoQxVwjQ1bINL/k5ix5eiJcZRpcU0dcX59Rnv6K1hafta+f6R4+8sPvnnUA/MPJvgMBYKRVqi90I2rX3fziXO1lcW4Fx0igFH+45iXGHqX87Qfux4zStrnkcSAbmg4CbBwiMC0nhpP/kmd6jLKqej+eMcqztLFqyxEhT55sDiDME8AdwGRgZ81UsxgwdOnx4cm5EbpWAKLBsrB93M7voDAuXzMJ1HLTOosXFeew98E07jnwEXjZ3b+AqkBpvGWXWNTTUAtMi7OLYB1vuPrp44wNkXQUC33/ZjxKXJ1dV1eW/gDHAAJC52TZMAd1AL+E1zdIWH7clMGIhCMoyrNl5dnlwn2HyygQehPh2Cw8ALAZW5Q9LgNlAESGlKVT51C6SlxP8nyGk/gE+SZqOkuqRPgAAAABJRU5ErkJggg==');
INSERT INTO APP_AUTH_INFO (AUTH_ID,SYS_EMBD_YN,AUTH_NAME,AUTH_ICON) VALUES ('ADMN_AUTH','Y','Authority Manage Authority','data:image/png;base64,iVBORw0KGgoAAAANSUhEUgAAACAAAAAgCAYAAABzenr0AAAHnklEQVR4Xq2VC2xV9R3HP///Oef29t6WtrcVAYVCtLS8ihamYkZly1imLMa5sRmyhLH54jVjwkATSBbdjFBcZCjobAjsBRjmYxNlTKEyHsMKAkJZebdlfdzS2xe9vb3n8dspvdU0YZMUvskvOfmfnPP5fb+/nN9RXL/UtmV33x2yWGJqvi/iEUw3SXQ7oHW3J/qDIxc65z37++MdXEXX24C5ffldW8OZoYeLZjzCzYVTIT0XRADB7mimseoTzuz9C4lk8o0HnjswH3D5UmgGL2vHiq/VjS4ufbh04XofXowT3UfPyfUkTq6jp+pVpGUPIycUM2PRWkYU3PHYe8vv2QaYNyIB4+1lU18fO/WbPxv/0JO4F3diRw8gAkoJfRcuuDaencTMLSEw5gccfftVak9+tuHBXx94HHAH24D63YI7SseOyqm4b9E63P9sxrnc1H8LpYSWxg5qT18C4NYxYSK5BtrKI1DwGBXrfsFrH5y5+c29ddHBjsDKDeslt5XOgfb9uIlWlBkEHcAwTWLRLg5UXKhf/86ppevfPb20cl9zfaxFcJOXcKMfc/v02fz4vlvL+0dhDqKBYLqpvjWsoBDv0l9RRgCFQrSL0kJNdZSdRxtf2LS7ZhdAMKDjw0eEX8m76SaS0X0MzZ9HmqlmAulA52ASCCiRoGm1ItpEa03d2Wq0YaG1id3jEgkH2oCLvdV3LSjDBG1hubUgBIG0wSagURr8SBUKdcsj5Kut1Jw+xZjCIgpKRjMt1vn8xsUlUVBEMq3nRxXk4SkDpSwkGcUMmAB6sA0gAnSeB6SvlCJ/7HgunDrJaL+Ju2ZOGnP+eN1OBeQX3kzesDCO7YBh4XScw7Y9AAbdAErhOg4ahUDq84NRBX4T1VWMHlvI0FtyEdfGc1xc1wEMtKEQERTquhaRJGy37uKpWjylkPo3UcN/iOABMKpwPOer/414ClcUngBKo4zeMmhriQMkB9uALn9y0kPhgB6ZmTOExOXLoA2kYSt62GxEHPAc8v0Eak5VoZQGrdHKQJsWtm1Td7qVC9GuLYNZRHrzU5Pn5obVhukLXyLY/SFdHZ1XnAYzwmjxUMNng3JRovDqt4AniLh4nkcyEaehJsbJI40tD75wcAZwHuhS1w4vnhsJqQ2lC1YS9N1fOrSOyPB8uuNd2IlurLQAaabGDA6BnCmQMRbwwHFAoOnYHg5t/0N01guVDwLngBjgmtcGn+TD8eEvEswK01y5xnedgwJ6ujqJ+02k2wGsocU4Wfdw4FiMqrOVJB0XhcIyDfKHDnN8+PeAWqDtWkeg/7x4oh+79uGrCGaHaD70CsFwNuHsXFqbo3Rf7sQwoasVgiPn8PfjMUaMHMO4wttRKAIBi6Sd5NTpc5w4UVX/9M/nFwBxUtJfBe+NffoV5/3wLDKyIz68iURXB6Zl0tbQyf699Tt+uXHPH4cNH8nQvBwqdlew7a232LxlK7t3VRCJZFM09rYRL64sewUw+ErniybM27FsosRrt4u0V0jTR7Olo/JRkbPPSNvBR6Xhox9JU8UcObn5u7LhiXG7gem/Klsr/9j1sax7rVwen794EzCztx5/cuGm3rMPd1VI2UtrBMj4//CFPnzpBInXvCfSttuHPyztB38qcmapvPPUJNm+pETeXzZFPnhmqmxaMHkfcCdQuOL538iOj/4pK54rE6AEuDVVJSueWyU7Ptwjq9e8JkDe/9qE+k8Lx8/NCcmG0oVlpPuxRz/97ZWZZ2Zn036p+coen1V2+H7ABhygFagHAh0JcEinPaEBokADKfln2Cqdjp7AgNGrAfAF4+ZGwr3w1YSywzR9uqZv5jm5dMRasO1uDr9/hvtXHi5KgQVIAPaxVSM/C5AowksiGHjKwsMABI2HFhslLhgWcTe4v+TZi/cBjvkFfL4PD3l98Kx0mip74ZlkZPnOY83s23oEM82kLeHtBWJAM18qy/G8oklPrAUrCChQGnTKnwh4HuBBMsHh15fcC4SADrNv5kXzsoNeeemiMh8e8p2/TDCU5ceeQ1ub77wngREweWDVZ99OxZ1goALJpEei5QzV7y5HaRPLMjjf4ICCEREDQ3t4jsPkn2zETroAaQAaSMvJsMq/8fTLhCIZRA+9TJofe2jIEJobG9i75ai/wc4Qi9v7UuuzFuhmoJTjgXe5mfF3ljJxygwCaSHe2OlS7le002KSfzb+zq9DohXbFQAFYAKhnKFZBJPbaT3WRDgSIZzhwxsaQXmYAc2s1Uf6nTcBnVxFjuuC20XVsUoM0yKcHuCWXNAK0oOGf/4JdrKHyWNm4ngu/TIBo6WhnffW7kak349C+WVoRWvc259y3pRyflXZjkCykwmTp6ENk3PVh4hkglK9JYwrnobjJCERw7EZ0IA9a/XnU4CcqxkDLg1wfnX1xWr7CXx+EK0NTMtk7nduSqXjceLov/Bcm+IZ+SQ9GdBAV8rhxasA+j+zbr5CrgjK7qJ4yr2gNNXHK/FEUIBCmFgyDTwXL96CKwMTSKbqeiQdcTmx429HJoj0T1H7BQAiiuMnPgEEpRTdNicAAVDcGA0B8oHca/jRuEALUJPaAzdE8dQLG6/BlAA9qWf4L2hCaafxaOA9AAAAAElFTkSuQmCC');
INSERT INTO APP_AUTH_INFO (AUTH_ID,SYS_EMBD_YN,AUTH_NAME,AUTH_ICON) VALUES ('ADMN_PROP','Y','Property Manage Authority','data:image/png;base64,iVBORw0KGgoAAAANSUhEUgAAACAAAAAgCAYAAABzenr0AAAFmElEQVR4Xr2XbWwURRjH/zO7d72WQBGVF4XqASXttSn6wUhLEai8SBtIo0JLRNKiiUApakwIAUqtIIlfjBATEyHhtSgkQnnTDyC2UCBIeRGEXo9CwFrptRJiWnpt2t3xudk9u3u9tp6oT/LPzP5mcs/MPP+bvWMA1JFlxyraNZbTpQO6QK9gEgjZE/+Qc4IODsQp4lhTaU4ugG4SVFJsMPkfZXPwf0R86Xc5wZykVhI4yUU7N6J6LnB2PnAuz6IFpFys+bZZtvQcPafPlJ9NYeZywQyVxIT1nBROhKMndPnsVImRIBgAHh0nhQpj5mI9C7BUquT+ZnDuAGMMoWBMQGE6XOwhNt7/DJrgEIJFxXUdpC5ssOSyLQAmnD/NDWYYxj5JAQ6c9GJ+VhK6tei5LmBJa18AtxyLnCk0HbpFIsh0gIBs6TlqLoiDuDWXrQRSlp0zszX7xM3WlIiSw1DEUK2WcHIGzph9ASRFARw0FkOtKqvIouI6J4V2Hl5eC6O6/QyFW4ncCTEOVeE0XgtN1yFEtFxQC6yelxqeH6rVFnkzjQksggn3f38DC2Z4yFTRc2ExoYiwANuoNE6YBwQLjZkSUXISOIwY0IRc9C4Bk1i2OklEy7mwOLufBTgVI6N1KjNLoKgMTtV0e5Rchxwc+Fuw7/h1cA7YliBdzeGggX0nvNA0/W9xJ1fIB3WGCeU1IPButgdg/Xhg0ewU2Wes9wmUn6jFopnJhqkic7NkBv/qh1sonD4OhA3pIQuwPktgGsnuEsYYODO4rgOaMcfOTZdzbogw2uov4NOz++XOkyc+h1lzs0GBbqbAGtx21KxvcdEHB4ODAy4VOH7oKHZ/sZUI0HqvHkUrilBcXIRrly7JRLu2b0deXGM/JrRcS7YSMFLQVDxkNtbDFQYXgAMVRyC6OjDWnYBPSsswftx4NDT+Bgq43W7JJk/OQP7jHfBs3LRj3bo18wB020xYTiYEs5uQhcxGKj9pmE1YuUr89G3c9dVjYnIiJqalIS01Fa7YONRcrJG1ycnJRkegHZzm/3T1GpiiTgr9KrKZsHBWitkNMyFpF12rBVlkNvSY0EHaXenD4ilj0Z75PjasLaEkDowYMRx1tV7cuXuHnlW0tPyOpOQkNDe34Pz589hQtn5GaNvckt8wmRYmYjqsrY3LBN8crMD6Vavp+N0Y/dQo+Op8uOGtQ94bi/B6Xj7qbvrg9frw9KiReCYhAevWl10sKf1oLwDV6gFZUw32YMwwCpdt2I0HUAkUnDtTjVW0gG5Nw836ejQ0NMD9wgwkPjsGFFhcWIC9u/YgIWE0srPnwOFwYPOWLfLHqc12KpOKGA5uDDjD3u0qcV3X4Pf70dHZSV5xQAgNzFJLLgBVVaAqKhobf0Uc+UPT5FZdNhPupDeYfAi7iDhn8vW6p9JLyYTNhK6YGDyR4MGXW7dhDB1vVtZ0JCd7UHX6MLYK4xV9/cwRTJ0yBTGuGFRVnUJTkx+dnYFTMGN47NqjYqDYW1kbkX992ifBLw0NYunyYvHjhYviypWrouLwUbHx402ipKQ02JfsQs0lsfK9D8Sk9MnFAFJJgzkA+RUbKBZOTYrI8zITJdhXvgeZGZMQHz8UgjFMSJyA3NxXkZ+/UPaJIX5IPNLTX0R6RsaHAJpIAVmCQYpopX8sg7s0ve+/ZqF3fC/OIBQVM9s5XhvWhsuXa1BVWQWPx4NX5hjX76GDB3D79i28NG06Hra2IRAIXAXQFfp7NpT0PCmL9PIjaPY7BW9WFy9f9gDA3GVLlwp/c4vw+1tEEfWDbGXR8gdL3nr7HIA00mBY7pNBJCceLVykx0gKSVtSUPi5MzYukwHoCrRVb9uxc4U51k26R3og+/9iqOauhpCGkVJIU02lmGyIOUfFfxb2xTwp1U/SPwGIm/zjbgJSxgAAAABJRU5ErkJggg==');
INSERT INTO APP_AUTH_INFO (AUTH_ID,SYS_EMBD_YN,AUTH_NAME,AUTH_ICON) VALUES ('ADMN_CODE','Y','Code Manage Authority','data:image/png;base64,iVBORw0KGgoAAAANSUhEUgAAACAAAAAgCAYAAABzenr0AAAD9UlEQVR4XtVVTWhcVRT+zr1v3sykFnRhm6lCIxRXpQuJlTYh02Rh26kynWZMmTb+FnSbGoRKIdEouBDUrTuFNNOWJjPBkkREi0FddCMqko2k00oXM1EbaSYhk8y73nN5L53KjHkvGoLf8MGbe87lfPc797xHSikQkTWay+VBdEw5DhSCgLMJggjVanW8J51OA1iFT1huIKp57EQyiX+DUqmUvJDNXj6dyTwHoBpEQISdYNwo3GRH4Be877GW3RgeGUHvqVPoOnQoNZzNXurNZE6yCL8CyLNdCMECmL6KMxkkBP64M4/m5mZ0xePdl0dHf+3p7t4NYMWPAA9c2IjwA851HAcMYhvDYZTmfkMsFkP7gQOxS1euFE6m0y0sIpAApl/U5obDIVSrkTURHW1tu7QTBe2EEeFLgJQikAC4ucrstdDUFIGUcq0d8fb2XXrCbnenUo+wiMYClNqYAyAwHt+zBxcuXgTVDCe353l9MTUe1tymOe+jBcEcECAs3C3jydZWw3pwzOFgb9odKC8tYkGTQTUTwmjeuYP/+J8CEUyAp6LuiPpAYAcCOcMigguQBP5tAvy3AP+RANpYCyQYW+nA1gqgLRcg/kcOkJfvfZobvB6k2IQ7wEaFpICwBBjOqoOVqgNH3YvbbuXtFgWdArVOcYLNhaUE9eWNFerD47BpFRUthMFxsixQ/zhEJBKoBeufnIsLC/R6Dtf6njZ76Gxei0hCODAgS5q1r88ehi0JR0ITxT/fToQBVNZ9E0I1Lm5Zkp9M8ewrnRj88hYcEGB0k9lv4K6d/+KWuQOfZtpwhiaWf3/LFdFIgCSqW584xrZz8f4cPuppxyfflxC1LXz+489QH6QAlrK2WZk1eiOHw/v24uPrRbz3zH6c1yLmBu+JEHVaUJdCiLWTv5nYj68K82iyJa7NzEC9fxwMxfYTMfmZoWMpkxMJC0z8cgd9nU8g9u7UMgDbc6B2ZriQGal/Gs+5pSoiIWlaUptKQkB6C26+N6JhMwmE4uIq3Mg2dsErtmM0n1d+gXNXVe94Qb2Qn1Wnc7MK/WMNcznGOS+Oz6ozn91UO4cmueBTmg/d5wApdXcsn9/usCBmg/Hjk0zHBbq+ncFLbXsBx8HLna2gc1cxcbACbY5BVAKJ72wTs0jBkgJj139CcSDRAeC2ZrlWQOVEKhV3VRH8IZQdmJx8Nb7PbImGQ0gknz0KYMWLRwemJh+MWhBQGP7mBxQHTfEbmiWuWSug7AZuwz8eKA8d7Rh5Z2qaA0tDR7yTLXhxXuO4JB2fzr4GoOAVv++CbBC25qPcT6b7bDeIH9Rs0Yw0fhMGR8W1slzjYqVBnDQXNZfxN/wFqsiorsQjI08AAAAASUVORK5CYII=');
INSERT INTO APP_AUTH_INFO (AUTH_ID,SYS_EMBD_YN,AUTH_NAME,AUTH_ICON) VALUES ('ADMN_MENU','Y','Menu Manage Authority','data:image/png;base64,iVBORw0KGgoAAAANSUhEUgAAACAAAAAgCAYAAABzenr0AAAE3klEQVR4Xr2V3W8UVRjGf2dm9qP7BdRiWo3VukArJm0C8hEK3kqpRhCJF/wBeCUmmvgHeGWLwE3/g/a6EL2R1hulkhCEEAiRJkXopvSDLpaCu213d459z2Rnkum6hdDwJO+emew57/PkfZ/zjgKck9+ev1Bxda/rumgNitrQgFJgWRaOY08M9n31HlDiJeAADUI+9OPX5PIFngdvvZbg5Dfns0ACePKyAuKVisti0WV8Oo/S1IVWsCkRR84AUV4SDnicJbfClngMrTVKUROmPUrJXvMMqI0QYBBRFpuTRsA6HlA4ykKzMXDwkpJK2NhOCu3WT60sRUPUpqLVxgnYmrL59MsfKJfLaOpD4d2C1sYIZ/rPzCqLF4ZSFrZtPzl9+vRWB6CjqczA999RfPY0YBHo/1ehUWit0GDa9iJIp1OcO3duE5B0AEpljyn3cAZLKZRlo7zEXhD2heyx5Nf8J/NjfRGB0Pb27eYMEHWq5nJdDUK8GjeuX8OyLTo63ieZTHgHPUm+gKmpHHfv/sW72W20vdMmCf2oowCqXIEHAtjehMOJOLS1Zfn5p2Fa336baCTGzPRDNm9p5OmzRbZlt7OwsEDEiZB7cJ/H8/PMzs7S+/EnVERAqBrVSgYaWCtAlFuWQinIP5qnWCjQ0vImK8slE9FYlHQ6TWNjIysrKySTSVKpFNPT0ywvLxONRrFtiz8u/8aBg4cYu/w73d7Kge6DJj8BV+0KiLuVUvT09lIql5m8f59UJkNLczNLS0tC4vdR9gk6u7oA5H/zX/ehDxEcDFY5Y3KHUVuAqYIiHouxo71dCI3iSCRSJa8KkPDL64sLEN67vgBb2UbE9T+vYTk2+fw8PR/1Sl9Dd1Lx4MHf3L59ix072mlv76BSqUiIiJBpA6xfAVvhOBb/Fgr09PQwPDzM6K8jfvmbXm/i5o0b7Nm3j/yjPI4T4d69e8zNzTEz85ATJ76oivCrEzZhGEFjNHK35YfFxSdcuXKF4lKR5eUllNJkMhnyc49IZzYRi8ZJpVO0vNGCditmTywWN1d4ZOQStuMwcukXWc27ZduS2wvbBr22AqLYN8qxz46b9z1799YdKILduz8A8L1yuOeIeT58pFdW/11yh/0QCJASeQLkMVS2uggbs+YaziNcVSJ/Eiq08YBC+ddxIxF4wcUC9NoWmFtgiC9evCBfKzYaYtCjR4+hrJoesPw+HT/+OUH5an0WFaECPW+7/BtSQwC+AFmDpGu9oJSEaZNvPll9sXUg5HUmodf/0dFRs+7fv99cvwCGxBCPj49z9epVurq66OzsxBtEZVzXE171mQJ0iKPuKHYcR8IkHRgYYOfOncTjcSYmJmhubuHx4zy7du2S4WOG0507d5iammJycpJTp075g8hHcEV9jvAg8g8o2wKlTMKxsTGy2awZMgsL/5BIJNjcuMUIKhaLZDJpWltbJbF5b2hoMJUZHBzEjkQYGhqSVd5lEElufxiFPfN6X1+fFpTLFROCUmlF37x5S+dyOS1Y/QTrelgd19p1ta5U3DVRLlVWz5ck/PzCKdxGQH9/v5/IlSzrIrQnOLtuVCGcwu2E+vKcA0jVdfj6CDgdQBcKhbGzZ892i4FeBWTICSegFZAGWoEmwOHVoAzMA5MOUJQHYA5QvBpoYEm4/wMB9CPlkfrZ3QAAAABJRU5ErkJggg==');
INSERT INTO APP_AUTH_INFO (AUTH_ID,SYS_EMBD_YN,AUTH_NAME,AUTH_ICON) VALUES ('ADMN_MESG','Y','Message Manage Authority','data:image/png;base64,iVBORw0KGgoAAAANSUhEUgAAACAAAAAgCAYAAABzenr0AAAABHNCSVQICAgIfAhkiAAAAAlwSFlzAAALEwAACxMBAJqcGAAAAjpJREFUWIXtlT1ok1EUht9z81O7SRS6KSpqbX4Ef9E0SSuCizStSJRScLUWXVwFm61Q11pbFBxECg7GzEKbxtTBVtSkglBc/BeVIg5C8p3XQa217Zf2axMczDvc4XLufR7uPdwL1PK/R5wU74gd3+ilp5NU36pgIqTw5bpvDSNTU8NFADCO4Gomlbp7NXAAICmgnPle/zHleHEg2nGhKRK/sVr4n1w2gUjbTDAaDwIOToBUnwCv1i6QVBW8VsEGAHD/nt47NOmpt+pOK7hVRBb1xuztS2tnL5E5Aa/W3VOBRyC5qpDKCTQPPAsRuj33PrQTSdGlCv2ReG/VBGjER8gbO3g1s+ImrAnUBP65gACWCFyVgYrbEJYzAcOHBBO7Wk9sXgu8KdJxBMpGI8gD817C5ZLPpO/7I+3XXVbpcSDavoLvmLliiYkXE+m3/li8RSijAADlDMV0Ps2kZh0JAMB0NtUPoL9cTXgw30ItydeR5EGPWx75o21dAKjQzPPxdMvCegMApFokK3K/II+KuJoL2VQfoV0Cc0ssnLcrNz8HKYBoDA/mFxk6SWT4yRYITylMDgCmx9OjxZLuh0GD3Zq5b/fQ1fwxQx2AMdt+TbXmuoNj4aHCJpT0DowcWNZA9QvF9E2cC/51TbFYzP3J8p2cfnB3xFZgfg4P5scE6AW1HmJukriycNNKxbYJCb0oIntEmcj1hDLVgJcXoKx3Gfe+bE/Tu2rBAZuHiMQ174fPrdmz1YXXUgsA/ACmzM4UA7jIIwAAAABJRU5ErkJggg==');
INSERT INTO APP_AUTH_INFO (AUTH_ID,SYS_EMBD_YN,AUTH_NAME,AUTH_ICON) VALUES ('ADMN_BORD','Y','Board Manage Authority','data:image/png;base64,iVBORw0KGgoAAAANSUhEUgAAACAAAAAgCAMAAABEpIrGAAAB6VBMVEUAAAD/ZjMrKyv/SST/YCD/VRwzMxpAKyvrYic3JCRbSTftWyRAMCBQQDA6IyNAKyA8KCI+KCJBJiE9KR9AJyJAJiLvXCTwWyI+KR9AKSA/KR9BKB/xWiPxWyXxWiTxWiM/JyDyWiRAKSHxWiPxWiXxWiU+KB8+Jx9AKCDomHFAKSHol24/KCDyWiRAKCE/KB9AKCDre03tekxAKCDxWSU/KCA/KSA/KCBFLSPxWyO2kHbxWiS0jXNGLSM+KCA/KCCBYU8/KCCHZlTxWiTxWiTxWiTxWiQ/KCA/KCC4kXe3j3Y/JyCObVrjtpXjt5VcQTReQzeObFk/KCDxWiTxWiTxWiQ/KB99XkyDY1HxWiQ/KCDnuZg/KCDmuZjouprou5rxWiQ/KCA/KSBAKCBAKSBCKiJDKyJGLiVHLiVHLiZJMihPNixTOi5cQjVdQjZfRDdjRzpnSz1rTT9vUkJxU0N1V0Z2V0d4WUmCYlCDYlCDY1GEZFGJaVaLalaWc1+XdV+demOfe2WwinGwi3K1jnS2kHa9lnu+lny/mHzFnIDGnYHIoILluJjmuZjou5nqu5rrvZzss4/stZLtbz7tcUHtv53vZTLvZjLvwZ/wwZ7wwZ/xWiTxWyXxWybxw6Dyw6Dzw6HzxKH0xaKTA5s/AAAAYXRSTlMABQYHCAkKDA0ODg4QEBYYJi0vMjQ8QENKUFFTWFpdXmFjZGxub3N7gIOEhIaIjJKYmZugoKGprbS0tra6u8DBz9DS2tvc3d7g7O3v9PT09fb29/f5+vv8/Pz9/f7+/v7+wo1VpgAAAV1JREFUOE91ylVDAlEQQOGxuxUDE2zF7u7ubh2xu7u7G0XHvL/UB0T2Lst5/Q6AMBd5bFywG5jKNa0NEREL/aQ9vAn1pVtLeLRe1YiYZ2PkCsQhwZIsdudqVOO4zsdwEHu8REMCIq5pTzZWFtcPNVuImM+7eTUOjV6xv24n1NjlzA0+OIxL7L9VHEEFN8TjDB4YhiOcxVRuyFhZmNQahs+p+eVcbqhk2ztM0N4mq+KGfrZ/LBxOd1k3N9Sxm1vhcHfNarkhixmVww32NRc8XzY6cQNETPPDXCTvYFd+JvTzCkfRAG71GoNrG9zFDuDb/qX3nw65sQN4FPTqvK/IU8oBIOb+9fvn7SHKBAMkvT8/Pr18JEqrQ1B2JxERUWdmoK0RW6qaSVCzyop3WQmJKvUWunJA7EQUavAAKacBf717t0o5UYtM5xZl0k5UbAYAACGmnCgIAADCUkymBPgFYd0U7tFqim4AAAAASUVORK5CYII=');
INSERT INTO APP_AUTH_INFO (AUTH_ID,SYS_EMBD_YN,AUTH_NAME,AUTH_ICON) VALUES ('ADMN_API','Y','API Test Authority','data:image/png;base64,iVBORw0KGgoAAAANSUhEUgAAACAAAAAgCAYAAABzenr0AAAFtUlEQVRYR7VXSWwTVxj+xtixcYxD9s1xViAUUEEFWqlhKUh0AYq6SJWQqiK1Ui890h5674ne6KmqhARtBC1IKQooQImaAkLsbQClJIEkJJiQxFnG8djj8Xiq9968WTwDZWn/y4zf9n3/9y9vLMDFBkRN+3mITcwp5lNSgZQKkGdaBeZVNpfIAsksG89k2aCmZqGpCnKqgkUeFd+3BbGrqVDIh3MMkAVHBmVtMFnwnxHQVBWvVwj4bWfZsxGwek/YPK8C/ysBIj8xawiI/CwMLATPReDaLAsBzwPuPVeC58DjCBBwYv9KgCTc9YkMeMytiWd9t8qfSUuYO3cM4uQjBhIqRW7ddkx6Sx0JSLxHLotcTqWJSQgReyWs4esNtRC++UvTrJnJ4+4Gzr2Pjw5g5pd9toTe8tmXaJebnooAVycEBcJXV+0ErLJzwNiFToizMyja8AFyviCSsTwCvgDqXtuGKw1vUy/DvZ30mJnWLTT++QoQAjxPHASsChDZ/z5xCHM3z9EDPSW18FdGkRq8AShpxtUXoA+hIIj5xnUITQ0BiSk2t6gMsxv3YDYlG4AsJxgBQVUgfH7RqQABJkY8Hz133Ca17YcOzgm4LQw3rUBvA1HCjL8rAQ7KDyEdb6TL9D7/8JrGpWhqakJM0pAeH8LDCd1rfaHgX0jfGpatxMOWTeiLJ/WKMOXPZTMQPj7PFCCAVqNtNS1h7PA+5KYfGFMEuHXrLvQXLkGvyIZJ+62bG0D2z7NAfBQcvGhxMVbu3I1DAwycmNV7VdMgfNhjhsCqAqlzYvHTB5Dqu0jfCfj6T/bi8BjrihycHZyFmpFQd7kdwjxTY9maV9EVXGXIz7Ofx58SeKfbJMBBPYqExCTzeqZjv5FwpNROYokrOD/cN3UXlTc6oBUU0v3e9TsQS8oQBdbYePYT+YkJW87Yk5DccPJZ02uuPfE++N5eXJ5xep7f9aLXjgCZlC2krStWolOoN7KfeE8JrO9yVsHc0W+hjfebB/gCaNu4Gcej7ztkt4IzD1WUDPSwciRWwJKxsbYKpwNL6Tv3nhJY3ukkkOtwJ3C0ZpdBit/39EAjwVjTKbl7gRHQwa0ESO1z720EyG3Gzf/7AQiDLPF4o6mJRHFr817IsqzH0rxsuOe840X7TsOTkWwhWLtqBQ4nwjZwSiDawRSwVkBRegJrpUFMTU9j7Pp5aBmJdjrv1j24H2qkpeTmOblwgtIUKgbOG+Cr16xBcXk57ssenByetZGiBMqOmSHgn1PWVZUXD0IYuUEJLK6sQe/LuyEsWKCroNeiftt5FBmRwR7De+L1H6jAA0mlbdcqPccQwkeyttuQyWnGo6Z7v9nbyWRpHSaWtCEdrmVn6ODE87KR6zbpI/X1uOqPYj6TdQWnCixqTzsIMBIKim6fQuGdHuq9wVhvsVqoDPPhKjocTIuOmOf0PWpxNe4Fyh3SG+eFDiVcCZAFhEBo6IoDnBLUG40xacl4Dk7mNq1+CT888j6ZAC+j/FWaIiN66UcjBNUVZQhUNWL4zi07AR2cxPzyHb3+AUSry+FvWO6afIYClQcnNVH/9nfQzGWhKjLq+7tRq8bR/O4eerFEJvvgG73Fluvgb2zbhhMPFcQSaVRND6GtuRqJcOUTwYv8PgjNPz3SQl4Pxll5GybK7DuOWyTkw+gca6/qfBwt/d02As2b3kLXmESzPVTgRdjvxajI1i8QBDpmNTJPTPj1XlLbfzuFIdEEI4RiYtL4V8Q3Gh0vJWKzFoMvy1hHaiO4KZTg0rh+P+dJSTyNBAsgqjljpiboYx+lbtnx6ZlJ7fhwEjNpe2x4AyJ7rKX6uBrnZxMC21sWo31H/dP9M7ISsII+K/ALE5hOsn5u9ZbG7TFdzU1NMvbMCuzuHNHuxmXEJAUkGV/UWosXojTgwcmPWp4uBCQxvzg1/KK4tv3fvdng+vf8HwVTHXME5UExAAAAAElFTkSuQmCC');

-- APP_USER_GROP_MAP
INSERT INTO APP_USER_GROP_MAP (USER_ID,GROP_ID) VALUES ('admin','ADMN');

-- APP_USER_ROLE_MAP
INSERT INTO APP_USER_ROLE_MAP (USER_ID,ROLE_ID) VALUES ('admin','ADMN');

-- APP_USER_AUTH_MAP
INSERT INTO APP_USER_AUTH_MAP (USER_ID,AUTH_ID) VALUES ('admin','ADMN');

-- APP_GROP_ROLE_MAP
INSERT INTO APP_GROP_ROLE_MAP (GROP_ID,ROLE_ID) VALUES ('ADMN','ADMN');

-- APP_GROP_AUTH_MAP
INSERT INTO APP_GROP_AUTH_MAP (GROP_ID,AUTH_ID) VALUES ('ADMN','ADMN');

-- APP_ROLE_AUTH_MAP
INSERT INTO APP_ROLE_AUTH_MAP (ROLE_ID,AUTH_ID) VALUES ('ADMN','ADMN');
INSERT INTO APP_ROLE_AUTH_MAP (ROLE_ID,AUTH_ID) VALUES ('ADMN','ADMN_USER');
INSERT INTO APP_ROLE_AUTH_MAP (ROLE_ID,AUTH_ID) VALUES ('ADMN','ADMN_GROP');
INSERT INTO APP_ROLE_AUTH_MAP (ROLE_ID,AUTH_ID) VALUES ('ADMN','ADMN_ROLE');
INSERT INTO APP_ROLE_AUTH_MAP (ROLE_ID,AUTH_ID) VALUES ('ADMN','ADMN_AUTH');
INSERT INTO APP_ROLE_AUTH_MAP (ROLE_ID,AUTH_ID) VALUES ('ADMN','ADMN_PROP');
INSERT INTO APP_ROLE_AUTH_MAP (ROLE_ID,AUTH_ID) VALUES ('ADMN','ADMN_CODE');
INSERT INTO APP_ROLE_AUTH_MAP (ROLE_ID,AUTH_ID) VALUES ('ADMN','ADMN_MENU');
INSERT INTO APP_ROLE_AUTH_MAP (ROLE_ID,AUTH_ID) VALUES ('ADMN','ADMN_MESG');
INSERT INTO APP_ROLE_AUTH_MAP (ROLE_ID,AUTH_ID) VALUES ('ADMN','ADMN_BORD');
INSERT INTO APP_ROLE_AUTH_MAP (ROLE_ID,AUTH_ID) VALUES ('ADMN','ADMN_API');

-- APP_MENU_INFO
INSERT INTO APP_MENU_INFO (MENU_ID,UPER_MENU_ID,MENU_SEQ,MENU_NAME,LINK_URL,LINK_TRGT) VALUES ('menu1','menu3',1,'Menu 1','/menu','SELF');
INSERT INTO APP_MENU_INFO (MENU_ID,UPER_MENU_ID,MENU_SEQ,MENU_NAME,LINK_URL,LINK_TRGT) VALUES ('menu2',NULL,2,'Menu 2','/menu','SELF');
INSERT INTO APP_MENU_INFO (MENU_ID,UPER_MENU_ID,MENU_SEQ,MENU_NAME,LINK_URL,LINK_TRGT) VALUES ('menu3',NULL,3,'Menu 3','/menu','SELF');
INSERT INTO APP_MENU_INFO (MENU_ID,UPER_MENU_ID,MENU_SEQ,MENU_NAME,LINK_URL,LINK_TRGT) VALUES ('menu4','menu6',4,'Menu 4','/menu','SELF');
INSERT INTO APP_MENU_INFO (MENU_ID,UPER_MENU_ID,MENU_SEQ,MENU_NAME,LINK_URL,LINK_TRGT) VALUES ('menu5',NULL,5,'Menu 5','/menu','SELF');
INSERT INTO APP_MENU_INFO (MENU_ID,UPER_MENU_ID,MENU_SEQ,MENU_NAME,LINK_URL,LINK_TRGT) VALUES ('menu6',NULL,6,'Menu 6','/menu','BLANK');
INSERT INTO APP_MENU_INFO (MENU_ID,UPER_MENU_ID,MENU_SEQ,MENU_NAME,LINK_URL,LINK_TRGT) VALUES ('menu7','menu6',7,'Menu 7','/menu','SELF');

-- APP_MESG_INFO
INSERT INTO APP_MESG_INFO (MESG_ID,SYS_EMBD_YN,SYS_INST_DATE,SYS_INST_USER_ID,SYS_UPDT_DATE,SYS_UPDT_USER_ID,MESG_DESC,MESG_NAME,MESG_VAL) VALUES ('INVALID_PARAM','N',{ts '2020-01-31 12:22:06.130000000'},null,{ts '2020-01-31 12:27:54.798000000'},null,'   .\nname - \nvalue -  ',' ','{}  .');
INSERT INTO APP_MESG_INFO (MESG_ID,SYS_EMBD_YN,SYS_INST_DATE,SYS_INST_USER_ID,SYS_UPDT_DATE,SYS_UPDT_USER_ID,MESG_DESC,MESG_NAME,MESG_VAL) VALUES ('INVALID_TIME','N',{ts '2020-01-31 12:25:13.196000000'},null,{ts '2020-01-31 12:27:37.760000000'},null,'   ','   ','  .\n(09:00~18:00)  .\n');

-- APP_BORD_INFO
INSERT INTO APP_BORD_INFO (BORD_ID,ACES_PLCY,CATE_USE_YN,BORD_DESC,FILE_USE_YN,BORD_ICON,BORD_NAME,PLCY_READ,RPLY_USE_YN,ROWS_PER_PAGE,BORD_SKIN,PLCY_WRIT) VALUES ('TEST_BOARD','ANONYMOUS','Y',' ','Y',null,' ','ANONYMOUS','Y',20,'default','ANONYMOUS');

-- APP_BORD_CATE_INFO
INSERT INTO APP_BORD_CATE_INFO (BORD_ID,CATE_ID,CATE_NAME,CATE_SEQ) VALUES ('TEST_BOARD','1','1',1);
INSERT INTO APP_BORD_CATE_INFO (BORD_ID,CATE_ID,CATE_NAME,CATE_SEQ) VALUES ('TEST_BOARD','2','2',2);
INSERT INTO APP_BORD_CATE_INFO (BORD_ID,CATE_ID,CATE_NAME,CATE_SEQ) VALUES ('TEST_BOARD','3','3',3);

-- APP_BORD_ATCL_INFO
INSERT INTO APP_BORD_ATCL_INFO (BORD_ID,ATCL_ID,ATCL_TITL,ATCL_ATHR) VALUES ('TEST_BOARD','01','   01','');
INSERT INTO APP_BORD_ATCL_INFO (BORD_ID,ATCL_ID,ATCL_TITL,ATCL_ATHR) VALUES ('TEST_BOARD','02','   02','');
INSERT INTO APP_BORD_ATCL_INFO (BORD_ID,ATCL_ID,ATCL_TITL,ATCL_ATHR) VALUES ('TEST_BOARD','03','   03','');
INSERT INTO APP_BORD_ATCL_INFO (BORD_ID,ATCL_ID,ATCL_TITL,ATCL_ATHR) VALUES ('TEST_BOARD','04','   04','');
INSERT INTO APP_BORD_ATCL_INFO (BORD_ID,ATCL_ID,ATCL_TITL,ATCL_ATHR) VALUES ('TEST_BOARD','05','   05','');
INSERT INTO APP_BORD_ATCL_INFO (BORD_ID,ATCL_ID,ATCL_TITL,ATCL_ATHR) VALUES ('TEST_BOARD','06','   06','');
INSERT INTO APP_BORD_ATCL_INFO (BORD_ID,ATCL_ID,ATCL_TITL,ATCL_ATHR) VALUES ('TEST_BOARD','07','   07','');
INSERT INTO APP_BORD_ATCL_INFO (BORD_ID,ATCL_ID,ATCL_TITL,ATCL_ATHR) VALUES ('TEST_BOARD','08','   08','');
INSERT INTO APP_BORD_ATCL_INFO (BORD_ID,ATCL_ID,ATCL_TITL,ATCL_ATHR) VALUES ('TEST_BOARD','09','   09','');
INSERT INTO APP_BORD_ATCL_INFO (BORD_ID,ATCL_ID,ATCL_TITL,ATCL_ATHR) VALUES ('TEST_BOARD','10','   10','');
INSERT INTO APP_BORD_ATCL_INFO (BORD_ID,ATCL_ID,ATCL_TITL,ATCL_ATHR) VALUES ('TEST_BOARD','11','   11','');
INSERT INTO APP_BORD_ATCL_INFO (BORD_ID,ATCL_ID,ATCL_TITL,ATCL_ATHR) VALUES ('TEST_BOARD','12','   12','');
INSERT INTO APP_BORD_ATCL_INFO (BORD_ID,ATCL_ID,ATCL_TITL,ATCL_ATHR) VALUES ('TEST_BOARD','13','   13','');
INSERT INTO APP_BORD_ATCL_INFO (BORD_ID,ATCL_ID,ATCL_TITL,ATCL_ATHR) VALUES ('TEST_BOARD','14','   14','');












-- INSERT INTO APP_ROLE_INFO (ROLE_ID,ROLE_NAME,ROLE_ICON) VALUES ('TEST1','Test Role','data:image/png;base64,iVBORw0KGgoAAAANSUhEUgAAAB0AAAAHCAYAAAD03kbyAAAAU0lEQVR42mNgGChQX1//oqGh4T8yBok1NjY6UiIHws3NzcogjMyHW4pNAT7N6HLInkC3BKelA+pTXC4GYheCBmHRi+wYFHWkWEqMT2HmEHIYXQEAdZgPSWQ/jckAAAAASUVORK5CYII=');
-- INSERT INTO APP_ROLE_INFO (ROLE_ID,ROLE_NAME,ROLE_ICON) VALUES ('TEST2','Test Role','data:image/png;base64,iVBORw0KGgoAAAANSUhEUgAAAB0AAAAHCAYAAAD03kbyAAAAU0lEQVR42mNgGChQX1//oqGh4T8yBok1NjY6UiIHws3NzcogjMyHW4pNAT7N6HLInkC3BKelA+pTXC4GYheCBmHRi+wYFHWkWEqMT2HmEHIYXQEAdZgPSWQ/jckAAAAASUVORK5CYII=');
-- INSERT INTO APP_ROLE_INFO (ROLE_ID,ROLE_NAME,ROLE_ICON) VALUES ('TEST3','Test Role','data:image/png;base64,iVBORw0KGgoAAAANSUhEUgAAAB0AAAAHCAYAAAD03kbyAAAAU0lEQVR42mNgGChQX1//oqGh4T8yBok1NjY6UiIHws3NzcogjMyHW4pNAT7N6HLInkC3BKelA+pTXC4GYheCBmHRi+wYFHWkWEqMT2HmEHIYXQEAdZgPSWQ/jckAAAAASUVORK5CYII=');
-- INSERT INTO APP_ROLE_INFO (ROLE_ID,ROLE_NAME,ROLE_ICON) VALUES ('TEST4','Test Role','data:image/png;base64,iVBORw0KGgoAAAANSUhEUgAAAB0AAAAHCAYAAAD03kbyAAAAU0lEQVR42mNgGChQX1//oqGh4T8yBok1NjY6UiIHws3NzcogjMyHW4pNAT7N6HLInkC3BKelA+pTXC4GYheCBmHRi+wYFHWkWEqMT2HmEHIYXQEAdZgPSWQ/jckAAAAASUVORK5CYII=');
-- INSERT INTO APP_ROLE_INFO (ROLE_ID,ROLE_NAME,ROLE_ICON) VALUES ('TEST5','Test Role','data:image/png;base64,iVBORw0KGgoAAAANSUhEUgAAAB0AAAAHCAYAAAD03kbyAAAAU0lEQVR42mNgGChQX1//oqGh4T8yBok1NjY6UiIHws3NzcogjMyHW4pNAT7N6HLInkC3BKelA+pTXC4GYheCBmHRi+wYFHWkWEqMT2HmEHIYXQEAdZgPSWQ/jckAAAAASUVORK5CYII=');
-- INSERT INTO APP_ROLE_INFO (ROLE_ID,ROLE_NAME,ROLE_ICON) VALUES ('TEST6','Test Role','data:image/png;base64,iVBORw0KGgoAAAANSUhEUgAAAB0AAAAHCAYAAAD03kbyAAAAU0lEQVR42mNgGChQX1//oqGh4T8yBok1NjY6UiIHws3NzcogjMyHW4pNAT7N6HLInkC3BKelA+pTXC4GYheCBmHRi+wYFHWkWEqMT2HmEHIYXQEAdZgPSWQ/jckAAAAASUVORK5CYII=');
-- INSERT INTO APP_ROLE_INFO (ROLE_ID,ROLE_NAME,ROLE_ICON) VALUES ('TEST7','Test Role','data:image/png;base64,iVBORw0KGgoAAAANSUhEUgAAAB0AAAAHCAYAAAD03kbyAAAAU0lEQVR42mNgGChQX1//oqGh4T8yBok1NjY6UiIHws3NzcogjMyHW4pNAT7N6HLInkC3BKelA+pTXC4GYheCBmHRi+wYFHWkWEqMT2HmEHIYXQEAdZgPSWQ/jckAAAAASUVORK5CYII=');
-- INSERT INTO APP_ROLE_INFO (ROLE_ID,ROLE_NAME,ROLE_ICON) VALUES ('TEST8','Test Role','data:image/png;base64,iVBORw0KGgoAAAANSUhEUgAAAB0AAAAHCAYAAAD03kbyAAAAU0lEQVR42mNgGChQX1//oqGh4T8yBok1NjY6UiIHws3NzcogjMyHW4pNAT7N6HLInkC3BKelA+pTXC4GYheCBmHRi+wYFHWkWEqMT2HmEHIYXQEAdZgPSWQ/jckAAAAASUVORK5CYII=');
-- INSERT INTO APP_ROLE_INFO (ROLE_ID,ROLE_NAME,ROLE_ICON) VALUES ('TEST9','Test Role','data:image/png;base64,iVBORw0KGgoAAAANSUhEUgAAAB0AAAAHCAYAAAD03kbyAAAAU0lEQVR42mNgGChQX1//oqGh4T8yBok1NjY6UiIHws3NzcogjMyHW4pNAT7N6HLInkC3BKelA+pTXC4GYheCBmHRi+wYFHWkWEqMT2HmEHIYXQEAdZgPSWQ/jckAAAAASUVORK5CYII=');
-- INSERT INTO APP_ROLE_INFO (ROLE_ID,ROLE_NAME,ROLE_ICON) VALUES ('TEST10','Test Role','data:image/png;base64,iVBORw0KGgoAAAANSUhEUgAAAB0AAAAHCAYAAAD03kbyAAAAU0lEQVR42mNgGChQX1//oqGh4T8yBok1NjY6UiIHws3NzcogjMyHW4pNAT7N6HLInkC3BKelA+pTXC4GYheCBmHRi+wYFHWkWEqMT2HmEHIYXQEAdZgPSWQ/jckAAAAASUVORK5CYII=');
-- INSERT INTO APP_ROLE_INFO (ROLE_ID,ROLE_NAME,ROLE_ICON) VALUES ('TEST11','Test Role','data:image/png;base64,iVBORw0KGgoAAAANSUhEUgAAAB0AAAAHCAYAAAD03kbyAAAAU0lEQVR42mNgGChQX1//oqGh4T8yBok1NjY6UiIHws3NzcogjMyHW4pNAT7N6HLInkC3BKelA+pTXC4GYheCBmHRi+wYFHWkWEqMT2HmEHIYXQEAdZgPSWQ/jckAAAAASUVORK5CYII=');
-- INSERT INTO APP_ROLE_INFO (ROLE_ID,ROLE_NAME,ROLE_ICON) VALUES ('TEST12','Test Role','data:image/png;base64,iVBORw0KGgoAAAANSUhEUgAAAB0AAAAHCAYAAAD03kbyAAAAU0lEQVR42mNgGChQX1//oqGh4T8yBok1NjY6UiIHws3NzcogjMyHW4pNAT7N6HLInkC3BKelA+pTXC4GYheCBmHRi+wYFHWkWEqMT2HmEHIYXQEAdZgPSWQ/jckAAAAASUVORK5CYII=');
-- 
-- 
-- INSERT INTO APP_GROP_INFO (GROP_ID,SYS_EMBD_YN,UPER_GROP_ID,GROP_NAME,GROP_DESC,GROP_ICON) VALUES ('IT','N',NULL,'IT Group','IT Group Description.',NULL);
-- 
-- 
-- 
-- -- APP_CODE_INFO
-- INSERT INTO APP_CODE_INFO (CODE_ID,SYS_EMBD_YN,SYS_INST_DATE,SYS_INST_USER_ID,SYS_UPDT_DATE,SYS_UPDT_USER_ID,CODE_DESC,CODE_NAME) VALUES ('TEST_CODE_1','N',{ts '2020-02-03 03:38:48.447000000'},null,null,null,'  ',' 1');
-- INSERT INTO APP_CODE_ITEM_INFO (CODE_ID,ITEM_ID,ITEM_DESC,ITEM_NAME,ITEM_SEQ) VALUES ('TEST_CODE_1','ITEM_1',null,'  1',1);
-- INSERT INTO APP_CODE_ITEM_INFO (CODE_ID,ITEM_ID,ITEM_DESC,ITEM_NAME,ITEM_SEQ) VALUES ('TEST_CODE_1','ITEM_2',null,'  2',2);
-- INSERT INTO APP_CODE_ITEM_INFO (CODE_ID,ITEM_ID,ITEM_DESC,ITEM_NAME,ITEM_SEQ) VALUES ('TEST_CODE_1','ITEM_3',null,'  3',3);
-- INSERT INTO APP_CODE_INFO (CODE_ID,SYS_EMBD_YN,SYS_INST_DATE,SYS_INST_USER_ID,SYS_UPDT_DATE,SYS_UPDT_USER_ID,CODE_DESC,CODE_NAME) VALUES ('TEST_CODE_2','N',{ts '2020-02-03 03:38:48.447000000'},null,null,null,'  ',' 2');
-- INSERT INTO APP_CODE_ITEM_INFO (CODE_ID,ITEM_ID,ITEM_DESC,ITEM_NAME,ITEM_SEQ) VALUES ('TEST_CODE_2','ITEM_1',null,'  1',1);
-- INSERT INTO APP_CODE_ITEM_INFO (CODE_ID,ITEM_ID,ITEM_DESC,ITEM_NAME,ITEM_SEQ) VALUES ('TEST_CODE_2','ITEM_2',null,'  2',2);
-- INSERT INTO APP_CODE_ITEM_INFO (CODE_ID,ITEM_ID,ITEM_DESC,ITEM_NAME,ITEM_SEQ) VALUES ('TEST_CODE_2','ITEM_3',null,'  3',3);
-- INSERT INTO APP_CODE_INFO (CODE_ID,SYS_EMBD_YN,SYS_INST_DATE,SYS_INST_USER_ID,SYS_UPDT_DATE,SYS_UPDT_USER_ID,CODE_DESC,CODE_NAME) VALUES ('TEST_CODE_3','N',{ts '2020-02-03 03:38:48.447000000'},null,null,null,'  ',' 3');
-- INSERT INTO APP_CODE_ITEM_INFO (CODE_ID,ITEM_ID,ITEM_DESC,ITEM_NAME,ITEM_SEQ) VALUES ('TEST_CODE_3','ITEM_1',null,'  1',1);
-- INSERT INTO APP_CODE_ITEM_INFO (CODE_ID,ITEM_ID,ITEM_DESC,ITEM_NAME,ITEM_SEQ) VALUES ('TEST_CODE_3','ITEM_2',null,'  2',2);
-- INSERT INTO APP_CODE_ITEM_INFO (CODE_ID,ITEM_ID,ITEM_DESC,ITEM_NAME,ITEM_SEQ) VALUES ('TEST_CODE_3','ITEM_3',null,'  3',3);
-- 
-- 
-- 
-- 
-- INSERT INTO APP_BORD_INFO (BORD_ID,ACES_PLCY,CATE_USE_YN,BORD_DESC,FILE_USE_YN,BORD_ICON,BORD_NAME,PLCY_READ,RPLY_USE_YN,ROWS_PER_PAGE,BORD_SKIN,PLCY_WRIT) VALUES ('TEST_BOARD','ANONYMOUS','Y',' ','Y',null,' ','ANONYMOUS','Y',20,'default','ANONYMOUS');
-- INSERT INTO APP_BORD_CATE_INFO (BORD_ID,CATE_ID,CATE_NAME,CATE_SEQ) VALUES ('TEST_BOARD','1','1',1);
-- INSERT INTO APP_BORD_CATE_INFO (BORD_ID,CATE_ID,CATE_NAME,CATE_SEQ) VALUES ('TEST_BOARD','2','2',2);
-- INSERT INTO APP_BORD_CATE_INFO (BORD_ID,CATE_ID,CATE_NAME,CATE_SEQ) VALUES ('TEST_BOARD','3','3',3);
-- 
-- 
-- 
-- 
-- 
-- INSERT INTO APP_USER_INFO (USER_ID,USER_NAME,USER_NICK,USER_EMAL,USER_STAT) VALUES ('test1','Test user 1','Test1','test1@oopscraft.net','ACTIVE');
-- INSERT INTO APP_USER_INFO (USER_ID,USER_NAME,USER_NICK,USER_EMAL,USER_STAT) VALUES ('test2','Test user 2','Test2','test2@oopscraft.net','ACTIVE');
-- INSERT INTO APP_USER_INFO (USER_ID,USER_NAME,USER_NICK,USER_EMAL,USER_STAT) VALUES ('test3','Test user 3','Test3','test3@oopscraft.net','ACTIVE');
-- INSERT INTO APP_USER_INFO (USER_ID,USER_NAME,USER_NICK,USER_EMAL,USER_STAT) VALUES ('test4','Test user 4','Test4','test4@oopscraft.net','CLOSED');
-- INSERT INTO APP_USER_INFO (USER_ID,USER_NAME,USER_NICK,USER_EMAL,USER_STAT) VALUES ('test5','Test user 5','Test5','test5@oopscraft.net','ACTIVE');
-- INSERT INTO APP_USER_INFO (USER_ID,USER_NAME,USER_NICK,USER_EMAL,USER_STAT) VALUES ('test6','Test user 6','Test6','test6@oopscraft.net','SUSPENDED');
-- INSERT INTO APP_USER_INFO (USER_ID,USER_NAME,USER_NICK,USER_EMAL,USER_STAT) VALUES ('test7','Test user 7','Test7','test7@oopscraft.net','ACTIVE');
-- INSERT INTO APP_USER_INFO (USER_ID,USER_NAME,USER_NICK,USER_EMAL,USER_STAT) VALUES ('test8','Test user 8','Test8','test8@oopscraft.net','ACTIVE');
-- INSERT INTO APP_USER_INFO (USER_ID,USER_NAME,USER_NICK,USER_EMAL,USER_STAT) VALUES ('test9','Test user 9','Test9','test9@oopscraft.net','ACTIVE');
-- INSERT INTO APP_USER_INFO (USER_ID,USER_NAME,USER_NICK,USER_EMAL,USER_STAT) VALUES ('test10','Test user 10','Test10','test10@oopscraft.net','ACTIVE');
-- INSERT INTO APP_USER_INFO (USER_ID,USER_NAME,USER_NICK,USER_EMAL,USER_STAT) VALUES ('test11','Test user 1','Test1','test1@oopscraft.net','ACTIVE');
-- INSERT INTO APP_USER_INFO (USER_ID,USER_NAME,USER_NICK,USER_EMAL,USER_STAT) VALUES ('test12','Test user 2','Test2','test2@oopscraft.net','ACTIVE');
-- INSERT INTO APP_USER_INFO (USER_ID,USER_NAME,USER_NICK,USER_EMAL,USER_STAT) VALUES ('test13','Test user 3','Test3','test3@oopscraft.net','ACTIVE');
-- INSERT INTO APP_USER_INFO (USER_ID,USER_NAME,USER_NICK,USER_EMAL,USER_STAT) VALUES ('test14','Test user 4','Test4','test4@oopscraft.net','CLOSED');
-- INSERT INTO APP_USER_INFO (USER_ID,USER_NAME,USER_NICK,USER_EMAL,USER_STAT) VALUES ('test15','Test user 5','Test5','test5@oopscraft.net','ACTIVE');
-- INSERT INTO APP_USER_INFO (USER_ID,USER_NAME,USER_NICK,USER_EMAL,USER_STAT) VALUES ('test16','Test user 6','Test6','test6@oopscraft.net','SUSPENDED');
-- INSERT INTO APP_USER_INFO (USER_ID,USER_NAME,USER_NICK,USER_EMAL,USER_STAT) VALUES ('test17','Test user 7','Test7','test7@oopscraft.net','ACTIVE');
-- INSERT INTO APP_USER_INFO (USER_ID,USER_NAME,USER_NICK,USER_EMAL,USER_STAT) VALUES ('test18','Test user 8','Test8','test8@oopscraft.net','ACTIVE');
-- INSERT INTO APP_USER_INFO (USER_ID,USER_NAME,USER_NICK,USER_EMAL,USER_STAT) VALUES ('test19','Test user 9','Test9','test9@oopscraft.net','ACTIVE');
-- INSERT INTO APP_USER_INFO (USER_ID,USER_NAME,USER_NICK,USER_EMAL,USER_STAT) VALUES ('test20','Test user 10','Test10','test10@oopscraft.net','ACTIVE');
-- INSERT INTO APP_USER_INFO (USER_ID,USER_NAME,USER_NICK,USER_EMAL,USER_STAT) VALUES ('test21','Test user 1','Test1','test1@oopscraft.net','ACTIVE');
-- INSERT INTO APP_USER_INFO (USER_ID,USER_NAME,USER_NICK,USER_EMAL,USER_STAT) VALUES ('test22','Test user 2','Test2','test2@oopscraft.net','ACTIVE');
-- INSERT INTO APP_USER_INFO (USER_ID,USER_NAME,USER_NICK,USER_EMAL,USER_STAT) VALUES ('test23','Test user 3','Test3','test3@oopscraft.net','ACTIVE');
-- INSERT INTO APP_USER_INFO (USER_ID,USER_NAME,USER_NICK,USER_EMAL,USER_STAT) VALUES ('test24','Test user 4','Test4','test4@oopscraft.net','CLOSED');
-- INSERT INTO APP_USER_INFO (USER_ID,USER_NAME,USER_NICK,USER_EMAL,USER_STAT) VALUES ('test25','Test user 5','Test5','test5@oopscraft.net','ACTIVE');
-- INSERT INTO APP_USER_INFO (USER_ID,USER_NAME,USER_NICK,USER_EMAL,USER_STAT) VALUES ('test26','Test user 6','Test6','test6@oopscraft.net','SUSPENDED');
-- INSERT INTO APP_USER_INFO (USER_ID,USER_NAME,USER_NICK,USER_EMAL,USER_STAT) VALUES ('test27','Test user 7','Test7','test7@oopscraft.net','ACTIVE');
-- INSERT INTO APP_USER_INFO (USER_ID,USER_NAME,USER_NICK,USER_EMAL,USER_STAT) VALUES ('test28','Test user 8','Test8','test8@oopscraft.net','ACTIVE');
-- INSERT INTO APP_USER_INFO (USER_ID,USER_NAME,USER_NICK,USER_EMAL,USER_STAT) VALUES ('test29','Test user 9','Test9','test9@oopscraft.net','ACTIVE');
-- INSERT INTO APP_USER_INFO (USER_ID,USER_NAME,USER_NICK,USER_EMAL,USER_STAT) VALUES ('test30','Test user 10','Test10','test10@oopscraft.net','ACTIVE');
-- INSERT INTO APP_USER_INFO (USER_ID,USER_NAME,USER_NICK,USER_EMAL,USER_STAT) VALUES ('test31','Test user 4','Test4','test4@oopscraft.net','CLOSED');
-- INSERT INTO APP_USER_INFO (USER_ID,USER_NAME,USER_NICK,USER_EMAL,USER_STAT) VALUES ('test32','Test user 5','Test5','test5@oopscraft.net','ACTIVE');
-- INSERT INTO APP_USER_INFO (USER_ID,USER_NAME,USER_NICK,USER_EMAL,USER_STAT) VALUES ('test33','Test user 6','Test6','test6@oopscraft.net','SUSPENDED');
-- INSERT INTO APP_USER_INFO (USER_ID,USER_NAME,USER_NICK,USER_EMAL,USER_STAT) VALUES ('test34','Test user 7','Test7','test7@oopscraft.net','ACTIVE');
-- INSERT INTO APP_USER_INFO (USER_ID,USER_NAME,USER_NICK,USER_EMAL,USER_STAT) VALUES ('test35','Test user 8','Test8','test8@oopscraft.net','ACTIVE');
-- INSERT INTO APP_USER_INFO (USER_ID,USER_NAME,USER_NICK,USER_EMAL,USER_STAT) VALUES ('test36','Test user 9','Test9','test9@oopscraft.net','ACTIVE');
-- INSERT INTO APP_USER_INFO (USER_ID,USER_NAME,USER_NICK,USER_EMAL,USER_STAT) VALUES ('test37','Test user 10','Test10','test10@oopscraft.net','ACTIVE');
-- 
-- 
-- INSERT INTO APP_ROLE_INFO (ROLE_ID,ROLE_NAME,ROLE_ICON) VALUES ('TEST','Test Role','data:image/png;base64,iVBORw0KGgoAAAANSUhEUgAAABAAAAAQCAYAAAAf8/9hAAACkklEQVR42pWSbUhTYRTH/3f37s2rrVaimdk00LSsDMOk+pAFBaZ9CAyLYGIYJAhh2Dc/FLRCSQmp7EMFVgst0IVoQaiVISrODNrEWZYvS4fu4jb3ovc+PbNA4hrYgcOB85z/73nOeQ6Df1hjY6OKhhKGYc5LkpQqimI4baOxQa1WPygoKAiFE8xqYrPZHEcIafXwsXvHRR6LhAGv1UCnYqAVJoC58QGWZfOKi4unmNVu9nq9PQuxaRlBZSQK9ydCzbFwekIYmQtgXlQgNG6Hb6TfKgjCARmgvr6+lOi31pHNyTBmhcVUsCThhxDExIIIv8RBJASjXRb4nV8vyQA1NTV9/L4TmdnJ8UiL4RESCbwhCZM+EdMBYD4oIU3P4d2QA86O5/0ygMlk8iTkXojM3BKFGF6JAJ2dK0Aw45coTIJaQbB7kxLNwwLsT256ZYDKykrPnrPlkfHrtdCwDHxLBH7qHK2MCg+RA7brODz+NIvPj67JARUVFX078ooy9XEGWszQfrEc9WoGGzUK6KkHafJhxyBsL+/JWygrKyvVJaTU7cw3IoIK6bwQrVUgOoJFHM8uv6r1mw9vG+5i1jEkH6LRaNRwHPfFcCg3Mf3wcaRs4CiABa+k7SxK6J4M4OPrFox2Nltp+d/fSKq56p+ajJRbjoNHXC7XtD5pV5Ih+xjWxWyDBAJhcgyOD22YGbYO0kXLtVgsK4sUFiOnttw/+Azvu+1vzGL+KbfbXUKPzlFP/VNmo/5UpVLdb2pqWlllUoUq5Ny54re3obe9DdMCes+8QhbWYAy5jhtSjumqaG9R9HT1wOleu/g3oErnXUov4ifaa6WBMXSebsbRtYqXAVOXcXvWh4vf52A5+QKF/yMO2y87gBXoaYuE6wAAAABJRU5ErkJggg==');
-- 
-- INSERT INTO APP_USER_ROLE_MAP (USER_ID,ROLE_ID) VALUES ('admin','TEST');
-- INSERT INTO APP_AUTH_INFO (AUTH_ID,AUTH_NAME) VALUES ('USER_READ', 'User Read Authority');
-- INSERT INTO APP_AUTH_INFO (AUTH_ID,AUTH_NAME) VALUES ('USER_MDFY', 'User Modification Authority');
-- INSERT INTO APP_USER_AUTH_MAP (USER_ID,AUTH_ID) VALUES ('admin','USER_READ');
-- INSERT INTO APP_USER_AUTH_MAP (USER_ID,AUTH_ID) VALUES ('admin','USER_MDFY');
-- INSERT INTO APP_MENU_INFO (MENU_ID,UPER_MENU_ID,MENU_SEQ,MENU_NAME) VALUES ('menu1','menu3',1,'Menu 1');
-- INSERT INTO APP_MENU_INFO (MENU_ID,UPER_MENU_ID,MENU_SEQ,MENU_NAME) VALUES ('menu2',NULL,2,'Menu 2');
-- INSERT INTO APP_MENU_INFO (MENU_ID,UPER_MENU_ID,MENU_SEQ,MENU_NAME) VALUES ('menu3',NULL,3,'Menu 3');
-- INSERT INTO APP_MENU_INFO (MENU_ID,UPER_MENU_ID,MENU_SEQ,MENU_NAME) VALUES ('menu4','menu6',4,'Menu 4');
-- INSERT INTO APP_MENU_INFO (MENU_ID,UPER_MENU_ID,MENU_SEQ,MENU_NAME) VALUES ('menu5',NULL,5,'Menu 5');
-- INSERT INTO APP_MENU_INFO (MENU_ID,UPER_MENU_ID,MENU_SEQ,MENU_NAME) VALUES ('menu6',NULL,6,'Menu 6');
-- INSERT INTO APP_MENU_INFO (MENU_ID,UPER_MENU_ID,MENU_SEQ,MENU_NAME) VALUES ('menu7','menu6',7,'Menu 7');
-- 
-- INSERT INTO APP_PROP_INFO (PROP_ID,PROP_NAME,PROP_DESC,PROP_VAL) VALUES ('prop1','prop name1','prop desc1','prop value1');
-- INSERT INTO APP_PROP_INFO (PROP_ID,PROP_NAME,PROP_DESC,PROP_VAL) VALUES ('prop2','prop name2','prop desc2','prop value2');
-- INSERT INTO APP_PROP_INFO (PROP_ID,PROP_NAME,PROP_DESC,PROP_VAL) VALUES ('prop3','prop name3','prop desc3','prop value3');
-- INSERT INTO APP_PROP_INFO (PROP_ID,PROP_NAME,PROP_DESC,PROP_VAL) VALUES ('prop4','prop name4','prop desc4','prop value4');
-- INSERT INTO APP_PROP_INFO (PROP_ID,PROP_NAME,PROP_DESC,PROP_VAL) VALUES ('prop5','prop name5','prop desc5','prop value5');
-- 
-- INSERT INTO APP_MESG_INFO (MESG_ID,SYS_EMBD_YN,SYS_INST_DATE,SYS_INST_USER_ID,SYS_UPDT_DATE,SYS_UPDT_USER_ID,MESG_DESC,MESG_NAME,MESG_VAL) VALUES ('INVALID_PARAM','N',{ts '2020-01-31 12:22:06.130000000'},null,{ts '2020-01-31 12:27:54.798000000'},null,'   .\nname - \nvalue -  ',' ','{}  .');
-- INSERT INTO APP_MESG_INFO (MESG_ID,SYS_EMBD_YN,SYS_INST_DATE,SYS_INST_USER_ID,SYS_UPDT_DATE,SYS_UPDT_USER_ID,MESG_DESC,MESG_NAME,MESG_VAL) VALUES ('INVALID_TIME','N',{ts '2020-01-31 12:25:13.196000000'},null,{ts '2020-01-31 12:27:37.760000000'},null,'   ','   ','  .\n(09:00~18:00)  .\n');
-- 
-- 
-- -- APP_SAMP_INFO
-- INSERT INTO APP_SAMP_INFO (KEY_1,KEY_2,SYS_EMBD_YN,SYS_INST_DATE,SYS_INST_USER_ID,SYS_UPDT_DATE,SYS_UPDT_USER_ID,VAL_YN,VAL_CHAR,VAL_CLOB,VAL_ENUM,VAL_INT,VAL_LONG) VALUES ('1','1',NULL,NULL,NULL,NULL,NULL,'Y','VARCHAR','CLOB','CODE_1',10,100);


