



INSERT INTO "PUBLIC"."APP_ATCL_INFO" (ATCL_ID,SYS_EMBD_YN,SYS_INST_DATE,SYS_INST_USER_ID,SYS_UPDT_DATE,SYS_UPDT_USER_ID,ATCL_ATHR,BORD_ID,CATE_ID,ATCL_CNTS,ATCL_DATE,ATCL_FOMT,NOTI_YN,ATCL_PASS,ATCL_TITL,USER_ID) VALUES ('01',null,null,null,null,null,null,'TEST1',null,'게시물내용게시물내용게시물내용<img src="https://www.google.co.kr/images/branding/googlelogo/1x/googlelogo_color_272x92dp.png"/>게시물내용게시물내용게시물내용',null,null,null,null,'게시판 테스트 글 01','admin');
INSERT INTO "PUBLIC"."APP_ATCL_INFO" (ATCL_ID,SYS_EMBD_YN,SYS_INST_DATE,SYS_INST_USER_ID,SYS_UPDT_DATE,SYS_UPDT_USER_ID,ATCL_ATHR,BORD_ID,CATE_ID,ATCL_CNTS,ATCL_DATE,ATCL_FOMT,NOTI_YN,ATCL_PASS,ATCL_TITL,USER_ID) VALUES ('02',null,null,null,null,null,null,'TEST1',null,'게시물내용게시물내용게시물내용<img src="https://www.google.co.kr/images/branding/googlelogo/1x/googlelogo_color_272x92dp.png"/>게시물내용게시물내용게시물내용',null,null,null,null,'게시판 테스트 글 02','admin');
INSERT INTO "PUBLIC"."APP_ATCL_INFO" (ATCL_ID,SYS_EMBD_YN,SYS_INST_DATE,SYS_INST_USER_ID,SYS_UPDT_DATE,SYS_UPDT_USER_ID,ATCL_ATHR,BORD_ID,CATE_ID,ATCL_CNTS,ATCL_DATE,ATCL_FOMT,NOTI_YN,ATCL_PASS,ATCL_TITL,USER_ID) VALUES ('03',null,null,null,null,null,null,'TEST1',null,'게시물내용게시물내용게시물내용<img src="https://www.google.co.kr/images/branding/googlelogo/1x/googlelogo_color_272x92dp.png"/>게시물내용게시물내용게시물내용',null,null,null,null,'게시판 테스트 글 03','admin');
INSERT INTO "PUBLIC"."APP_ATCL_INFO" (ATCL_ID,SYS_EMBD_YN,SYS_INST_DATE,SYS_INST_USER_ID,SYS_UPDT_DATE,SYS_UPDT_USER_ID,ATCL_ATHR,BORD_ID,CATE_ID,ATCL_CNTS,ATCL_DATE,ATCL_FOMT,NOTI_YN,ATCL_PASS,ATCL_TITL,USER_ID) VALUES ('04',null,null,null,null,null,null,'TEST1',null,'게시물내용게시물내용게시물내용<img src="https://www.google.co.kr/images/branding/googlelogo/1x/googlelogo_color_272x92dp.png"/>게시물내용게시물내용게시물내용',null,null,null,null,'게시판 테스트 글 04','admin');
INSERT INTO "PUBLIC"."APP_ATCL_INFO" (ATCL_ID,SYS_EMBD_YN,SYS_INST_DATE,SYS_INST_USER_ID,SYS_UPDT_DATE,SYS_UPDT_USER_ID,ATCL_ATHR,BORD_ID,CATE_ID,ATCL_CNTS,ATCL_DATE,ATCL_FOMT,NOTI_YN,ATCL_PASS,ATCL_TITL,USER_ID) VALUES ('05',null,null,null,null,null,null,'TEST1',null,'게시물내용게시물내용게시물내용<img src="https://www.google.co.kr/images/branding/googlelogo/1x/googlelogo_color_272x92dp.png"/>게시물내용게시물내용게시물내용',null,null,null,null,'게시판 테스트 글 05','admin');
INSERT INTO "PUBLIC"."APP_ATCL_INFO" (ATCL_ID,SYS_EMBD_YN,SYS_INST_DATE,SYS_INST_USER_ID,SYS_UPDT_DATE,SYS_UPDT_USER_ID,ATCL_ATHR,BORD_ID,CATE_ID,ATCL_CNTS,ATCL_DATE,ATCL_FOMT,NOTI_YN,ATCL_PASS,ATCL_TITL,USER_ID) VALUES ('06',null,null,null,null,null,null,'TEST1',null,'게시물내용게시물내용게시물내용<img src="https://www.google.co.kr/images/branding/googlelogo/1x/googlelogo_color_272x92dp.png"/>게시물내용게시물내용게시물내용',null,null,null,null,'게시판 테스트 글 06','admin');
INSERT INTO "PUBLIC"."APP_ATCL_INFO" (ATCL_ID,SYS_EMBD_YN,SYS_INST_DATE,SYS_INST_USER_ID,SYS_UPDT_DATE,SYS_UPDT_USER_ID,ATCL_ATHR,BORD_ID,CATE_ID,ATCL_CNTS,ATCL_DATE,ATCL_FOMT,NOTI_YN,ATCL_PASS,ATCL_TITL,USER_ID) VALUES ('07',null,null,null,null,null,null,'TEST1',null,'게시물내용게시물내용게시물내용<img src="https://www.google.co.kr/images/branding/googlelogo/1x/googlelogo_color_272x92dp.png"/>게시물내용게시물내용게시물내용',null,null,null,null,'게시판 테스트 글 07','admin');
INSERT INTO "PUBLIC"."APP_ATCL_INFO" (ATCL_ID,SYS_EMBD_YN,SYS_INST_DATE,SYS_INST_USER_ID,SYS_UPDT_DATE,SYS_UPDT_USER_ID,ATCL_ATHR,BORD_ID,CATE_ID,ATCL_CNTS,ATCL_DATE,ATCL_FOMT,NOTI_YN,ATCL_PASS,ATCL_TITL,USER_ID) VALUES ('08',null,null,null,null,null,null,'TEST1',null,'게시물내용게시물내용게시물내용<img src="https://www.google.co.kr/images/branding/googlelogo/1x/googlelogo_color_272x92dp.png"/>게시물내용게시물내용게시물내용',null,null,null,null,'게시판 테스트 글 08','admin');
INSERT INTO "PUBLIC"."APP_ATCL_INFO" (ATCL_ID,SYS_EMBD_YN,SYS_INST_DATE,SYS_INST_USER_ID,SYS_UPDT_DATE,SYS_UPDT_USER_ID,ATCL_ATHR,BORD_ID,CATE_ID,ATCL_CNTS,ATCL_DATE,ATCL_FOMT,NOTI_YN,ATCL_PASS,ATCL_TITL,USER_ID) VALUES ('09',null,null,null,null,null,null,'TEST1',null,'게시물내용게시물내용게시물내용<img src="https://www.google.co.kr/images/branding/googlelogo/1x/googlelogo_color_272x92dp.png"/>게시물내용게시물내용게시물내용',null,null,null,null,'게시판 테스트 글 09','admin');
INSERT INTO "PUBLIC"."APP_ATCL_INFO" (ATCL_ID,SYS_EMBD_YN,SYS_INST_DATE,SYS_INST_USER_ID,SYS_UPDT_DATE,SYS_UPDT_USER_ID,ATCL_ATHR,BORD_ID,CATE_ID,ATCL_CNTS,ATCL_DATE,ATCL_FOMT,NOTI_YN,ATCL_PASS,ATCL_TITL,USER_ID) VALUES ('10',null,null,null,null,null,null,'TEST1',null,'게시물내용게시물내용게시물내용<img src="https://www.google.co.kr/images/branding/googlelogo/1x/googlelogo_color_272x92dp.png"/>게시물내용게시물내용게시물내용',null,null,null,null,'게시판 테스트 글 10','admin');
INSERT INTO "PUBLIC"."APP_ATCL_INFO" (ATCL_ID,SYS_EMBD_YN,SYS_INST_DATE,SYS_INST_USER_ID,SYS_UPDT_DATE,SYS_UPDT_USER_ID,ATCL_ATHR,BORD_ID,CATE_ID,ATCL_CNTS,ATCL_DATE,ATCL_FOMT,NOTI_YN,ATCL_PASS,ATCL_TITL,USER_ID) VALUES ('11',null,null,null,null,null,null,'TEST1',null,'게시물내용게시물내용게시물내용<img src="https://www.google.co.kr/images/branding/googlelogo/1x/googlelogo_color_272x92dp.png"/>게시물내용게시물내용게시물내용',null,null,null,null,'게시판 테스트 글 11','admin');
INSERT INTO "PUBLIC"."APP_ATCL_INFO" (ATCL_ID,SYS_EMBD_YN,SYS_INST_DATE,SYS_INST_USER_ID,SYS_UPDT_DATE,SYS_UPDT_USER_ID,ATCL_ATHR,BORD_ID,CATE_ID,ATCL_CNTS,ATCL_DATE,ATCL_FOMT,NOTI_YN,ATCL_PASS,ATCL_TITL,USER_ID) VALUES ('12',null,null,null,null,null,null,'TEST1',null,'게시물내용게시물내용게시물내용<img src="https://www.google.co.kr/images/branding/googlelogo/1x/googlelogo_color_272x92dp.png"/>게시물내용게시물내용게시물내용',null,null,null,null,'게시판 테스트 글 12','admin');
INSERT INTO "PUBLIC"."APP_ATCL_INFO" (ATCL_ID,SYS_EMBD_YN,SYS_INST_DATE,SYS_INST_USER_ID,SYS_UPDT_DATE,SYS_UPDT_USER_ID,ATCL_ATHR,BORD_ID,CATE_ID,ATCL_CNTS,ATCL_DATE,ATCL_FOMT,NOTI_YN,ATCL_PASS,ATCL_TITL,USER_ID) VALUES ('13',null,null,null,null,null,null,'TEST1',null,'게시물내용게시물내용게시물내용<img src="https://www.google.co.kr/images/branding/googlelogo/1x/googlelogo_color_272x92dp.png"/>게시물내용게시물내용게시물내용',null,null,null,null,'게시판 테스트 글 13','admin');
INSERT INTO "PUBLIC"."APP_ATCL_INFO" (ATCL_ID,SYS_EMBD_YN,SYS_INST_DATE,SYS_INST_USER_ID,SYS_UPDT_DATE,SYS_UPDT_USER_ID,ATCL_ATHR,BORD_ID,CATE_ID,ATCL_CNTS,ATCL_DATE,ATCL_FOMT,NOTI_YN,ATCL_PASS,ATCL_TITL,USER_ID) VALUES ('14',null,null,null,null,null,null,'TEST1',null,'게시물내용게시물내용게시물내용<img src="https://www.google.co.kr/images/branding/googlelogo/1x/googlelogo_color_272x92dp.png"/>게시물내용게시물내용게시물내용',null,null,null,null,'게시판 테스트 글 14','admin');




INSERT INTO "PUBLIC"."APP_AUTH_INFO" (AUTH_ID,SYS_EMBD_YN,SYS_INST_DATE,SYS_INST_USER_ID,SYS_UPDT_DATE,SYS_UPDT_USER_ID,AUTH_DESC,AUTH_ICON,AUTH_NAME) VALUES ('ADMN','Y',null,null,{ts '2020-05-05 18:24:20.510000000'},'admin','Administrator Authority','data:image/png;base64,iVBORw0KGgoAAAANSUhEUgAAACAAAAAgCAYAAABzenr0AAAE1mlDQ1BJQ0MgUHJvZmlsZQAAeJzllWtMk3cUxp/37R2otFCLTNFXxhBZYR2grEII0CEDEbBUoIx09iZUW3jzUhFkUxlG8IYXmMrChhIUlWwuKA4ZzhsToolDzJDhvGA13hBvgwREuw9d5INxyT57Pj15knNyzj/5/R+Af1RH0xYSgDXPxqjiY6lMTRbF6wUXfEjgCU+doYCOSU1NwltrpBcEAFwO0tG0pSlpvulm6/X5vgP6DY+OBxnf3gcAEDKZmiyAoABIcpw6DIBE79SfAZCstNE2gMgGIDHk6owAQQOQMWqVEiBqAYznqFVKgNwNYFyvVikBVjWA8UJDjg1gbwMgzzOa8wD2KYA1yWgqMAC8bgAbDTRjA/jZAIKs1nwjwN8MICBTk0U518xfBygOAqTPhLcEwE85gPTxhDdLBUi9gDbphPd8BggAxCc/FywNDQEAEOI2gO/ncAzVAC6VwMt5DseY2OEY7wE4MqBpumEFU/jvGxUBYMEFXpiNGGhRikPoJ8REClFNDJDh5E7yFYtmDbIZDpuzl5vAfcU7yd8sMLkkuka6zRMqJ2W4F4rqxY88MyU3paVT5nqPTu3w2TojdSbbt92vxD82wH327Q9PB+3/qOrjitDyOZXhexTtEfYoaXR6bP2nL+KXJPQkpST3LbKq3dJbNOZsf+2grs24LceyLMUaTvsVSAp5ReMlT1ffKb2yrqu8deOBLbu3VVSV7KRrzLVL68z1zL6yA983dfw43BzWUtZqb1988trZFZ3S82cuFvdE9gr/HLzWP9B3594D16GYZ1tGnrxY7nC8cbsbpkKOBbDiG3RglJhLrCLOkd6kjexjxbHa2Ar2aU4a5zF3J28+n+B3Cna5MK4ZbvHCmElx7iqRWVzp0SFxnayXnp8S4901VetDTD9C0b6Rfl7+xKyxQMgkwaFybUhV2KVwqUIf0RzFjs6MPRrnE1+VODmpPiVi0Q31loy4LE72xS++0xeYknODl4usw3R/wa+Fe4vXfqlZIysdWXes3Lpx2ubftubu4FU37IquuV67us5v76WG8sbEQ9N+wOHRI4Jjc46vaR88taYjoPPGhcbfyy+XXam7ar+Zdnv4fvfQw7+TRl+8cTsJASR4H+FIRR524Bc8ICgim9hDPCSjyBryJWs5y842sp9yKriB3D7edn6GIMCF4zLkesttQDjoDpGPWOXRKPGe3Oi10Jv3Xve0huklVIpvoJ+HPy9AEOglkwenydeGtIQ9DQ9VFEeciRJGp8fuj0O8MaEnKTH5/CJ12t30rzUffN6tLdNFGsaXnjFXWrT5oYzQdn9l16qDX21am1eWvD5wA3vT1crm7RXVS3YpvvWqHauz1/+xr/tAX9Ojwx7NCS3VrSPtzCnB2aOdyy4EXXT02Hv/6n94Q2LX3D0xGPfk2XDX2AWHw8mqkxDnnwIA90on9PPc15oAnDwDAIsLNJQDi+3AgnNATSLgHwl4GoFUIaBWgLhlADEwE8QDMVgoAvmuUfWukfSu0QM4Mw0AIDIv1Bkopc5i1jM6m+l1DItgxkLoYAAFJXSwwAw9GOhggwnG/2r9f2UzFdkAQJlPFzPmnFwbFUPTFhOlzLfSK2wmRkYl5BmCZVSIXB4KAM7cBQCuCKjNAoATz7RvzP0HbnfbUKLmT0AAAAiMSURBVFiF5ZdpbFzVFcd/7814Zjyrd8cej/c4TiEuJdA0IoI2CZTK0EXFRS2iMoKW2lIJlA8lbSVSIVQEghKh2HLsNCkI1MgFqQkhaQiUBKWUYCWFOF4yTryM1/Hsq2fe1g+esWzHgQr1W490pfvuu+d//ud/7nlPF/7fTfiyjgcP/vkPmia0CYLmEAShs7X1p+3/S2IrrKen5+79+3seXLn2p9C0N6bNB1PagQMHteXv9u/vebCnp+fu/wZb/KIN3d3dHSWlzuNV1bWvdnV1P59dV1WVUCRFMJxCVdWl/V1d3c9XVde+WlLqPN7d3d3xRfifW4Kurq5NFlv+Z7fd8R30osb77x4lEY/9ThSFO4Gbtn/7PodOn8O7x/4C8IYgaIeNRsvftt91L7IqcPb0ceLRYNOjjz568UsRAOjo6Hi98catPyktqyQVnycaCVJeXo7BZEUlB4B0MsxCMsb42Chlzipybevwzk4w1P/RG+3t7Q98Hv6aJdi3b199di5JyrErlz9DVRRsjlJc1RtBZyeW0IhEU8RiKVTBjD2/nK9u3kZBkRNZlnAPXUDTtM61MD9Xgb1793ZYLI62WCx0QNPEEwZDTu/Xt27Hai8knkjjmRjl8vAl/D4vsVgUgILCYsqdLho3bsJuz8NiNjB+dYDhwQudwAFN09qs1ryH4/Fw565du9qvS+C55/7YXF7hfHvHzrsZH3Vz4fw5tmz9JlZ7EYFglDOnT6GqKq7KGkpLyzFbrKiqQiQcwuMZY2bKQ5nTxZYtW7FZTYxfHWBo8CI3b95CVc163jt1gunJqXueeuqJY9mY+hVshHQNQg4jo150ukLu2P49BFGH1xem79w/KSkpx1VVi8mUC4CmgSDocOQVYncUUFlVx9joCB9+eIatW2+jomoDTlc9gVCKkVEvCDmLMZbZCgI1NTWdIyPDNfOznl9V1W1CKq5AAMbGr+Bw5OOqqkOv1yPL8lrlxGy2Ule3gdFRN0NDg1RW1aJp4PN6mLjaTyqVeKm+vrZzuc+aXbBnz7OtpWWVB+sabiGVWmBm2kNpaTm5ZgsAyUQU93AfkbAfURDJKyimrmEzRqMZgFgsytzsFBWuaoxGE1cu9zE3M/HQnj2/PbQ61ppdoGnpO622QvR6gUgkjMFgRJ9jQJIkwiEfn3z0NvNz47/2zk1VxGLB2smJkT3nzh4lHPIhSRJGowmjKZdQMIAhRySvYB0g3bdWrCUFdu/+TYcoim3Z5+13tZCWRGZmZjAYjVgsNgDcA2eZm514/MUXX9i7HOjJJ5/cVVTserlx0+0AxONRFhaSlJeVY7Xk8Pdjr2eS08KCIHY+++wzuyFzBlpaWnSaprX98Ec/o7jIRiSSxB+MEQpH0VQBnZiDlF6se8A/SyIRe3V1Jh988EHHjh07X06n0giCiF5nRNBSxGILWHIN/PiBX+BwmJme8Tve6u1pA3YvlaC3t1eRJInB4UnOnB3k3xfH8Ez6WFhIZViDJElIkoSiyDQ3N18jZV9fnyjLciydSiHLEqqqgCCSTqeZnPbzaf84Z84OMnLViywrjqzfUhfIstR57mzvUgmaNt+DqNODICIIGqm0RJ7DgiOvBLf7ymOapj0jCIKakVV45ZVXHnfkFVltdjOhcAKDQY8g6pAyHfNZ39FFUospLXXCml3Q3v7LD9dv3LbNYi1EpxOxWk2EwwkKC2zoRQn38MdYLObf79y58yWAU6fefyIej++p33ALGibmfRHy8yxEYwvIssJCMsLwpfcu7tu3r2l1LP214SGdlo/45ye3GYwOQIcA6HQifn+EsnX5NN10G965sadPnz7zNIDNbqd+/U2kJD0zc0FEUcioqiBJMv55D6mUdGStWLrVC4888sjzZrN5z/qGGzGZrMRiSYzGHOxWE+FonEgkgagzUOGqpqFhI67KOkymAnz+BDOzARRFoaTIjiTJhEIxLBYjVksOgcDs7U2bbrScP3/+3eXxVpSgtbW1tbxi/cGv3PANZuYiaJqaOdEiGzdUkJYUpmcCRGPJtZLBbjNTXl6A0aDn0sAEsqIuYZSV2hm49C+mJ90PHTp06NCaJVBVdcQ372ViMkAoMIF3dgin62tYbMV8enGMhgYnjQ1OZuaCeL1hEsnFLrFYTJSV5lFaks+8P8zAwASKqhKLzDE9+Skl6xqRpEp8815UVR25rgIA999/f4fBaG5LpxIHVFU9ZjDmvlVReQsWazEAxUV2GuqdFJfkIQqL7oqi4J0PMzDkIRyOAxCLepmc+AQB7V5Zlr9vMJofTqcSnYcPH77+7zhrLS0tzt7e3qnM/Af6HONbdRvuQhBWfrkNBj2qqiHLyop1TVO5MnSSdDr53TfffPPoaszlds0hBBgYGIhm542NjY/V1N18q6izEg5OEQ5NIQg6RDEHSZKRZQVVVUnEAwT8V5GlNKZcGzarBb9vMjQ4OHhsNeYXEshac3NzrdFofS2/8AYUWWFy4hyhgOeZcHA8zzc3tC4vvwY0geH+IwT9o33xmK8rmQx9y2Z3gWAmHPTcWlNT+Zrb7Q5eL8ZqAgKLn2c9YHC73YnKSmdRIj6/OZEIEPBPdh8/fvyFoaGhN+rr63+eX1hnBAGfd4gjR47cOjw83FfhLHOoanqzf/4y8Xiw65133vlrBnfNci/vAjEzjIAJMAOWEydOvF5dXT1jtVpd/f39nwD3AoKiKHol02aZe8E9gHby5MmPm5pmxWQy2ed2u88ApUACSAIpQAa0zFhSIMtQnyFgBRyAHbCEQqGY1+udyDipgFpQUGCOhscrgn53TigU+ofH47mQAVfm5uZGAoHA7LKktOy7jP/STWq5LNnNBiA3o0BuRg1Dhpxu2b6sfxYsS07JBEtnMk6uUiBL4hoCy5XQXWdkg6+uaVZSddlQlg152fqKe+R/AIPp8sF7eF2hAAAAAElFTkSuQmCC','Administrator Authority');
INSERT INTO "PUBLIC"."APP_AUTH_INFO" (AUTH_ID,SYS_EMBD_YN,SYS_INST_DATE,SYS_INST_USER_ID,SYS_UPDT_DATE,SYS_UPDT_USER_ID,AUTH_DESC,AUTH_ICON,AUTH_NAME) VALUES ('ADMN_API','Y',null,null,{ts '2020-05-05 18:24:25.533000000'},'admin','API Test Authority','data:image/png;base64,iVBORw0KGgoAAAANSUhEUgAAACAAAAAgCAYAAABzenr0AAAFtUlEQVRYR7VXSWwTVxj+xtixcYxD9s1xViAUUEEFWqlhKUh0AYq6SJWQqiK1Ui890h5674ne6KmqhARtBC1IKQooQImaAkLsbQClJIEkJJiQxFnG8djj8Xiq9968WTwDZWn/y4zf9n3/9y9vLMDFBkRN+3mITcwp5lNSgZQKkGdaBeZVNpfIAsksG89k2aCmZqGpCnKqgkUeFd+3BbGrqVDIh3MMkAVHBmVtMFnwnxHQVBWvVwj4bWfZsxGwek/YPK8C/ysBIj8xawiI/CwMLATPReDaLAsBzwPuPVeC58DjCBBwYv9KgCTc9YkMeMytiWd9t8qfSUuYO3cM4uQjBhIqRW7ddkx6Sx0JSLxHLotcTqWJSQgReyWs4esNtRC++UvTrJnJ4+4Gzr2Pjw5g5pd9toTe8tmXaJebnooAVycEBcJXV+0ErLJzwNiFToizMyja8AFyviCSsTwCvgDqXtuGKw1vUy/DvZ30mJnWLTT++QoQAjxPHASsChDZ/z5xCHM3z9EDPSW18FdGkRq8AShpxtUXoA+hIIj5xnUITQ0BiSk2t6gMsxv3YDYlG4AsJxgBQVUgfH7RqQABJkY8Hz133Ca17YcOzgm4LQw3rUBvA1HCjL8rAQ7KDyEdb6TL9D7/8JrGpWhqakJM0pAeH8LDCd1rfaHgX0jfGpatxMOWTeiLJ/WKMOXPZTMQPj7PFCCAVqNtNS1h7PA+5KYfGFMEuHXrLvQXLkGvyIZJ+62bG0D2z7NAfBQcvGhxMVbu3I1DAwycmNV7VdMgfNhjhsCqAqlzYvHTB5Dqu0jfCfj6T/bi8BjrihycHZyFmpFQd7kdwjxTY9maV9EVXGXIz7Ofx58SeKfbJMBBPYqExCTzeqZjv5FwpNROYokrOD/cN3UXlTc6oBUU0v3e9TsQS8oQBdbYePYT+YkJW87Yk5DccPJZ02uuPfE++N5eXJ5xep7f9aLXjgCZlC2krStWolOoN7KfeE8JrO9yVsHc0W+hjfebB/gCaNu4Gcej7ztkt4IzD1WUDPSwciRWwJKxsbYKpwNL6Tv3nhJY3ukkkOtwJ3C0ZpdBit/39EAjwVjTKbl7gRHQwa0ESO1z720EyG3Gzf/7AQiDLPF4o6mJRHFr817IsqzH0rxsuOe840X7TsOTkWwhWLtqBQ4nwjZwSiDawRSwVkBRegJrpUFMTU9j7Pp5aBmJdjrv1j24H2qkpeTmOblwgtIUKgbOG+Cr16xBcXk57ssenByetZGiBMqOmSHgn1PWVZUXD0IYuUEJLK6sQe/LuyEsWKCroNeiftt5FBmRwR7De+L1H6jAA0mlbdcqPccQwkeyttuQyWnGo6Z7v9nbyWRpHSaWtCEdrmVn6ODE87KR6zbpI/X1uOqPYj6TdQWnCixqTzsIMBIKim6fQuGdHuq9wVhvsVqoDPPhKjocTIuOmOf0PWpxNe4Fyh3SG+eFDiVcCZAFhEBo6IoDnBLUG40xacl4Dk7mNq1+CT888j6ZAC+j/FWaIiN66UcjBNUVZQhUNWL4zi07AR2cxPzyHb3+AUSry+FvWO6afIYClQcnNVH/9nfQzGWhKjLq+7tRq8bR/O4eerFEJvvgG73Fluvgb2zbhhMPFcQSaVRND6GtuRqJcOUTwYv8PgjNPz3SQl4Pxll5GybK7DuOWyTkw+gca6/qfBwt/d02As2b3kLXmESzPVTgRdjvxajI1i8QBDpmNTJPTPj1XlLbfzuFIdEEI4RiYtL4V8Q3Gh0vJWKzFoMvy1hHaiO4KZTg0rh+P+dJSTyNBAsgqjljpiboYx+lbtnx6ZlJ7fhwEjNpe2x4AyJ7rKX6uBrnZxMC21sWo31H/dP9M7ISsII+K/ALE5hOsn5u9ZbG7TFdzU1NMvbMCuzuHNHuxmXEJAUkGV/UWosXojTgwcmPWp4uBCQxvzg1/KK4tv3fvdng+vf8HwVTHXME5UExAAAAAElFTkSuQmCC','API Test Authority');
INSERT INTO "PUBLIC"."APP_AUTH_INFO" (AUTH_ID,SYS_EMBD_YN,SYS_INST_DATE,SYS_INST_USER_ID,SYS_UPDT_DATE,SYS_UPDT_USER_ID,AUTH_DESC,AUTH_ICON,AUTH_NAME) VALUES ('ADMN_AUTH','Y',null,null,{ts '2020-05-05 18:24:38.871000000'},'admin','Authority Manage Authority','data:image/png;base64,iVBORw0KGgoAAAANSUhEUgAAACAAAAAgCAYAAABzenr0AAAHnklEQVR4Xq2VC2xV9R3HP///Oef29t6WtrcVAYVCtLS8ihamYkZly1imLMa5sRmyhLH54jVjwkATSBbdjFBcZCjobAjsBRjmYxNlTKEyHsMKAkJZebdlfdzS2xe9vb3n8dspvdU0YZMUvskvOfmfnPP5fb+/nN9RXL/UtmV33x2yWGJqvi/iEUw3SXQ7oHW3J/qDIxc65z37++MdXEXX24C5ffldW8OZoYeLZjzCzYVTIT0XRADB7mimseoTzuz9C4lk8o0HnjswH3D5UmgGL2vHiq/VjS4ufbh04XofXowT3UfPyfUkTq6jp+pVpGUPIycUM2PRWkYU3PHYe8vv2QaYNyIB4+1lU18fO/WbPxv/0JO4F3diRw8gAkoJfRcuuDaencTMLSEw5gccfftVak9+tuHBXx94HHAH24D63YI7SseOyqm4b9E63P9sxrnc1H8LpYSWxg5qT18C4NYxYSK5BtrKI1DwGBXrfsFrH5y5+c29ddHBjsDKDeslt5XOgfb9uIlWlBkEHcAwTWLRLg5UXKhf/86ppevfPb20cl9zfaxFcJOXcKMfc/v02fz4vlvL+0dhDqKBYLqpvjWsoBDv0l9RRgCFQrSL0kJNdZSdRxtf2LS7ZhdAMKDjw0eEX8m76SaS0X0MzZ9HmqlmAulA52ASCCiRoGm1ItpEa03d2Wq0YaG1id3jEgkH2oCLvdV3LSjDBG1hubUgBIG0wSagURr8SBUKdcsj5Kut1Jw+xZjCIgpKRjMt1vn8xsUlUVBEMq3nRxXk4SkDpSwkGcUMmAB6sA0gAnSeB6SvlCJ/7HgunDrJaL+Ju2ZOGnP+eN1OBeQX3kzesDCO7YBh4XScw7Y9AAbdAErhOg4ahUDq84NRBX4T1VWMHlvI0FtyEdfGc1xc1wEMtKEQERTquhaRJGy37uKpWjylkPo3UcN/iOABMKpwPOer/414ClcUngBKo4zeMmhriQMkB9uALn9y0kPhgB6ZmTOExOXLoA2kYSt62GxEHPAc8v0Eak5VoZQGrdHKQJsWtm1Td7qVC9GuLYNZRHrzU5Pn5obVhukLXyLY/SFdHZ1XnAYzwmjxUMNng3JRovDqt4AniLh4nkcyEaehJsbJI40tD75wcAZwHuhS1w4vnhsJqQ2lC1YS9N1fOrSOyPB8uuNd2IlurLQAaabGDA6BnCmQMRbwwHFAoOnYHg5t/0N01guVDwLngBjgmtcGn+TD8eEvEswK01y5xnedgwJ6ujqJ+02k2wGsocU4Wfdw4FiMqrOVJB0XhcIyDfKHDnN8+PeAWqDtWkeg/7x4oh+79uGrCGaHaD70CsFwNuHsXFqbo3Rf7sQwoasVgiPn8PfjMUaMHMO4wttRKAIBi6Sd5NTpc5w4UVX/9M/nFwBxUtJfBe+NffoV5/3wLDKyIz68iURXB6Zl0tbQyf699Tt+uXHPH4cNH8nQvBwqdlew7a232LxlK7t3VRCJZFM09rYRL64sewUw+ErniybM27FsosRrt4u0V0jTR7Olo/JRkbPPSNvBR6Xhox9JU8UcObn5u7LhiXG7gem/Klsr/9j1sax7rVwen794EzCztx5/cuGm3rMPd1VI2UtrBMj4//CFPnzpBInXvCfSttuHPyztB38qcmapvPPUJNm+pETeXzZFPnhmqmxaMHkfcCdQuOL538iOj/4pK54rE6AEuDVVJSueWyU7Ptwjq9e8JkDe/9qE+k8Lx8/NCcmG0oVlpPuxRz/97ZWZZ2Zn036p+coen1V2+H7ABhygFagHAh0JcEinPaEBokADKfln2Cqdjp7AgNGrAfAF4+ZGwr3w1YSywzR9uqZv5jm5dMRasO1uDr9/hvtXHi5KgQVIAPaxVSM/C5AowksiGHjKwsMABI2HFhslLhgWcTe4v+TZi/cBjvkFfL4PD3l98Kx0mip74ZlkZPnOY83s23oEM82kLeHtBWJAM18qy/G8oklPrAUrCChQGnTKnwh4HuBBMsHh15fcC4SADrNv5kXzsoNeeemiMh8e8p2/TDCU5ceeQ1ub77wngREweWDVZ99OxZ1goALJpEei5QzV7y5HaRPLMjjf4ICCEREDQ3t4jsPkn2zETroAaQAaSMvJsMq/8fTLhCIZRA+9TJofe2jIEJobG9i75ai/wc4Qi9v7UuuzFuhmoJTjgXe5mfF3ljJxygwCaSHe2OlS7le002KSfzb+zq9DohXbFQAFYAKhnKFZBJPbaT3WRDgSIZzhwxsaQXmYAc2s1Uf6nTcBnVxFjuuC20XVsUoM0yKcHuCWXNAK0oOGf/4JdrKHyWNm4ngu/TIBo6WhnffW7kak349C+WVoRWvc259y3pRyflXZjkCykwmTp6ENk3PVh4hkglK9JYwrnobjJCERw7EZ0IA9a/XnU4CcqxkDLg1wfnX1xWr7CXx+EK0NTMtk7nduSqXjceLov/Bcm+IZ+SQ9GdBAV8rhxasA+j+zbr5CrgjK7qJ4yr2gNNXHK/FEUIBCmFgyDTwXL96CKwMTSKbqeiQdcTmx429HJoj0T1H7BQAiiuMnPgEEpRTdNicAAVDcGA0B8oHca/jRuEALUJPaAzdE8dQLG6/BlAA9qWf4L2hCaafxaOA9AAAAAElFTkSuQmCC','Authority Manage Authority');
INSERT INTO "PUBLIC"."APP_AUTH_INFO" (AUTH_ID,SYS_EMBD_YN,SYS_INST_DATE,SYS_INST_USER_ID,SYS_UPDT_DATE,SYS_UPDT_USER_ID,AUTH_DESC,AUTH_ICON,AUTH_NAME) VALUES ('ADMN_AUTH_EDIT','Y',null,null,{ts '2020-05-05 18:24:46.532000000'},'admin','Authority Manage Authority','data:image/png;base64,iVBORw0KGgoAAAANSUhEUgAAACAAAAAgCAYAAABzenr0AAAHnklEQVR4Xq2VC2xV9R3HP///Oef29t6WtrcVAYVCtLS8ihamYkZly1imLMa5sRmyhLH54jVjwkATSBbdjFBcZCjobAjsBRjmYxNlTKEyHsMKAkJZebdlfdzS2xe9vb3n8dspvdU0YZMUvskvOfmfnPP5fb+/nN9RXL/UtmV33x2yWGJqvi/iEUw3SXQ7oHW3J/qDIxc65z37++MdXEXX24C5ffldW8OZoYeLZjzCzYVTIT0XRADB7mimseoTzuz9C4lk8o0HnjswH3D5UmgGL2vHiq/VjS4ufbh04XofXowT3UfPyfUkTq6jp+pVpGUPIycUM2PRWkYU3PHYe8vv2QaYNyIB4+1lU18fO/WbPxv/0JO4F3diRw8gAkoJfRcuuDaencTMLSEw5gccfftVak9+tuHBXx94HHAH24D63YI7SseOyqm4b9E63P9sxrnc1H8LpYSWxg5qT18C4NYxYSK5BtrKI1DwGBXrfsFrH5y5+c29ddHBjsDKDeslt5XOgfb9uIlWlBkEHcAwTWLRLg5UXKhf/86ppevfPb20cl9zfaxFcJOXcKMfc/v02fz4vlvL+0dhDqKBYLqpvjWsoBDv0l9RRgCFQrSL0kJNdZSdRxtf2LS7ZhdAMKDjw0eEX8m76SaS0X0MzZ9HmqlmAulA52ASCCiRoGm1ItpEa03d2Wq0YaG1id3jEgkH2oCLvdV3LSjDBG1hubUgBIG0wSagURr8SBUKdcsj5Kut1Jw+xZjCIgpKRjMt1vn8xsUlUVBEMq3nRxXk4SkDpSwkGcUMmAB6sA0gAnSeB6SvlCJ/7HgunDrJaL+Ju2ZOGnP+eN1OBeQX3kzesDCO7YBh4XScw7Y9AAbdAErhOg4ahUDq84NRBX4T1VWMHlvI0FtyEdfGc1xc1wEMtKEQERTquhaRJGy37uKpWjylkPo3UcN/iOABMKpwPOer/414ClcUngBKo4zeMmhriQMkB9uALn9y0kPhgB6ZmTOExOXLoA2kYSt62GxEHPAc8v0Eak5VoZQGrdHKQJsWtm1Td7qVC9GuLYNZRHrzU5Pn5obVhukLXyLY/SFdHZ1XnAYzwmjxUMNng3JRovDqt4AniLh4nkcyEaehJsbJI40tD75wcAZwHuhS1w4vnhsJqQ2lC1YS9N1fOrSOyPB8uuNd2IlurLQAaabGDA6BnCmQMRbwwHFAoOnYHg5t/0N01guVDwLngBjgmtcGn+TD8eEvEswK01y5xnedgwJ6ujqJ+02k2wGsocU4Wfdw4FiMqrOVJB0XhcIyDfKHDnN8+PeAWqDtWkeg/7x4oh+79uGrCGaHaD70CsFwNuHsXFqbo3Rf7sQwoasVgiPn8PfjMUaMHMO4wttRKAIBi6Sd5NTpc5w4UVX/9M/nFwBxUtJfBe+NffoV5/3wLDKyIz68iURXB6Zl0tbQyf699Tt+uXHPH4cNH8nQvBwqdlew7a232LxlK7t3VRCJZFM09rYRL64sewUw+ErniybM27FsosRrt4u0V0jTR7Olo/JRkbPPSNvBR6Xhox9JU8UcObn5u7LhiXG7gem/Klsr/9j1sax7rVwen794EzCztx5/cuGm3rMPd1VI2UtrBMj4//CFPnzpBInXvCfSttuHPyztB38qcmapvPPUJNm+pETeXzZFPnhmqmxaMHkfcCdQuOL538iOj/4pK54rE6AEuDVVJSueWyU7Ptwjq9e8JkDe/9qE+k8Lx8/NCcmG0oVlpPuxRz/97ZWZZ2Zn036p+coen1V2+H7ABhygFagHAh0JcEinPaEBokADKfln2Cqdjp7AgNGrAfAF4+ZGwr3w1YSywzR9uqZv5jm5dMRasO1uDr9/hvtXHi5KgQVIAPaxVSM/C5AowksiGHjKwsMABI2HFhslLhgWcTe4v+TZi/cBjvkFfL4PD3l98Kx0mip74ZlkZPnOY83s23oEM82kLeHtBWJAM18qy/G8oklPrAUrCChQGnTKnwh4HuBBMsHh15fcC4SADrNv5kXzsoNeeemiMh8e8p2/TDCU5ceeQ1ub77wngREweWDVZ99OxZ1goALJpEei5QzV7y5HaRPLMjjf4ICCEREDQ3t4jsPkn2zETroAaQAaSMvJsMq/8fTLhCIZRA+9TJofe2jIEJobG9i75ai/wc4Qi9v7UuuzFuhmoJTjgXe5mfF3ljJxygwCaSHe2OlS7le002KSfzb+zq9DohXbFQAFYAKhnKFZBJPbaT3WRDgSIZzhwxsaQXmYAc2s1Uf6nTcBnVxFjuuC20XVsUoM0yKcHuCWXNAK0oOGf/4JdrKHyWNm4ngu/TIBo6WhnffW7kak349C+WVoRWvc259y3pRyflXZjkCykwmTp6ENk3PVh4hkglK9JYwrnobjJCERw7EZ0IA9a/XnU4CcqxkDLg1wfnX1xWr7CXx+EK0NTMtk7nduSqXjceLov/Bcm+IZ+SQ9GdBAV8rhxasA+j+zbr5CrgjK7qJ4yr2gNNXHK/FEUIBCmFgyDTwXL96CKwMTSKbqeiQdcTmx429HJoj0T1H7BQAiiuMnPgEEpRTdNicAAVDcGA0B8oHca/jRuEALUJPaAzdE8dQLG6/BlAA9qWf4L2hCaafxaOA9AAAAAElFTkSuQmCC','Authority Manage Authority');
INSERT INTO "PUBLIC"."APP_AUTH_INFO" (AUTH_ID,SYS_EMBD_YN,SYS_INST_DATE,SYS_INST_USER_ID,SYS_UPDT_DATE,SYS_UPDT_USER_ID,AUTH_DESC,AUTH_ICON,AUTH_NAME) VALUES ('ADMN_BORD','Y',null,null,null,null,null,'data:image/png;base64,iVBORw0KGgoAAAANSUhEUgAAACAAAAAgCAMAAABEpIrGAAAB6VBMVEUAAAD/ZjMrKyv/SST/YCD/VRwzMxpAKyvrYic3JCRbSTftWyRAMCBQQDA6IyNAKyA8KCI+KCJBJiE9KR9AJyJAJiLvXCTwWyI+KR9AKSA/KR9BKB/xWiPxWyXxWiTxWiM/JyDyWiRAKSHxWiPxWiXxWiU+KB8+Jx9AKCDomHFAKSHol24/KCDyWiRAKCE/KB9AKCDre03tekxAKCDxWSU/KCA/KSA/KCBFLSPxWyO2kHbxWiS0jXNGLSM+KCA/KCCBYU8/KCCHZlTxWiTxWiTxWiTxWiQ/KCA/KCC4kXe3j3Y/JyCObVrjtpXjt5VcQTReQzeObFk/KCDxWiTxWiTxWiQ/KB99XkyDY1HxWiQ/KCDnuZg/KCDmuZjouprou5rxWiQ/KCA/KSBAKCBAKSBCKiJDKyJGLiVHLiVHLiZJMihPNixTOi5cQjVdQjZfRDdjRzpnSz1rTT9vUkJxU0N1V0Z2V0d4WUmCYlCDYlCDY1GEZFGJaVaLalaWc1+XdV+demOfe2WwinGwi3K1jnS2kHa9lnu+lny/mHzFnIDGnYHIoILluJjmuZjou5nqu5rrvZzss4/stZLtbz7tcUHtv53vZTLvZjLvwZ/wwZ7wwZ/xWiTxWyXxWybxw6Dyw6Dzw6HzxKH0xaKTA5s/AAAAYXRSTlMABQYHCAkKDA0ODg4QEBYYJi0vMjQ8QENKUFFTWFpdXmFjZGxub3N7gIOEhIaIjJKYmZugoKGprbS0tra6u8DBz9DS2tvc3d7g7O3v9PT09fb29/f5+vv8/Pz9/f7+/v7+wo1VpgAAAV1JREFUOE91ylVDAlEQQOGxuxUDE2zF7u7ubh2xu7u7G0XHvL/UB0T2Lst5/Q6AMBd5bFywG5jKNa0NEREL/aQ9vAn1pVtLeLRe1YiYZ2PkCsQhwZIsdudqVOO4zsdwEHu8REMCIq5pTzZWFtcPNVuImM+7eTUOjV6xv24n1NjlzA0+OIxL7L9VHEEFN8TjDB4YhiOcxVRuyFhZmNQahs+p+eVcbqhk2ztM0N4mq+KGfrZ/LBxOd1k3N9Sxm1vhcHfNarkhixmVww32NRc8XzY6cQNETPPDXCTvYFd+JvTzCkfRAG71GoNrG9zFDuDb/qX3nw65sQN4FPTqvK/IU8oBIOb+9fvn7SHKBAMkvT8/Pr18JEqrQ1B2JxERUWdmoK0RW6qaSVCzyop3WQmJKvUWunJA7EQUavAAKacBf717t0o5UYtM5xZl0k5UbAYAACGmnCgIAADCUkymBPgFYd0U7tFqim4AAAAASUVORK5CYII=','Board Manage Authority');
INSERT INTO "PUBLIC"."APP_AUTH_INFO" (AUTH_ID,SYS_EMBD_YN,SYS_INST_DATE,SYS_INST_USER_ID,SYS_UPDT_DATE,SYS_UPDT_USER_ID,AUTH_DESC,AUTH_ICON,AUTH_NAME) VALUES ('ADMN_BORD_EDIT','Y',null,null,null,null,null,'data:image/png;base64,iVBORw0KGgoAAAANSUhEUgAAACAAAAAgCAMAAABEpIrGAAAB6VBMVEUAAAD/ZjMrKyv/SST/YCD/VRwzMxpAKyvrYic3JCRbSTftWyRAMCBQQDA6IyNAKyA8KCI+KCJBJiE9KR9AJyJAJiLvXCTwWyI+KR9AKSA/KR9BKB/xWiPxWyXxWiTxWiM/JyDyWiRAKSHxWiPxWiXxWiU+KB8+Jx9AKCDomHFAKSHol24/KCDyWiRAKCE/KB9AKCDre03tekxAKCDxWSU/KCA/KSA/KCBFLSPxWyO2kHbxWiS0jXNGLSM+KCA/KCCBYU8/KCCHZlTxWiTxWiTxWiTxWiQ/KCA/KCC4kXe3j3Y/JyCObVrjtpXjt5VcQTReQzeObFk/KCDxWiTxWiTxWiQ/KB99XkyDY1HxWiQ/KCDnuZg/KCDmuZjouprou5rxWiQ/KCA/KSBAKCBAKSBCKiJDKyJGLiVHLiVHLiZJMihPNixTOi5cQjVdQjZfRDdjRzpnSz1rTT9vUkJxU0N1V0Z2V0d4WUmCYlCDYlCDY1GEZFGJaVaLalaWc1+XdV+demOfe2WwinGwi3K1jnS2kHa9lnu+lny/mHzFnIDGnYHIoILluJjmuZjou5nqu5rrvZzss4/stZLtbz7tcUHtv53vZTLvZjLvwZ/wwZ7wwZ/xWiTxWyXxWybxw6Dyw6Dzw6HzxKH0xaKTA5s/AAAAYXRSTlMABQYHCAkKDA0ODg4QEBYYJi0vMjQ8QENKUFFTWFpdXmFjZGxub3N7gIOEhIaIjJKYmZugoKGprbS0tra6u8DBz9DS2tvc3d7g7O3v9PT09fb29/f5+vv8/Pz9/f7+/v7+wo1VpgAAAV1JREFUOE91ylVDAlEQQOGxuxUDE2zF7u7ubh2xu7u7G0XHvL/UB0T2Lst5/Q6AMBd5bFywG5jKNa0NEREL/aQ9vAn1pVtLeLRe1YiYZ2PkCsQhwZIsdudqVOO4zsdwEHu8REMCIq5pTzZWFtcPNVuImM+7eTUOjV6xv24n1NjlzA0+OIxL7L9VHEEFN8TjDB4YhiOcxVRuyFhZmNQahs+p+eVcbqhk2ztM0N4mq+KGfrZ/LBxOd1k3N9Sxm1vhcHfNarkhixmVww32NRc8XzY6cQNETPPDXCTvYFd+JvTzCkfRAG71GoNrG9zFDuDb/qX3nw65sQN4FPTqvK/IU8oBIOb+9fvn7SHKBAMkvT8/Pr18JEqrQ1B2JxERUWdmoK0RW6qaSVCzyop3WQmJKvUWunJA7EQUavAAKacBf717t0o5UYtM5xZl0k5UbAYAACGmnCgIAADCUkymBPgFYd0U7tFqim4AAAAASUVORK5CYII=','Board Manage Authority');
INSERT INTO "PUBLIC"."APP_AUTH_INFO" (AUTH_ID,SYS_EMBD_YN,SYS_INST_DATE,SYS_INST_USER_ID,SYS_UPDT_DATE,SYS_UPDT_USER_ID,AUTH_DESC,AUTH_ICON,AUTH_NAME) VALUES ('ADMN_CODE','Y',null,null,null,null,null,'data:image/png;base64,iVBORw0KGgoAAAANSUhEUgAAACAAAAAgCAYAAABzenr0AAAD9UlEQVR4XtVVTWhcVRT+zr1v3sykFnRhm6lCIxRXpQuJlTYh02Rh26kynWZMmTb+FnSbGoRKIdEouBDUrTuFNNOWJjPBkkREi0FddCMqko2k00oXM1EbaSYhk8y73nN5L53KjHkvGoLf8MGbe87lfPc797xHSikQkTWay+VBdEw5DhSCgLMJggjVanW8J51OA1iFT1huIKp57EQyiX+DUqmUvJDNXj6dyTwHoBpEQISdYNwo3GRH4Be877GW3RgeGUHvqVPoOnQoNZzNXurNZE6yCL8CyLNdCMECmL6KMxkkBP64M4/m5mZ0xePdl0dHf+3p7t4NYMWPAA9c2IjwA851HAcMYhvDYZTmfkMsFkP7gQOxS1euFE6m0y0sIpAApl/U5obDIVSrkTURHW1tu7QTBe2EEeFLgJQikAC4ucrstdDUFIGUcq0d8fb2XXrCbnenUo+wiMYClNqYAyAwHt+zBxcuXgTVDCe353l9MTUe1tymOe+jBcEcECAs3C3jydZWw3pwzOFgb9odKC8tYkGTQTUTwmjeuYP/+J8CEUyAp6LuiPpAYAcCOcMigguQBP5tAvy3AP+RANpYCyQYW+nA1gqgLRcg/kcOkJfvfZobvB6k2IQ7wEaFpICwBBjOqoOVqgNH3YvbbuXtFgWdArVOcYLNhaUE9eWNFerD47BpFRUthMFxsixQ/zhEJBKoBeufnIsLC/R6Dtf6njZ76Gxei0hCODAgS5q1r88ehi0JR0ITxT/fToQBVNZ9E0I1Lm5Zkp9M8ewrnRj88hYcEGB0k9lv4K6d/+KWuQOfZtpwhiaWf3/LFdFIgCSqW584xrZz8f4cPuppxyfflxC1LXz+489QH6QAlrK2WZk1eiOHw/v24uPrRbz3zH6c1yLmBu+JEHVaUJdCiLWTv5nYj68K82iyJa7NzEC9fxwMxfYTMfmZoWMpkxMJC0z8cgd9nU8g9u7UMgDbc6B2ZriQGal/Gs+5pSoiIWlaUptKQkB6C26+N6JhMwmE4uIq3Mg2dsErtmM0n1d+gXNXVe94Qb2Qn1Wnc7MK/WMNcznGOS+Oz6ozn91UO4cmueBTmg/d5wApdXcsn9/usCBmg/Hjk0zHBbq+ncFLbXsBx8HLna2gc1cxcbACbY5BVAKJ72wTs0jBkgJj139CcSDRAeC2ZrlWQOVEKhV3VRH8IZQdmJx8Nb7PbImGQ0gknz0KYMWLRwemJh+MWhBQGP7mBxQHTfEbmiWuWSug7AZuwz8eKA8d7Rh5Z2qaA0tDR7yTLXhxXuO4JB2fzr4GoOAVv++CbBC25qPcT6b7bDeIH9Rs0Yw0fhMGR8W1slzjYqVBnDQXNZfxN/wFqsiorsQjI08AAAAASUVORK5CYII=','Code Manage Authority');
INSERT INTO "PUBLIC"."APP_AUTH_INFO" (AUTH_ID,SYS_EMBD_YN,SYS_INST_DATE,SYS_INST_USER_ID,SYS_UPDT_DATE,SYS_UPDT_USER_ID,AUTH_DESC,AUTH_ICON,AUTH_NAME) VALUES ('ADMN_CODE_EDIT','Y',null,null,null,null,null,'data:image/png;base64,iVBORw0KGgoAAAANSUhEUgAAACAAAAAgCAYAAABzenr0AAAD9UlEQVR4XtVVTWhcVRT+zr1v3sykFnRhm6lCIxRXpQuJlTYh02Rh26kynWZMmTb+FnSbGoRKIdEouBDUrTuFNNOWJjPBkkREi0FddCMqko2k00oXM1EbaSYhk8y73nN5L53KjHkvGoLf8MGbe87lfPc797xHSikQkTWay+VBdEw5DhSCgLMJggjVanW8J51OA1iFT1huIKp57EQyiX+DUqmUvJDNXj6dyTwHoBpEQISdYNwo3GRH4Be877GW3RgeGUHvqVPoOnQoNZzNXurNZE6yCL8CyLNdCMECmL6KMxkkBP64M4/m5mZ0xePdl0dHf+3p7t4NYMWPAA9c2IjwA851HAcMYhvDYZTmfkMsFkP7gQOxS1euFE6m0y0sIpAApl/U5obDIVSrkTURHW1tu7QTBe2EEeFLgJQikAC4ucrstdDUFIGUcq0d8fb2XXrCbnenUo+wiMYClNqYAyAwHt+zBxcuXgTVDCe353l9MTUe1tymOe+jBcEcECAs3C3jydZWw3pwzOFgb9odKC8tYkGTQTUTwmjeuYP/+J8CEUyAp6LuiPpAYAcCOcMigguQBP5tAvy3AP+RANpYCyQYW+nA1gqgLRcg/kcOkJfvfZobvB6k2IQ7wEaFpICwBBjOqoOVqgNH3YvbbuXtFgWdArVOcYLNhaUE9eWNFerD47BpFRUthMFxsixQ/zhEJBKoBeufnIsLC/R6Dtf6njZ76Gxei0hCODAgS5q1r88ehi0JR0ITxT/fToQBVNZ9E0I1Lm5Zkp9M8ewrnRj88hYcEGB0k9lv4K6d/+KWuQOfZtpwhiaWf3/LFdFIgCSqW584xrZz8f4cPuppxyfflxC1LXz+489QH6QAlrK2WZk1eiOHw/v24uPrRbz3zH6c1yLmBu+JEHVaUJdCiLWTv5nYj68K82iyJa7NzEC9fxwMxfYTMfmZoWMpkxMJC0z8cgd9nU8g9u7UMgDbc6B2ZriQGal/Gs+5pSoiIWlaUptKQkB6C26+N6JhMwmE4uIq3Mg2dsErtmM0n1d+gXNXVe94Qb2Qn1Wnc7MK/WMNcznGOS+Oz6ozn91UO4cmueBTmg/d5wApdXcsn9/usCBmg/Hjk0zHBbq+ncFLbXsBx8HLna2gc1cxcbACbY5BVAKJ72wTs0jBkgJj139CcSDRAeC2ZrlWQOVEKhV3VRH8IZQdmJx8Nb7PbImGQ0gknz0KYMWLRwemJh+MWhBQGP7mBxQHTfEbmiWuWSug7AZuwz8eKA8d7Rh5Z2qaA0tDR7yTLXhxXuO4JB2fzr4GoOAVv++CbBC25qPcT6b7bDeIH9Rs0Yw0fhMGR8W1slzjYqVBnDQXNZfxN/wFqsiorsQjI08AAAAASUVORK5CYII=','Code Manage Authority');
INSERT INTO "PUBLIC"."APP_AUTH_INFO" (AUTH_ID,SYS_EMBD_YN,SYS_INST_DATE,SYS_INST_USER_ID,SYS_UPDT_DATE,SYS_UPDT_USER_ID,AUTH_DESC,AUTH_ICON,AUTH_NAME) VALUES ('ADMN_GROP','Y',null,null,null,null,null,'data:image/png;base64,iVBORw0KGgoAAAANSUhEUgAAACAAAAAgCAYAAABzenr0AAAGQklEQVR4Xu1WbUiVZxi+j55ztGNqHfMjP9PKNAkNHaWzmk6tdtxixpRGwghkcfRPDGaBbSu2wijajyH0YwyRkRUGQ2MlRgqrqUsYmZiBXzU/P0ozPzv67roe9rJwtXM22n51wcP7nvO89/3c93Vf9/2+8orxGjG+vr7FWMdXrVr1ucVi2YUNs/xPSI+NjR1PTEzUtmzZou3cuVPLz8/XMjMzfzEajVvlJXCTVwNjaGjo8YWFBd/Hjx/L5OSkDA4OqrV+/fqkvLy8KzCI/c8CWLFixacRERFvxsXFycqVK1UAs7OzMjo6Kj09PRIQEGDdsGHDF/8kAAMcHkhLS6vJyclp3r59ezUyPMBMX/Ssl5eXjYcWFBRIXV2dxMfHy5MnT9QaHh6Wvr4+gX06DIL+Yvwih9u2bftmx44d9pmZGZmbm5Nnz54Jce/evSsNDQ15uJ16Pgmr1Vq3Zs2atAsXLsjatWuFOHTokFRVVYmmaYI9WbZsGYNLwdbPf8sAlJuZnp5ud3NzE2Qmy5cvl5CQEDEYDBITE2OLior6ZInJIrK/g0OYpQqYOHv2rFRUVAh8yeLiojx48IBZLDgtAQ7Iffr0qaojr8yopKRE0Qs1S3Jy8scwsMqfIEPVQUFBs/Pz8zI+Pi4TExMyPT0tYFHKy8slIyND6+zs/BYGd5wF4IaM4yieR48eCR1mZ2cLsXnzZmZDkQWjz99eYvcTbG6w5uwCLt7Tz9DQEK8t6BCKcNZZAFbUKhTiY9Sye/duwUARHdCGeHt7sxQZS+zm0HK/ms1msqYCGBsbk/7+fjLJTmiG+ZArXRCEAwISEhIkJSVFoqOjGb1igqCgeA/RvYea/4j9G2i976Cb7Js3b16vr68fBUOq5hQwwA6Yu3XrVr1LgwgZROMQc0tLi4AyvZVUTR0Oh9y9e1du374tDx8+DFq9evUu1P0tTL+PoI9q9Lkd16/v37/v4AxgAFzFxcVVsP9BXgJ3LBPElYjavwsnn+EgP9SYDPBwdTAdkkpkKB0dHcIOodjYntwjkpKSOOmMNpvNH/+bYcdSSXt7exsSusoyvXDgMAgPD4/8devWfYm2C0AwJh8fHzly5Ij4+/urmrq7uyvqT506pcar3W6X7u5uOX/+vCqLn58fe1217JkzZ9jK8hzIWn91dXVjTU1NbVtbWz18dSwdRCGg9Pvg4OA3PD09Lawhe7qoqIhlUaJqbW2VyspK9busrEzAlly7dk1Onz5NpatZQeZyc3MFLyMVeFhYGFuXwlVJAJyMc5gR10tLSwtEpF/XQN/AwMCHvb29tchonkOH2ZDqkZEROmeGGgQ5Safco8LxppNLly5JYWEhn6HalQAJskh26Ivlgy19kVWPkydPvpOVlVUqS2a7GS04grab2rhxo/mPlwz7XgWCPQPuLSiVABw0LAcdqrELeuXcuXPUgj661RWMKkEDDI4MKB1BvFm1tbX+DIB0F+Gl8xUO8DGZTMIFRkgtD1DjFa0kgYGB7hzPBDVBx8ySz5LigwcPSnh4OA/g/9QCS6a3sfIDDQg6hfPFD+WJpAai9u3b14oMLTSiAaMmbampqerNRrDupJGODx8+zLqqDtAzw6hl9kqMTU1NMjU1xS5gQGRL6airq4uloz6U7dGjR/fzQ2I/6mXhA3ROkAE65TzYtGkTHbCn+b+acBcvXpQ9e/aIDmhHsYG5QNHpHyT6m5H2/I/21IZqbXQemY83wrEJ4nDgcCM3eDCdkTbsqWgbGxsXMHxmYGRE7Tw5kiMjIzmg2IIsjT4XNIBUG2hL7QCkm6zyUAZIYbJs9D3PEgRipVNzZFOWAFE7YOANJmx79+6Nx/JHy+p7DFafE2TCgWH1G9qsAclMopwmlIqBcfFZZs+rBjF2wqbSIM7B12rlsWPH8thqhN5eOnTWCF5PnDhxFUMqh1sv+ejR9MloFCdAlol4K+aBVmbI36ST9OrBqEO5zzlAaiHqXZcvX94KmxviBG7iBKhvGiimYyqZdeOisLiodn478IuHAmUp1DsEb9T3xTmcM4D2DGaGFBVblGBAvCcLPJDCwnxgKXjPZzkDIsUFuKKBGFD+AQ70xYGaTr1+1TWgL/pEwNNgpgb3za8iAIKpm7A0F5OiImfFBbzG78y+irpkFjY7AAAAAElFTkSuQmCC','Group Manage Authority');
INSERT INTO "PUBLIC"."APP_AUTH_INFO" (AUTH_ID,SYS_EMBD_YN,SYS_INST_DATE,SYS_INST_USER_ID,SYS_UPDT_DATE,SYS_UPDT_USER_ID,AUTH_DESC,AUTH_ICON,AUTH_NAME) VALUES ('ADMN_GROP_EDIT','Y',null,null,null,null,null,'data:image/png;base64,iVBORw0KGgoAAAANSUhEUgAAACAAAAAgCAYAAABzenr0AAAGQklEQVR4Xu1WbUiVZxi+j55ztGNqHfMjP9PKNAkNHaWzmk6tdtxixpRGwghkcfRPDGaBbSu2wijajyH0YwyRkRUGQ2MlRgqrqUsYmZiBXzU/P0ozPzv67roe9rJwtXM22n51wcP7nvO89/3c93Vf9/2+8orxGjG+vr7FWMdXrVr1ucVi2YUNs/xPSI+NjR1PTEzUtmzZou3cuVPLz8/XMjMzfzEajVvlJXCTVwNjaGjo8YWFBd/Hjx/L5OSkDA4OqrV+/fqkvLy8KzCI/c8CWLFixacRERFvxsXFycqVK1UAs7OzMjo6Kj09PRIQEGDdsGHDF/8kAAMcHkhLS6vJyclp3r59ezUyPMBMX/Ssl5eXjYcWFBRIXV2dxMfHy5MnT9QaHh6Wvr4+gX06DIL+Yvwih9u2bftmx44d9pmZGZmbm5Nnz54Jce/evSsNDQ15uJ16Pgmr1Vq3Zs2atAsXLsjatWuFOHTokFRVVYmmaYI9WbZsGYNLwdbPf8sAlJuZnp5ud3NzE2Qmy5cvl5CQEDEYDBITE2OLior6ZInJIrK/g0OYpQqYOHv2rFRUVAh8yeLiojx48IBZLDgtAQ7Iffr0qaojr8yopKRE0Qs1S3Jy8scwsMqfIEPVQUFBs/Pz8zI+Pi4TExMyPT0tYFHKy8slIyND6+zs/BYGd5wF4IaM4yieR48eCR1mZ2cLsXnzZmZDkQWjz99eYvcTbG6w5uwCLt7Tz9DQEK8t6BCKcNZZAFbUKhTiY9Sye/duwUARHdCGeHt7sxQZS+zm0HK/ms1msqYCGBsbk/7+fjLJTmiG+ZArXRCEAwISEhIkJSVFoqOjGb1igqCgeA/RvYea/4j9G2i976Cb7Js3b16vr68fBUOq5hQwwA6Yu3XrVr1LgwgZROMQc0tLi4AyvZVUTR0Oh9y9e1du374tDx8+DFq9evUu1P0tTL+PoI9q9Lkd16/v37/v4AxgAFzFxcVVsP9BXgJ3LBPElYjavwsnn+EgP9SYDPBwdTAdkkpkKB0dHcIOodjYntwjkpKSOOmMNpvNH/+bYcdSSXt7exsSusoyvXDgMAgPD4/8devWfYm2C0AwJh8fHzly5Ij4+/urmrq7uyvqT506pcar3W6X7u5uOX/+vCqLn58fe1217JkzZ9jK8hzIWn91dXVjTU1NbVtbWz18dSwdRCGg9Pvg4OA3PD09Lawhe7qoqIhlUaJqbW2VyspK9busrEzAlly7dk1Onz5NpatZQeZyc3MFLyMVeFhYGFuXwlVJAJyMc5gR10tLSwtEpF/XQN/AwMCHvb29tchonkOH2ZDqkZEROmeGGgQ5Safco8LxppNLly5JYWEhn6HalQAJskh26Ivlgy19kVWPkydPvpOVlVUqS2a7GS04grab2rhxo/mPlwz7XgWCPQPuLSiVABw0LAcdqrELeuXcuXPUgj661RWMKkEDDI4MKB1BvFm1tbX+DIB0F+Gl8xUO8DGZTMIFRkgtD1DjFa0kgYGB7hzPBDVBx8ySz5LigwcPSnh4OA/g/9QCS6a3sfIDDQg6hfPFD+WJpAai9u3b14oMLTSiAaMmbampqerNRrDupJGODx8+zLqqDtAzw6hl9kqMTU1NMjU1xS5gQGRL6airq4uloz6U7dGjR/fzQ2I/6mXhA3ROkAE65TzYtGkTHbCn+b+acBcvXpQ9e/aIDmhHsYG5QNHpHyT6m5H2/I/21IZqbXQemY83wrEJ4nDgcCM3eDCdkTbsqWgbGxsXMHxmYGRE7Tw5kiMjIzmg2IIsjT4XNIBUG2hL7QCkm6zyUAZIYbJs9D3PEgRipVNzZFOWAFE7YOANJmx79+6Nx/JHy+p7DFafE2TCgWH1G9qsAclMopwmlIqBcfFZZs+rBjF2wqbSIM7B12rlsWPH8thqhN5eOnTWCF5PnDhxFUMqh1sv+ejR9MloFCdAlol4K+aBVmbI36ST9OrBqEO5zzlAaiHqXZcvX94KmxviBG7iBKhvGiimYyqZdeOisLiodn478IuHAmUp1DsEb9T3xTmcM4D2DGaGFBVblGBAvCcLPJDCwnxgKXjPZzkDIsUFuKKBGFD+AQ70xYGaTr1+1TWgL/pEwNNgpgb3za8iAIKpm7A0F5OiImfFBbzG78y+irpkFjY7AAAAAElFTkSuQmCC','Group Manage Authority');
INSERT INTO "PUBLIC"."APP_AUTH_INFO" (AUTH_ID,SYS_EMBD_YN,SYS_INST_DATE,SYS_INST_USER_ID,SYS_UPDT_DATE,SYS_UPDT_USER_ID,AUTH_DESC,AUTH_ICON,AUTH_NAME) VALUES ('ADMN_MENU','Y',null,null,{ts '2020-05-05 18:24:12.426000000'},'admin','Menu Manage Authority','data:image/png;base64,iVBORw0KGgoAAAANSUhEUgAAACAAAAAgCAYAAABzenr0AAAE3klEQVR4Xr2V3W8UVRjGf2dm9qP7BdRiWo3VukArJm0C8hEK3kqpRhCJF/wBeCUmmvgHeGWLwE3/g/a6EL2R1hulkhCEEAiRJkXopvSDLpaCu213d459z2Rnkum6hdDwJO+emew57/PkfZ/zjgKck9+ev1Bxda/rumgNitrQgFJgWRaOY08M9n31HlDiJeAADUI+9OPX5PIFngdvvZbg5Dfns0ACePKyAuKVisti0WV8Oo/S1IVWsCkRR84AUV4SDnicJbfClngMrTVKUROmPUrJXvMMqI0QYBBRFpuTRsA6HlA4ykKzMXDwkpJK2NhOCu3WT60sRUPUpqLVxgnYmrL59MsfKJfLaOpD4d2C1sYIZ/rPzCqLF4ZSFrZtPzl9+vRWB6CjqczA999RfPY0YBHo/1ehUWit0GDa9iJIp1OcO3duE5B0AEpljyn3cAZLKZRlo7zEXhD2heyx5Nf8J/NjfRGB0Pb27eYMEHWq5nJdDUK8GjeuX8OyLTo63ieZTHgHPUm+gKmpHHfv/sW72W20vdMmCf2oowCqXIEHAtjehMOJOLS1Zfn5p2Fa336baCTGzPRDNm9p5OmzRbZlt7OwsEDEiZB7cJ/H8/PMzs7S+/EnVERAqBrVSgYaWCtAlFuWQinIP5qnWCjQ0vImK8slE9FYlHQ6TWNjIysrKySTSVKpFNPT0ywvLxONRrFtiz8u/8aBg4cYu/w73d7Kge6DJj8BV+0KiLuVUvT09lIql5m8f59UJkNLczNLS0tC4vdR9gk6u7oA5H/zX/ehDxEcDFY5Y3KHUVuAqYIiHouxo71dCI3iSCRSJa8KkPDL64sLEN67vgBb2UbE9T+vYTk2+fw8PR/1Sl9Dd1Lx4MHf3L59ix072mlv76BSqUiIiJBpA6xfAVvhOBb/Fgr09PQwPDzM6K8jfvmbXm/i5o0b7Nm3j/yjPI4T4d69e8zNzTEz85ATJ76oivCrEzZhGEFjNHK35YfFxSdcuXKF4lKR5eUllNJkMhnyc49IZzYRi8ZJpVO0vNGCditmTywWN1d4ZOQStuMwcukXWc27ZduS2wvbBr22AqLYN8qxz46b9z1799YdKILduz8A8L1yuOeIeT58pFdW/11yh/0QCJASeQLkMVS2uggbs+YaziNcVSJ/Eiq08YBC+ddxIxF4wcUC9NoWmFtgiC9evCBfKzYaYtCjR4+hrJoesPw+HT/+OUH5an0WFaECPW+7/BtSQwC+AFmDpGu9oJSEaZNvPll9sXUg5HUmodf/0dFRs+7fv99cvwCGxBCPj49z9epVurq66OzsxBtEZVzXE171mQJ0iKPuKHYcR8IkHRgYYOfOncTjcSYmJmhubuHx4zy7du2S4WOG0507d5iammJycpJTp075g8hHcEV9jvAg8g8o2wKlTMKxsTGy2awZMgsL/5BIJNjcuMUIKhaLZDJpWltbJbF5b2hoMJUZHBzEjkQYGhqSVd5lEElufxiFPfN6X1+fFpTLFROCUmlF37x5S+dyOS1Y/QTrelgd19p1ta5U3DVRLlVWz5ck/PzCKdxGQH9/v5/IlSzrIrQnOLtuVCGcwu2E+vKcA0jVdfj6CDgdQBcKhbGzZ892i4FeBWTICSegFZAGWoEmwOHVoAzMA5MOUJQHYA5QvBpoYEm4/wMB9CPlkfrZ3QAAAABJRU5ErkJggg==','Menu Manage Authority');
INSERT INTO "PUBLIC"."APP_AUTH_INFO" (AUTH_ID,SYS_EMBD_YN,SYS_INST_DATE,SYS_INST_USER_ID,SYS_UPDT_DATE,SYS_UPDT_USER_ID,AUTH_DESC,AUTH_ICON,AUTH_NAME) VALUES ('ADMN_MENU_EDIT','Y',null,null,null,null,null,'data:image/png;base64,iVBORw0KGgoAAAANSUhEUgAAACAAAAAgCAYAAABzenr0AAAE3klEQVR4Xr2V3W8UVRjGf2dm9qP7BdRiWo3VukArJm0C8hEK3kqpRhCJF/wBeCUmmvgHeGWLwE3/g/a6EL2R1hulkhCEEAiRJkXopvSDLpaCu213d459z2Rnkum6hdDwJO+emew57/PkfZ/zjgKck9+ev1Bxda/rumgNitrQgFJgWRaOY08M9n31HlDiJeAADUI+9OPX5PIFngdvvZbg5Dfns0ACePKyAuKVisti0WV8Oo/S1IVWsCkRR84AUV4SDnicJbfClngMrTVKUROmPUrJXvMMqI0QYBBRFpuTRsA6HlA4ykKzMXDwkpJK2NhOCu3WT60sRUPUpqLVxgnYmrL59MsfKJfLaOpD4d2C1sYIZ/rPzCqLF4ZSFrZtPzl9+vRWB6CjqczA999RfPY0YBHo/1ehUWit0GDa9iJIp1OcO3duE5B0AEpljyn3cAZLKZRlo7zEXhD2heyx5Nf8J/NjfRGB0Pb27eYMEHWq5nJdDUK8GjeuX8OyLTo63ieZTHgHPUm+gKmpHHfv/sW72W20vdMmCf2oowCqXIEHAtjehMOJOLS1Zfn5p2Fa336baCTGzPRDNm9p5OmzRbZlt7OwsEDEiZB7cJ/H8/PMzs7S+/EnVERAqBrVSgYaWCtAlFuWQinIP5qnWCjQ0vImK8slE9FYlHQ6TWNjIysrKySTSVKpFNPT0ywvLxONRrFtiz8u/8aBg4cYu/w73d7Kge6DJj8BV+0KiLuVUvT09lIql5m8f59UJkNLczNLS0tC4vdR9gk6u7oA5H/zX/ehDxEcDFY5Y3KHUVuAqYIiHouxo71dCI3iSCRSJa8KkPDL64sLEN67vgBb2UbE9T+vYTk2+fw8PR/1Sl9Dd1Lx4MHf3L59ix072mlv76BSqUiIiJBpA6xfAVvhOBb/Fgr09PQwPDzM6K8jfvmbXm/i5o0b7Nm3j/yjPI4T4d69e8zNzTEz85ATJ76oivCrEzZhGEFjNHK35YfFxSdcuXKF4lKR5eUllNJkMhnyc49IZzYRi8ZJpVO0vNGCditmTywWN1d4ZOQStuMwcukXWc27ZduS2wvbBr22AqLYN8qxz46b9z1799YdKILduz8A8L1yuOeIeT58pFdW/11yh/0QCJASeQLkMVS2uggbs+YaziNcVSJ/Eiq08YBC+ddxIxF4wcUC9NoWmFtgiC9evCBfKzYaYtCjR4+hrJoesPw+HT/+OUH5an0WFaECPW+7/BtSQwC+AFmDpGu9oJSEaZNvPll9sXUg5HUmodf/0dFRs+7fv99cvwCGxBCPj49z9epVurq66OzsxBtEZVzXE171mQJ0iKPuKHYcR8IkHRgYYOfOncTjcSYmJmhubuHx4zy7du2S4WOG0507d5iammJycpJTp075g8hHcEV9jvAg8g8o2wKlTMKxsTGy2awZMgsL/5BIJNjcuMUIKhaLZDJpWltbJbF5b2hoMJUZHBzEjkQYGhqSVd5lEElufxiFPfN6X1+fFpTLFROCUmlF37x5S+dyOS1Y/QTrelgd19p1ta5U3DVRLlVWz5ck/PzCKdxGQH9/v5/IlSzrIrQnOLtuVCGcwu2E+vKcA0jVdfj6CDgdQBcKhbGzZ892i4FeBWTICSegFZAGWoEmwOHVoAzMA5MOUJQHYA5QvBpoYEm4/wMB9CPlkfrZ3QAAAABJRU5ErkJggg==','Menu Manage Authority');
INSERT INTO "PUBLIC"."APP_AUTH_INFO" (AUTH_ID,SYS_EMBD_YN,SYS_INST_DATE,SYS_INST_USER_ID,SYS_UPDT_DATE,SYS_UPDT_USER_ID,AUTH_DESC,AUTH_ICON,AUTH_NAME) VALUES ('ADMN_MESG','Y',null,null,null,null,null,'data:image/png;base64,iVBORw0KGgoAAAANSUhEUgAAACAAAAAgCAYAAABzenr0AAAABHNCSVQICAgIfAhkiAAAAAlwSFlzAAALEwAACxMBAJqcGAAAAjpJREFUWIXtlT1ok1EUht9z81O7SRS6KSpqbX4Ef9E0SSuCizStSJRScLUWXVwFm61Q11pbFBxECg7GzEKbxtTBVtSkglBc/BeVIg5C8p3XQa217Zf2axMczDvc4XLufR7uPdwL1PK/R5wU74gd3+ilp5NU36pgIqTw5bpvDSNTU8NFADCO4Gomlbp7NXAAICmgnPle/zHleHEg2nGhKRK/sVr4n1w2gUjbTDAaDwIOToBUnwCv1i6QVBW8VsEGAHD/nt47NOmpt+pOK7hVRBb1xuztS2tnL5E5Aa/W3VOBRyC5qpDKCTQPPAsRuj33PrQTSdGlCv2ReG/VBGjER8gbO3g1s+ImrAnUBP65gACWCFyVgYrbEJYzAcOHBBO7Wk9sXgu8KdJxBMpGI8gD817C5ZLPpO/7I+3XXVbpcSDavoLvmLliiYkXE+m3/li8RSijAADlDMV0Ps2kZh0JAMB0NtUPoL9cTXgw30ItydeR5EGPWx75o21dAKjQzPPxdMvCegMApFokK3K/II+KuJoL2VQfoV0Cc0ssnLcrNz8HKYBoDA/mFxk6SWT4yRYITylMDgCmx9OjxZLuh0GD3Zq5b/fQ1fwxQx2AMdt+TbXmuoNj4aHCJpT0DowcWNZA9QvF9E2cC/51TbFYzP3J8p2cfnB3xFZgfg4P5scE6AW1HmJukriycNNKxbYJCb0oIntEmcj1hDLVgJcXoKx3Gfe+bE/Tu2rBAZuHiMQ174fPrdmz1YXXUgsA/ACmzM4UA7jIIwAAAABJRU5ErkJggg==','Message Manage Authority');
INSERT INTO "PUBLIC"."APP_AUTH_INFO" (AUTH_ID,SYS_EMBD_YN,SYS_INST_DATE,SYS_INST_USER_ID,SYS_UPDT_DATE,SYS_UPDT_USER_ID,AUTH_DESC,AUTH_ICON,AUTH_NAME) VALUES ('ADMN_MESG_EDIT','Y',null,null,{ts '2020-05-05 18:25:29.444000000'},'admin','Message Manage Authority','data:image/png;base64,iVBORw0KGgoAAAANSUhEUgAAACAAAAAgCAYAAABzenr0AAAABHNCSVQICAgIfAhkiAAAAAlwSFlzAAALEwAACxMBAJqcGAAAAjpJREFUWIXtlT1ok1EUht9z81O7SRS6KSpqbX4Ef9E0SSuCizStSJRScLUWXVwFm61Q11pbFBxECg7GzEKbxtTBVtSkglBc/BeVIg5C8p3XQa217Zf2axMczDvc4XLufR7uPdwL1PK/R5wU74gd3+ilp5NU36pgIqTw5bpvDSNTU8NFADCO4Gomlbp7NXAAICmgnPle/zHleHEg2nGhKRK/sVr4n1w2gUjbTDAaDwIOToBUnwCv1i6QVBW8VsEGAHD/nt47NOmpt+pOK7hVRBb1xuztS2tnL5E5Aa/W3VOBRyC5qpDKCTQPPAsRuj33PrQTSdGlCv2ReG/VBGjER8gbO3g1s+ImrAnUBP65gACWCFyVgYrbEJYzAcOHBBO7Wk9sXgu8KdJxBMpGI8gD817C5ZLPpO/7I+3XXVbpcSDavoLvmLliiYkXE+m3/li8RSijAADlDMV0Ps2kZh0JAMB0NtUPoL9cTXgw30ItydeR5EGPWx75o21dAKjQzPPxdMvCegMApFokK3K/II+KuJoL2VQfoV0Cc0ssnLcrNz8HKYBoDA/mFxk6SWT4yRYITylMDgCmx9OjxZLuh0GD3Zq5b/fQ1fwxQx2AMdt+TbXmuoNj4aHCJpT0DowcWNZA9QvF9E2cC/51TbFYzP3J8p2cfnB3xFZgfg4P5scE6AW1HmJukriycNNKxbYJCb0oIntEmcj1hDLVgJcXoKx3Gfe+bE/Tu2rBAZuHiMQ174fPrdmz1YXXUgsA/ACmzM4UA7jIIwAAAABJRU5ErkJggg==','Message Manage Authority');
INSERT INTO "PUBLIC"."APP_AUTH_INFO" (AUTH_ID,SYS_EMBD_YN,SYS_INST_DATE,SYS_INST_USER_ID,SYS_UPDT_DATE,SYS_UPDT_USER_ID,AUTH_DESC,AUTH_ICON,AUTH_NAME) VALUES ('ADMN_PROP','Y',null,null,null,null,null,'data:image/png;base64,iVBORw0KGgoAAAANSUhEUgAAACAAAAAgCAYAAABzenr0AAAFmElEQVR4Xr2XbWwURRjH/zO7d72WQBGVF4XqASXttSn6wUhLEai8SBtIo0JLRNKiiUApakwIAUqtIIlfjBATEyHhtSgkQnnTDyC2UCBIeRGEXo9CwFrptRJiWnpt2t3xudk9u3u9tp6oT/LPzP5mcs/MPP+bvWMA1JFlxyraNZbTpQO6QK9gEgjZE/+Qc4IODsQp4lhTaU4ugG4SVFJsMPkfZXPwf0R86Xc5wZykVhI4yUU7N6J6LnB2PnAuz6IFpFys+bZZtvQcPafPlJ9NYeZywQyVxIT1nBROhKMndPnsVImRIBgAHh0nhQpj5mI9C7BUquT+ZnDuAGMMoWBMQGE6XOwhNt7/DJrgEIJFxXUdpC5ssOSyLQAmnD/NDWYYxj5JAQ6c9GJ+VhK6tei5LmBJa18AtxyLnCk0HbpFIsh0gIBs6TlqLoiDuDWXrQRSlp0zszX7xM3WlIiSw1DEUK2WcHIGzph9ASRFARw0FkOtKqvIouI6J4V2Hl5eC6O6/QyFW4ncCTEOVeE0XgtN1yFEtFxQC6yelxqeH6rVFnkzjQksggn3f38DC2Z4yFTRc2ExoYiwANuoNE6YBwQLjZkSUXISOIwY0IRc9C4Bk1i2OklEy7mwOLufBTgVI6N1KjNLoKgMTtV0e5Rchxwc+Fuw7/h1cA7YliBdzeGggX0nvNA0/W9xJ1fIB3WGCeU1IPButgdg/Xhg0ewU2Wes9wmUn6jFopnJhqkic7NkBv/qh1sonD4OhA3pIQuwPktgGsnuEsYYODO4rgOaMcfOTZdzbogw2uov4NOz++XOkyc+h1lzs0GBbqbAGtx21KxvcdEHB4ODAy4VOH7oKHZ/sZUI0HqvHkUrilBcXIRrly7JRLu2b0deXGM/JrRcS7YSMFLQVDxkNtbDFQYXgAMVRyC6OjDWnYBPSsswftx4NDT+Bgq43W7JJk/OQP7jHfBs3LRj3bo18wB020xYTiYEs5uQhcxGKj9pmE1YuUr89G3c9dVjYnIiJqalIS01Fa7YONRcrJG1ycnJRkegHZzm/3T1GpiiTgr9KrKZsHBWitkNMyFpF12rBVlkNvSY0EHaXenD4ilj0Z75PjasLaEkDowYMRx1tV7cuXuHnlW0tPyOpOQkNDe34Pz589hQtn5GaNvckt8wmRYmYjqsrY3LBN8crMD6Vavp+N0Y/dQo+Op8uOGtQ94bi/B6Xj7qbvrg9frw9KiReCYhAevWl10sKf1oLwDV6gFZUw32YMwwCpdt2I0HUAkUnDtTjVW0gG5Nw836ejQ0NMD9wgwkPjsGFFhcWIC9u/YgIWE0srPnwOFwYPOWLfLHqc12KpOKGA5uDDjD3u0qcV3X4Pf70dHZSV5xQAgNzFJLLgBVVaAqKhobf0Uc+UPT5FZdNhPupDeYfAi7iDhn8vW6p9JLyYTNhK6YGDyR4MGXW7dhDB1vVtZ0JCd7UHX6MLYK4xV9/cwRTJ0yBTGuGFRVnUJTkx+dnYFTMGN47NqjYqDYW1kbkX992ifBLw0NYunyYvHjhYviypWrouLwUbHx402ipKQ02JfsQs0lsfK9D8Sk9MnFAFJJgzkA+RUbKBZOTYrI8zITJdhXvgeZGZMQHz8UgjFMSJyA3NxXkZ+/UPaJIX5IPNLTX0R6RsaHAJpIAVmCQYpopX8sg7s0ve+/ZqF3fC/OIBQVM9s5XhvWhsuXa1BVWQWPx4NX5hjX76GDB3D79i28NG06Hra2IRAIXAXQFfp7NpT0PCmL9PIjaPY7BW9WFy9f9gDA3GVLlwp/c4vw+1tEEfWDbGXR8gdL3nr7HIA00mBY7pNBJCceLVykx0gKSVtSUPi5MzYukwHoCrRVb9uxc4U51k26R3og+/9iqOauhpCGkVJIU02lmGyIOUfFfxb2xTwp1U/SPwGIm/zjbgJSxgAAAABJRU5ErkJggg==','Property Manage Authority');
INSERT INTO "PUBLIC"."APP_AUTH_INFO" (AUTH_ID,SYS_EMBD_YN,SYS_INST_DATE,SYS_INST_USER_ID,SYS_UPDT_DATE,SYS_UPDT_USER_ID,AUTH_DESC,AUTH_ICON,AUTH_NAME) VALUES ('ADMN_PROP_EDIT','Y',null,null,null,null,null,'data:image/png;base64,iVBORw0KGgoAAAANSUhEUgAAACAAAAAgCAYAAABzenr0AAAFmElEQVR4Xr2XbWwURRjH/zO7d72WQBGVF4XqASXttSn6wUhLEai8SBtIo0JLRNKiiUApakwIAUqtIIlfjBATEyHhtSgkQnnTDyC2UCBIeRGEXo9CwFrptRJiWnpt2t3xudk9u3u9tp6oT/LPzP5mcs/MPP+bvWMA1JFlxyraNZbTpQO6QK9gEgjZE/+Qc4IODsQp4lhTaU4ugG4SVFJsMPkfZXPwf0R86Xc5wZykVhI4yUU7N6J6LnB2PnAuz6IFpFys+bZZtvQcPafPlJ9NYeZywQyVxIT1nBROhKMndPnsVImRIBgAHh0nhQpj5mI9C7BUquT+ZnDuAGMMoWBMQGE6XOwhNt7/DJrgEIJFxXUdpC5ssOSyLQAmnD/NDWYYxj5JAQ6c9GJ+VhK6tei5LmBJa18AtxyLnCk0HbpFIsh0gIBs6TlqLoiDuDWXrQRSlp0zszX7xM3WlIiSw1DEUK2WcHIGzph9ASRFARw0FkOtKqvIouI6J4V2Hl5eC6O6/QyFW4ncCTEOVeE0XgtN1yFEtFxQC6yelxqeH6rVFnkzjQksggn3f38DC2Z4yFTRc2ExoYiwANuoNE6YBwQLjZkSUXISOIwY0IRc9C4Bk1i2OklEy7mwOLufBTgVI6N1KjNLoKgMTtV0e5Rchxwc+Fuw7/h1cA7YliBdzeGggX0nvNA0/W9xJ1fIB3WGCeU1IPButgdg/Xhg0ewU2Wes9wmUn6jFopnJhqkic7NkBv/qh1sonD4OhA3pIQuwPktgGsnuEsYYODO4rgOaMcfOTZdzbogw2uov4NOz++XOkyc+h1lzs0GBbqbAGtx21KxvcdEHB4ODAy4VOH7oKHZ/sZUI0HqvHkUrilBcXIRrly7JRLu2b0deXGM/JrRcS7YSMFLQVDxkNtbDFQYXgAMVRyC6OjDWnYBPSsswftx4NDT+Bgq43W7JJk/OQP7jHfBs3LRj3bo18wB020xYTiYEs5uQhcxGKj9pmE1YuUr89G3c9dVjYnIiJqalIS01Fa7YONRcrJG1ycnJRkegHZzm/3T1GpiiTgr9KrKZsHBWitkNMyFpF12rBVlkNvSY0EHaXenD4ilj0Z75PjasLaEkDowYMRx1tV7cuXuHnlW0tPyOpOQkNDe34Pz589hQtn5GaNvckt8wmRYmYjqsrY3LBN8crMD6Vavp+N0Y/dQo+Op8uOGtQ94bi/B6Xj7qbvrg9frw9KiReCYhAevWl10sKf1oLwDV6gFZUw32YMwwCpdt2I0HUAkUnDtTjVW0gG5Nw836ejQ0NMD9wgwkPjsGFFhcWIC9u/YgIWE0srPnwOFwYPOWLfLHqc12KpOKGA5uDDjD3u0qcV3X4Pf70dHZSV5xQAgNzFJLLgBVVaAqKhobf0Uc+UPT5FZdNhPupDeYfAi7iDhn8vW6p9JLyYTNhK6YGDyR4MGXW7dhDB1vVtZ0JCd7UHX6MLYK4xV9/cwRTJ0yBTGuGFRVnUJTkx+dnYFTMGN47NqjYqDYW1kbkX992ifBLw0NYunyYvHjhYviypWrouLwUbHx402ipKQ02JfsQs0lsfK9D8Sk9MnFAFJJgzkA+RUbKBZOTYrI8zITJdhXvgeZGZMQHz8UgjFMSJyA3NxXkZ+/UPaJIX5IPNLTX0R6RsaHAJpIAVmCQYpopX8sg7s0ve+/ZqF3fC/OIBQVM9s5XhvWhsuXa1BVWQWPx4NX5hjX76GDB3D79i28NG06Hra2IRAIXAXQFfp7NpT0PCmL9PIjaPY7BW9WFy9f9gDA3GVLlwp/c4vw+1tEEfWDbGXR8gdL3nr7HIA00mBY7pNBJCceLVykx0gKSVtSUPi5MzYukwHoCrRVb9uxc4U51k26R3og+/9iqOauhpCGkVJIU02lmGyIOUfFfxb2xTwp1U/SPwGIm/zjbgJSxgAAAABJRU5ErkJggg==','Property Manage Authority');
INSERT INTO "PUBLIC"."APP_AUTH_INFO" (AUTH_ID,SYS_EMBD_YN,SYS_INST_DATE,SYS_INST_USER_ID,SYS_UPDT_DATE,SYS_UPDT_USER_ID,AUTH_DESC,AUTH_ICON,AUTH_NAME) VALUES ('ADMN_ROLE','Y',null,null,null,null,null,'data:image/png;base64,iVBORw0KGgoAAAANSUhEUgAAACAAAAAgCAYAAABzenr0AAAEXUlEQVR4XrWWX2wUZRfGf+eddztbGiBowJY/Agm2MSpBbENIC0WIhoJaSyukgImJMfGCG7lQvmAwGk28MNwY9JIQKQXSUgwqYo1GDSYqFlGDiGC7QqFdxfajXbbd2ZnXyWbCYtLCzFKf5E02m8w8v3nOOXNGjDGIiG7v6DiMyFrjeRiiyACCEsF13ffXNzU1AVlCSgMAxcDadfX13I6SyWR9S2vrwU3NzU8BbhSAuDEGgO6eBCJCWBljmD9vLnv37WPzxo2sXLGiYW9r64HNzc0bADcsgASxo5TKAfgnlHkAjijF3wODlJaWsrK2tvFge/uF9Y2NcwEnBEBeIpKDCCMRwfM8AASI2zbJP/+irKyMmqVLyw60tfVsaGqaBzhRACKV4MakbDuG68avQyyvrp7pJ9HjJxFAhACwLBUJgADA5K7VTJoUx7Ks6+WoramZ6U9Yb2NDwyzAGR/AmMISQAAoX7CAlv37kfxw5srztN+YwHSgBBgMUYJoCSiE4aEUVZWVuTOWPGMAiv6zHkilrzHsHyCfQJBo6V0zwJjwU6AiAgQUY45oCEVOIEoyAURUAEsQhAmVqGglYEIA8kmidJQSWLebPaI0omKIFRjHpkRNoHBzpWKoIpvuT9+hr+sQo1f7maJtPnml+lwWtWvNq1+9DLg3bcJCJZbG8s2/2fkEJfEBlj56D5OmVoClyKSzk898d2lb52u1zz6y44tZgDM2gJKCG82K2XR37vLNB6lc/SCeJ/z/Sorzpy6glKa8ai4g0zu2V7/Z8MbxFwF34hJQgtJC77cHWVZ/H56JIQrOdyVIzHiOrVue2dTx+qqW+5dVkLw4uBXYAaQmrAdEFJZAdqgPu/ghPGKIgAc4U8vpSaa7Pc+g4xrjegDFQGqcKTAFAQhgEHAcxC7BYPzY74UTL3FiV93X5VUVkMkEuwE1oU0oIgiQGclgUkNI8XSM8Zhy5x1U1lWDCChF+vfTiLrFmxBTwPhpCxX8xi5hJPELsdI5GEuDCMq4eFcucfqHXrr7U3sAb0wASwQTefZz5nTt286cct80ZqOKbUbP/4TSGqWEkaE0vyVG6R/MDjz/7sm3gHSIEoQxVwjQ1bINL/k5ix5eiJcZRpcU0dcX59Rnv6K1hafta+f6R4+8sPvnnUA/MPJvgMBYKRVqi90I2rX3fziXO1lcW4Fx0igFH+45iXGHqX87Qfux4zStrnkcSAbmg4CbBwiMC0nhpP/kmd6jLKqej+eMcqztLFqyxEhT55sDiDME8AdwGRgZ81UsxgwdOnx4cm5EbpWAKLBsrB93M7voDAuXzMJ1HLTOosXFeew98E07jnwEXjZ3b+AqkBpvGWXWNTTUAtMi7OLYB1vuPrp44wNkXQUC33/ZjxKXJ1dV1eW/gDHAAJC52TZMAd1AL+E1zdIWH7clMGIhCMoyrNl5dnlwn2HyygQehPh2Cw8ALAZW5Q9LgNlAESGlKVT51C6SlxP8nyGk/gE+SZqOkuqRPgAAAABJRU5ErkJggg==','Role Manage Authority');
INSERT INTO "PUBLIC"."APP_AUTH_INFO" (AUTH_ID,SYS_EMBD_YN,SYS_INST_DATE,SYS_INST_USER_ID,SYS_UPDT_DATE,SYS_UPDT_USER_ID,AUTH_DESC,AUTH_ICON,AUTH_NAME) VALUES ('ADMN_ROLE_EDIT','Y',null,null,null,null,null,'data:image/png;base64,iVBORw0KGgoAAAANSUhEUgAAACAAAAAgCAYAAABzenr0AAAEXUlEQVR4XrWWX2wUZRfGf+eddztbGiBowJY/Agm2MSpBbENIC0WIhoJaSyukgImJMfGCG7lQvmAwGk28MNwY9JIQKQXSUgwqYo1GDSYqFlGDiGC7QqFdxfajXbbd2ZnXyWbCYtLCzFKf5E02m8w8v3nOOXNGjDGIiG7v6DiMyFrjeRiiyACCEsF13ffXNzU1AVlCSgMAxcDadfX13I6SyWR9S2vrwU3NzU8BbhSAuDEGgO6eBCJCWBljmD9vLnv37WPzxo2sXLGiYW9r64HNzc0bADcsgASxo5TKAfgnlHkAjijF3wODlJaWsrK2tvFge/uF9Y2NcwEnBEBeIpKDCCMRwfM8AASI2zbJP/+irKyMmqVLyw60tfVsaGqaBzhRACKV4MakbDuG68avQyyvrp7pJ9HjJxFAhACwLBUJgADA5K7VTJoUx7Ks6+WoramZ6U9Yb2NDwyzAGR/AmMISQAAoX7CAlv37kfxw5srztN+YwHSgBBgMUYJoCSiE4aEUVZWVuTOWPGMAiv6zHkilrzHsHyCfQJBo6V0zwJjwU6AiAgQUY45oCEVOIEoyAURUAEsQhAmVqGglYEIA8kmidJQSWLebPaI0omKIFRjHpkRNoHBzpWKoIpvuT9+hr+sQo1f7maJtPnml+lwWtWvNq1+9DLg3bcJCJZbG8s2/2fkEJfEBlj56D5OmVoClyKSzk898d2lb52u1zz6y44tZgDM2gJKCG82K2XR37vLNB6lc/SCeJ/z/Sorzpy6glKa8ai4g0zu2V7/Z8MbxFwF34hJQgtJC77cHWVZ/H56JIQrOdyVIzHiOrVue2dTx+qqW+5dVkLw4uBXYAaQmrAdEFJZAdqgPu/ghPGKIgAc4U8vpSaa7Pc+g4xrjegDFQGqcKTAFAQhgEHAcxC7BYPzY74UTL3FiV93X5VUVkMkEuwE1oU0oIgiQGclgUkNI8XSM8Zhy5x1U1lWDCChF+vfTiLrFmxBTwPhpCxX8xi5hJPELsdI5GEuDCMq4eFcucfqHXrr7U3sAb0wASwQTefZz5nTt286cct80ZqOKbUbP/4TSGqWEkaE0vyVG6R/MDjz/7sm3gHSIEoQxVwjQ1bINL/k5ix5eiJcZRpcU0dcX59Rnv6K1hafta+f6R4+8sPvnnUA/MPJvgMBYKRVqi90I2rX3fziXO1lcW4Fx0igFH+45iXGHqX87Qfux4zStrnkcSAbmg4CbBwiMC0nhpP/kmd6jLKqej+eMcqztLFqyxEhT55sDiDME8AdwGRgZ81UsxgwdOnx4cm5EbpWAKLBsrB93M7voDAuXzMJ1HLTOosXFeew98E07jnwEXjZ3b+AqkBpvGWXWNTTUAtMi7OLYB1vuPrp44wNkXQUC33/ZjxKXJ1dV1eW/gDHAAJC52TZMAd1AL+E1zdIWH7clMGIhCMoyrNl5dnlwn2HyygQehPh2Cw8ALAZW5Q9LgNlAESGlKVT51C6SlxP8nyGk/gE+SZqOkuqRPgAAAABJRU5ErkJggg==','Role Manage Authority');
INSERT INTO "PUBLIC"."APP_AUTH_INFO" (AUTH_ID,SYS_EMBD_YN,SYS_INST_DATE,SYS_INST_USER_ID,SYS_UPDT_DATE,SYS_UPDT_USER_ID,AUTH_DESC,AUTH_ICON,AUTH_NAME) VALUES ('ADMN_USER','Y',null,null,null,null,null,'data:image/png;base64,iVBORw0KGgoAAAANSUhEUgAAACAAAAAgCAMAAABEpIrGAAAB6VBMVEUAAAD/ZjMrKyv/SST/YCD/VRwzMxpAKyvrYic3JCRbSTftWyRAMCBQQDA6IyNAKyA8KCI+KCJBJiE9KR9AJyJAJiLvXCTwWyI+KR9AKSA/KR9BKB/xWiPxWyXxWiTxWiM/JyDyWiRAKSHxWiPxWiXxWiU+KB8+Jx9AKCDomHFAKSHol24/KCDyWiRAKCE/KB9AKCDre03tekxAKCDxWSU/KCA/KSA/KCBFLSPxWyO2kHbxWiS0jXNGLSM+KCA/KCCBYU8/KCCHZlTxWiTxWiTxWiTxWiQ/KCA/KCC4kXe3j3Y/JyCObVrjtpXjt5VcQTReQzeObFk/KCDxWiTxWiTxWiQ/KB99XkyDY1HxWiQ/KCDnuZg/KCDmuZjouprou5rxWiQ/KCA/KSBAKCBAKSBCKiJDKyJGLiVHLiVHLiZJMihPNixTOi5cQjVdQjZfRDdjRzpnSz1rTT9vUkJxU0N1V0Z2V0d4WUmCYlCDYlCDY1GEZFGJaVaLalaWc1+XdV+demOfe2WwinGwi3K1jnS2kHa9lnu+lny/mHzFnIDGnYHIoILluJjmuZjou5nqu5rrvZzss4/stZLtbz7tcUHtv53vZTLvZjLvwZ/wwZ7wwZ/xWiTxWyXxWybxw6Dyw6Dzw6HzxKH0xaKTA5s/AAAAYXRSTlMABQYHCAkKDA0ODg4QEBYYJi0vMjQ8QENKUFFTWFpdXmFjZGxub3N7gIOEhIaIjJKYmZugoKGprbS0tra6u8DBz9DS2tvc3d7g7O3v9PT09fb29/f5+vv8/Pz9/f7+/v7+wo1VpgAAAV1JREFUOE91ylVDAlEQQOGxuxUDE2zF7u7ubh2xu7u7G0XHvL/UB0T2Lst5/Q6AMBd5bFywG5jKNa0NEREL/aQ9vAn1pVtLeLRe1YiYZ2PkCsQhwZIsdudqVOO4zsdwEHu8REMCIq5pTzZWFtcPNVuImM+7eTUOjV6xv24n1NjlzA0+OIxL7L9VHEEFN8TjDB4YhiOcxVRuyFhZmNQahs+p+eVcbqhk2ztM0N4mq+KGfrZ/LBxOd1k3N9Sxm1vhcHfNarkhixmVww32NRc8XzY6cQNETPPDXCTvYFd+JvTzCkfRAG71GoNrG9zFDuDb/qX3nw65sQN4FPTqvK/IU8oBIOb+9fvn7SHKBAMkvT8/Pr18JEqrQ1B2JxERUWdmoK0RW6qaSVCzyop3WQmJKvUWunJA7EQUavAAKacBf717t0o5UYtM5xZl0k5UbAYAACGmnCgIAADCUkymBPgFYd0U7tFqim4AAAAASUVORK5CYII=','User Manage Authority');
INSERT INTO "PUBLIC"."APP_AUTH_INFO" (AUTH_ID,SYS_EMBD_YN,SYS_INST_DATE,SYS_INST_USER_ID,SYS_UPDT_DATE,SYS_UPDT_USER_ID,AUTH_DESC,AUTH_ICON,AUTH_NAME) VALUES ('ADMN_USER_EDIT','Y',null,null,null,null,null,'data:image/png;base64,iVBORw0KGgoAAAANSUhEUgAAACAAAAAgCAMAAABEpIrGAAAB6VBMVEUAAAD/ZjMrKyv/SST/YCD/VRwzMxpAKyvrYic3JCRbSTftWyRAMCBQQDA6IyNAKyA8KCI+KCJBJiE9KR9AJyJAJiLvXCTwWyI+KR9AKSA/KR9BKB/xWiPxWyXxWiTxWiM/JyDyWiRAKSHxWiPxWiXxWiU+KB8+Jx9AKCDomHFAKSHol24/KCDyWiRAKCE/KB9AKCDre03tekxAKCDxWSU/KCA/KSA/KCBFLSPxWyO2kHbxWiS0jXNGLSM+KCA/KCCBYU8/KCCHZlTxWiTxWiTxWiTxWiQ/KCA/KCC4kXe3j3Y/JyCObVrjtpXjt5VcQTReQzeObFk/KCDxWiTxWiTxWiQ/KB99XkyDY1HxWiQ/KCDnuZg/KCDmuZjouprou5rxWiQ/KCA/KSBAKCBAKSBCKiJDKyJGLiVHLiVHLiZJMihPNixTOi5cQjVdQjZfRDdjRzpnSz1rTT9vUkJxU0N1V0Z2V0d4WUmCYlCDYlCDY1GEZFGJaVaLalaWc1+XdV+demOfe2WwinGwi3K1jnS2kHa9lnu+lny/mHzFnIDGnYHIoILluJjmuZjou5nqu5rrvZzss4/stZLtbz7tcUHtv53vZTLvZjLvwZ/wwZ7wwZ/xWiTxWyXxWybxw6Dyw6Dzw6HzxKH0xaKTA5s/AAAAYXRSTlMABQYHCAkKDA0ODg4QEBYYJi0vMjQ8QENKUFFTWFpdXmFjZGxub3N7gIOEhIaIjJKYmZugoKGprbS0tra6u8DBz9DS2tvc3d7g7O3v9PT09fb29/f5+vv8/Pz9/f7+/v7+wo1VpgAAAV1JREFUOE91ylVDAlEQQOGxuxUDE2zF7u7ubh2xu7u7G0XHvL/UB0T2Lst5/Q6AMBd5bFywG5jKNa0NEREL/aQ9vAn1pVtLeLRe1YiYZ2PkCsQhwZIsdudqVOO4zsdwEHu8REMCIq5pTzZWFtcPNVuImM+7eTUOjV6xv24n1NjlzA0+OIxL7L9VHEEFN8TjDB4YhiOcxVRuyFhZmNQahs+p+eVcbqhk2ztM0N4mq+KGfrZ/LBxOd1k3N9Sxm1vhcHfNarkhixmVww32NRc8XzY6cQNETPPDXCTvYFd+JvTzCkfRAG71GoNrG9zFDuDb/qX3nw65sQN4FPTqvK/IU8oBIOb+9fvn7SHKBAMkvT8/Pr18JEqrQ1B2JxERUWdmoK0RW6qaSVCzyop3WQmJKvUWunJA7EQUavAAKacBf717t0o5UYtM5xZl0k5UbAYAACGmnCgIAADCUkymBPgFYd0U7tFqim4AAAAASUVORK5CYII=','User Manage Authority');










INSERT INTO "PUBLIC"."APP_BORD_INFO" (BORD_ID,SYS_EMBD_YN,SYS_INST_DATE,SYS_INST_USER_ID,SYS_UPDT_DATE,SYS_UPDT_USER_ID,ACES_PLCY,CATE_USE_YN,BORD_DESC,FILE_ALOW_CNT,FILE_ALOW_SIZE,FILE_USE_YN,BORD_ICON,BORD_NAME,READ_PLCY,RPLY_USE_YN,BORD_ROWS,BORD_SKIN,WRIT_PLCY) VALUES ('TEST1','N',null,null,{ts '2020-05-05 18:26:45.726000000'},'admin','ANONYMOUS','Y','Test Board 1 Description',5,100,'Y','data:image/png;base64,iVBORw0KGgoAAAANSUhEUgAAACAAAAAgCAYAAABzenr0AAAGMUlEQVR4XsVWa2hU1xpde58zk4wxY2Meah4jlOrUaDSpb5tKba4SqdYfvVaQggUfmMZqGgq93B9taKH0R4l5mAar+XFLoRRBWqzioyKkUqRCbbWokVYSm0fzfk4yc87Ze3f2nnPoGedmFEW6YM2enI+91/rW/g4T/NMgeAzs23fUU1ioPw1NlFGgGAQeQUi7EOISN8auVldXTz0xA58cOT4/VdPa/f505OfNQ3ZWJiglGBufQGdXD/r7B2CYxtaqA/tOAxCPbWD79u3aiRMnGAAcbvxssy/Vd+a5kiIULXkWXo/XOQlCAJxztHd04urVnzA4NIyDlbvpdCYoHoCGhoaUuiNHV6/fsNmqazy2o7bp+DNSvGxDKUqKi+CR4jYcCUIIAgV52LjxJcydOwd1TccrHymBmqammdla2nhmZgYyZ8+GYRjRaAexeHEQy5YuASH2Ac6HEMoD5wJcCLUODA7h3LnvMDE6nl9dXdH10AnU1tb6pHhhYRCvbCnHC6Vr8K+y9diyZROCCxeodoUUEYDgsMWVqHou7HWW349gcCG0FE8FEgEd00Dz+tfl5GRj5YoSFamD9JlpalUiQsatPlQCQsSeM84h7ATk3qzsLBBB1iY1EN99cx6AVXKyiX2wc8H2V9czAkohqYrc7l6uTkIeXcoIf11dS7CqandbUgP1R45tS0tL+zo3NxcFBXmxfAmFBOdwupRUIjIAqkkTNNY94+B2Es5MzPD5EFwUXNHd3XO7ruHYrqqDez//v0NY39iyPzMro3nZsiLk5c0DJQQapbI7FWXDuQ6cutYLiZeLs7H/xfyYCUghog7jiJki9oQ6qXABNZC3bt1GV1fne4cq934YN4SHDx+d55uR2rx8xXLIu2cWi3XDmWwkKt6uxJsqVuHd10tw+ud+NF/6Q8VtWgwRw0Q4YsAwTPU3E/YcSHIOzhgynvKjuGQpsrNzPqivb9kQZ4B66Z6C+YFoXKnqdTNMExazlPvGC7LzPjS/uRq9Ewx3hgy88WoRzvwygGOt3SolQBqx1F7TMlX8lBI1nxZj8pkypxGKQCAAaNgfNwNEkB05c+bAiBgqPk3TVIKftvYooZa31qA3xGBygbAl0D9sYMe2Qnz1zU1I7C6N7uWAaTJwTQ4eh65p6k2wTGnMkonYb1I6CMTKOAMgyNUJlVEqA7rO8b8r/bhwcwSfv70Wg5MMFhdwMGVx3B6ysPXlIE6dblPXtXPlbBimBUQpZCL2NUbCEZWCs1uoKsmIMyAEQuGpcIbX64WU+eLHIbT+HsKX76zD8JQURwImLY5fB8MoK38GZ8/+htBkGP9eOhOccZWkpmtqfpgUF0I2pmhZFgiBETcDAPlheGQEpowrYirxU/8thYRXI9ApEjBDp8jxxXo4sHMJvr8bQiQSG8KpsIlQKKwYDhvqCkxJ08LExIQ0dicuAS54c3dP92vp6X41eGsCXmz96DIcfBodwHHEI8un4eJ5dQ4uAtE9KeCCJfw4Od9lhXJgYGAAgoiTcQZGB7suy6Hp6GhHfkEA2xalSqrI/nN2FBoliQl4qFo/Lp/lDJhak+HPvj709vVipL+zOc5ATU2NFaUHgBmJhOW7Cp/PB0IoHgTTiCSpEmVKnik7Hx0dQYSZi6JaYZeBeBOM55aPjY1VEEKKAKQAC3KQBDduXO+dVj4KAZhEoE2AHR0e6D4pdab9LbCL3yraeP79VkEJoNn0UGIPJoHEoQN75uIRQfEQEAJtg6NhjIUMTE4aoJaJFMZADEvV8BjQH/CfEYkV2ZV7fRPBKZODccAMM2iMw2BE1e5rRNj7RLKe3AbofWmQ+1Yww7x8p2tslyUQGygmwAQQorEaAI/bwDRiwqG7pgzY1FzfiYsYv3fteltuxt8nCbtNuwYgzSklEeU2mU3hdOmVHdjUFOMNEbkGNlUuoMzSLM6oio5qnGs6u3e+6a7rcB7XZaKwBcC0VyZrBECqy4DuEtbtZykuel2mGADDZkSutgCfpnPLpukywXVXUYK7DAiXMa/LgIYYmDNsrgMjSQw4OsxlErrrPpg7ckn7wJBLWLfrcPa4hE3JxCtwM/GaiItwrXDMJDD5dIskbwESzSW+/wRPDgKJwF/1s2yUX7gzxAAAAABJRU5ErkJggg==','Test Board 1','ANONYMOUS','Y',20,'default','ANONYMOUS');
INSERT INTO "PUBLIC"."APP_BORD_INFO" (BORD_ID,SYS_EMBD_YN,SYS_INST_DATE,SYS_INST_USER_ID,SYS_UPDT_DATE,SYS_UPDT_USER_ID,ACES_PLCY,CATE_USE_YN,BORD_DESC,FILE_ALOW_CNT,FILE_ALOW_SIZE,FILE_USE_YN,BORD_ICON,BORD_NAME,READ_PLCY,RPLY_USE_YN,BORD_ROWS,BORD_SKIN,WRIT_PLCY) VALUES ('TEST2','N',null,null,{ts '2020-05-05 18:26:58.450000000'},'admin','ANONYMOUS','Y','Test Board 2 Description',5,100,'Y','data:image/png;base64,iVBORw0KGgoAAAANSUhEUgAAACAAAAAgCAYAAABzenr0AAADcUlEQVR4XuVXS0tbURCePDSpemM0JiToTnyDiouIa8Gli/4BC+78Ed122ZVLIb+gf0FwE0ggCL5IFKJWzEJtJe+aqD3f4JTkcOzNNdJNPxjmngd3vvvNzDkJ/fdwkYbt7e2PPT09CZfLZbndboI9PT2xNZtNenx8NHnbOfW+0sPDw6dEIvGNWuAlDR6PZ2dzc9NSBAhAEK+Xt9Hz8zMJtHEna9bW1taO8q8SkIBBBM/n8wSPL+jv7yfFnoSU7gF9rJOJRCLUaDSCpMFr2CxBxGTskIB53pYAcg2Ygp+dnUERjO2CSDppcnJShs4J6EpMTEzoxGzkN6prT0BPg9jp6SkUkLWOFJiamnJEAAGMwQHI2arM/f09HR4egjQX6ujoKMViMZ1M9wQAkwJo0Vqtxr5ardLt7S3XSSgUwjorMD09/XYCmUyGFhcXZQw59fzzXDKZBBEcWmg1GhkZgRLdKQDE43Hpf7ZcLmesAXzx+fk5UsHrR0dHdHd3xwfYzMyMYwLYiAB6S6IG8JXGs+Hy8lIKj+fm5+fJUOAOFNCAHKfTaRoaGiJ1V7RVPwiLoR4Q6ODggBWYnZ19ny4ol8ssaalUoqWlJbIsSwqRdnd3qV6vk8/nY4XC4TAtLCx0p4DeBX6/H4XG63t7e9Tb2wu5oQzmoYoE4fbc39/nPXNzc5L/jgkYpQoEAix/pVJBpaM44bFfiIIEVEJgzKMFMe8sBZBU0KoEpB0fH8fBg2cYgrEH4KGIzEGVbDYLBYSEUQG3TQraiNzc3FBfXx/2yJEt5KRroArqgWvm6uqKr3XAMQEglUrxywXo6eXlZVpbW6OVlRUUI/v19XVaXV2lYDCI4mQ/PDzMB1KxWKRCoUCCjlIguUIQ5FoUODk5abuOxUMZYGBgAM9QAOlgi0ajTELgpAv0qxk9rbenyC+GDkDuEVyKEs9OCZhxfHyMddvfBNKKCDw2NgbvPAUaRAHDV5vVAIHr62vpln+jACSX2xOFCOCK7p6AvQJibeoNDg5iznkR2kCC2P7ykc4AOiUQUDkrqgABBflfAAklqGOAJM4GBRzRJeWiyn4q+6UTwK6wOr2+bGxsfFbBP9D7on5xcfFV+ZgytEUBDdOqoU9ZRFkINfQy9rxX8Be1K8p+KPuurGz6cypE/OxlvXugsBqQ/cUkn/QbPo8oI716qJEAAAAASUVORK5CYII=','Test Board 2','ANONYMOUS','Y',20,'default','ANONYMOUS');




INSERT INTO "PUBLIC"."APP_CODE_INFO" (CODE_ID,SYS_EMBD_YN,SYS_INST_DATE,SYS_INST_USER_ID,SYS_UPDT_DATE,SYS_UPDT_USER_ID,CODE_DESC,CODE_NAME) VALUES ('SECU_PLCY','Y',null,null,null,null,'Security Policy Code','Security Policy');


INSERT INTO "PUBLIC"."APP_CODE_ITEM_INFO" (CODE_ID,ITEM_ID,SYS_EMBD_YN,SYS_INST_DATE,SYS_INST_USER_ID,SYS_UPDT_DATE,SYS_UPDT_USER_ID,DISP_NO,ITEM_NAME) VALUES ('SECU_PLCY','ANONYMOUS',null,null,null,null,null,1,'Anonymous');
INSERT INTO "PUBLIC"."APP_CODE_ITEM_INFO" (CODE_ID,ITEM_ID,SYS_EMBD_YN,SYS_INST_DATE,SYS_INST_USER_ID,SYS_UPDT_DATE,SYS_UPDT_USER_ID,DISP_NO,ITEM_NAME) VALUES ('SECU_PLCY','AUTHENTICATED',null,null,null,null,null,2,'Only Authenticated');
INSERT INTO "PUBLIC"."APP_CODE_ITEM_INFO" (CODE_ID,ITEM_ID,SYS_EMBD_YN,SYS_INST_DATE,SYS_INST_USER_ID,SYS_UPDT_DATE,SYS_UPDT_USER_ID,DISP_NO,ITEM_NAME) VALUES ('SECU_PLCY','AUTHORIZED',null,null,null,null,null,3,'Only Authorized');


INSERT INTO "PUBLIC"."APP_GROP_AUTH_MAP" (GROP_ID,AUTH_ID) VALUES ('ADMN','ADMN');


INSERT INTO "PUBLIC"."APP_GROP_INFO" (GROP_ID,SYS_EMBD_YN,SYS_INST_DATE,SYS_INST_USER_ID,SYS_UPDT_DATE,SYS_UPDT_USER_ID,GROP_DESC,GROP_ICON,GROP_NAME,UPER_GROP_ID) VALUES ('ADMN','Y',null,null,{ts '2020-05-05 18:26:20.845000000'},'admin','Administrator Group Description\n',null,'Administrator Group',null);


INSERT INTO "PUBLIC"."APP_GROP_ROLE_MAP" (GROP_ID,ROLE_ID) VALUES ('ADMN','ADMN');


INSERT INTO "PUBLIC"."APP_MENU_AUTH_DISP_MAP" (MENU_ID,AUTH_ID) VALUES ('admin','ADMN');


INSERT INTO "PUBLIC"."APP_MENU_INFO" (MENU_ID,SYS_EMBD_YN,SYS_INST_DATE,SYS_INST_USER_ID,SYS_UPDT_DATE,SYS_UPDT_USER_ID,MENU_DESC,DISP_NO,DISP_PLCY,MENU_ICON,LINK_TRGT,LINK_URL,MENU_NAME,UPER_MENU_ID) VALUES ('admin','N',{ts '2020-05-05 18:58:13.567000000'},'admin',{ts '2020-05-05 18:59:01.133000000'},'admin','Administrator Console',null,'AUTHORIZED','data:image/png;base64,iVBORw0KGgoAAAANSUhEUgAAACAAAAAgCAYAAABzenr0AAAGkElEQVRYha2V329UaRnHP+85c850fvbHUraiC7NSTJZEKbvojREqF/6IMWUvSCMJSm+82wD+A5iQaLxSkr0xIWSNbkhj3OXCpLrGgJuQAsYwgqFuoaXddhjaaaed6Znz633Peb1oZ2yBLi3Lkzw358fz/bzf5znnEWwxhs8eOZZOtQ3YllXwpCo0fNmxVHeLK67/DzdQ753/092prdZaH0JrvfGCEOtFO2zbOtPZnj/d1ZHvSLUlCaViYdlhfqnOfLXO/EKVfC6D46srleXG0Lt/vb+8HYDEZjeGzx7paM9nr+7d39eX63kdYkVQm6dWeshcdVV8rlJhZ2eOrx96CyMOj33w91vLwNB2AIzNbmTynR9+9bs/7vMzX+TB2B0+Kd6gPPMQU8TkbEWlusSuHe0c3N+LrX0aRo6EiE4N9RcK2wF4pgPvnz6MFxv9H11+lwMHv8Ke3TsROkllZpr5mRkip8HXegz2HXwLw87yn9v/pKqS+CKN1n4BmPpcAFJFPB6/y3feHuCNQ98AQMchrxZ6IayjZZ3y1AyPHi9iihTjD2eQdgciYaOiuB+49rkAQhVhGgZfPvhNSL8CgFAeGDYaDVrS89oXyGaX+OPwX4gjRSQDMp07iOLSVrWBTWbgp7+9QTKVmpKxjUi9ikj1IJJdYOUgkUYYSYSRoC2dItVmYghofjvxE1/VCwEAHNibKea6v4Sw2xHJdki0gWEhhAnCBCEQwsCyLWINMeCs1AGKLwWgO2/+23v8X7Sso8M6RAHEEq0jVuU0WsccenMv3/vWPtLJBEEQALyc/wAwpWqz6K5dIAQoF5QDykNHATqOiCNFLiWILZ+EEVNbrk0Nj85ee1kARW/uE7I9ewDQUbgKIFdAecRKonwP6bksLCwxPlMjUOJ32xGHz2jBvnc+LgbV0pT25tDeHPjzaL+KDuvEKkB6LoGzgl9f5u50Az8SxeHR2Z+/NAAA6a1cCxan0N5CSzwKPcKGg1dbIjbzSCmIo4hY8+3tij8XALhQL00S+Q7KcwgbK3i1JRrVChEZYtIslh+xp10zPDq7reHbEsC+dz4uNhYr11bmH+EszuNUHuPVHES6gJQmkzf+TH3F4763g4GBgf4XAfjMdQzwt9//oi8RNW7vzTUQUUgUBriL0yyWP8Wpe0RK8VF8lNKSj+/7V+I4HhoZGdmyG5sCXLx4scOyrHOWZZ2xbRtZn+H7r1cxtYOzOEf5wQOcwMLZ/QOuji1h2zbVapVSqbQspRwaGRm58sIAFy5c6LAs62pXV1dfd3c3URRx8+ZNfvb2a1jeNM78DOauo2Tf+CF/GP6Aer2O7/tEUUQcx0xOTtJoNH5z+fLls88DeOYMSCk/7Ozs7Ovt7SWdTmPbNkIIvFeOYO46QvvRX5Hv+xFjD6YJggDTNDEMAyklURRRKBTI5XJnBgcHf71tgPPnz/ebptm/f/9+UqkUtm1jmiZBEGCluzB2HcFo6yIMQ27fvt1yrRmu6+L7Pjt37iSZTJ45fvx4/7YApJQDuVyOOI5blmqtSafTWJbVeq5YLDb//U+F4zgAZDIZtNY/Wbss+P/S3BwgDMO+ZDKJ53k0Gg2CIEBKSSqVwjRNAObm5rh3717rHa31hozjmCAISCQSaK1PARmgDUgCNqsrwATEsxzosywL13VxXRfP86hUKmSzWQxj9fHr169vEGw6tT7DMMQ0TaIo4vDhw0fXxJ9M+6llJKXsCIIA3/dbp3Ndl0wmg2EYjI2NUa/XW61pAiiliKKolVrrlmNCiDeBfwEOIAHF6k6Pn+UAYRji+34rpZRks1mklBSLxQ3iSimklCilWhlFEZ7nEcdxs2Y3kAU6Ab0O4Ol1rJRCCLFhwKSU5PN5bt261SrcHFIp5YZsAjWdUEoRx/EeIA9Ea72fbNZ+yoEoiobu3LmD53mtoq7rIoRgfHx8Q7/DMCQIAsIwJAzDDRDNXGvR7rXTd6ydnk0BLl269F6tVhsaHR1dLpVKKKXwfZ+JiYmW9c1rvu8TBEELYj2M7/sotarl+34N6ALKwKfr9TbdBSdPniwA55LJ5Knu7m56enqwLAulVEukKdoc2mZ6nofv+ySTScrlsj8xMfHLhYWFi8CjJw/83G144sSJAnBMa306lUoVMpkMQggSiUSrDVJKgiDAdd0NMI7jTFQqlXOzs7PvPym8ZYD1MTg4WNBa92utCwBa6wNa6444jqeUUtPrZuDa+Ph4qVwu39+02Fr8DxXDUTKPMGJQAAAAAElFTkSuQmCC','BLANK','/admin','Administrator',null);
INSERT INTO "PUBLIC"."APP_MENU_INFO" (MENU_ID,SYS_EMBD_YN,SYS_INST_DATE,SYS_INST_USER_ID,SYS_UPDT_DATE,SYS_UPDT_USER_ID,MENU_DESC,DISP_NO,DISP_PLCY,MENU_ICON,LINK_TRGT,LINK_URL,MENU_NAME,UPER_MENU_ID) VALUES ('demo_board_default','N',{ts '2020-05-05 18:41:54.735000000'},'admin',{ts '2020-05-06 01:36:37.119000000'},'admin','Board Default Skin',null,'ANONYMOUS','data:image/png;base64,iVBORw0KGgoAAAANSUhEUgAAACAAAAAgCAYAAABzenr0AAABX0lEQVR4XsXVsUoDQRSG0fGSxkoQAoIPYBG2sk0lpBAri2AIBLRNYxEQREEMilvaiSAIdrYBUVYCBm0XhIDgMwjCSsBK8KtyC2F348zuXDj19xcDM/fVNT6ugUcY8RC/RoRdmIqH+DYMzosYUEeEeRgk+MQOCENvgtjlGwjwjAVk3QTreBGH8Qhd1PCRJw4jDuM9jPGEasqAPohzEMfxYWocOMaSDigzrhIdUH68h+/pAIv4Hl5xNkO8jwtMTyzjJ2hikDN+BE6JRXyITVyhhUH+uBKLeBUG7fQRGrcZsIG/cdXGJVq4yxuf5S8IEWS89g4MmrjHSOOWAzLjqoMqHhAi88RZXMUazyaO46c4RO4TP3ElfuJK/MSVWMZDjdsPWP5HfB/G1YAbi7j1gC2sWcStBxyUG1eCOoJy40rQ8BPXAasp4R8QRkEnWIGeukUNIQq7ChaR4A1jxBjhHYXfL74nY/YNbtLLAAAAAElFTkSuQmCC',null,'/board/TEST1','Board Default Skin',null);
INSERT INTO "PUBLIC"."APP_MENU_INFO" (MENU_ID,SYS_EMBD_YN,SYS_INST_DATE,SYS_INST_USER_ID,SYS_UPDT_DATE,SYS_UPDT_USER_ID,MENU_DESC,DISP_NO,DISP_PLCY,MENU_ICON,LINK_TRGT,LINK_URL,MENU_NAME,UPER_MENU_ID) VALUES ('document','N',{ts '2020-05-05 18:38:57.410000000'},'admin',{ts '2020-05-06 01:31:03.475000000'},'admin','Documentation',null,'ANONYMOUS','data:image/png;base64,iVBORw0KGgoAAAANSUhEUgAAACAAAAAgCAYAAABzenr0AAADZklEQVR4XrXXXUsbWRgH8P9MXo1G0lj7FtxqI14EW0QKvRGthbjF1kKlKKW0SylUerXLsjd7UaOlb+tN/QKCN4XSgje9XtreCIWmFtuubowsGF9ZjZnETOLoOM2ZOdThMFSTGR94OCcv5PfPeQ6EcIqigOO4egBncLA1WbDiYIsEANCtHHBRA2zboavE/AI5DbV5nqN7nu4NGiDrnu10OjH2BD3rLys78lMNvx+PfBBBi9f51uO0N2KDaDuHXmdQ6fNfqJ5N/tEcMgpwILgYf4jN+QG4KivgOdkHV4N0zN2++PfS4FkPMfUjsBzPzjyEvPwAbopz8gTkVBRiTjgmusRnAPqYEViIxx8RXPvmtRQXolj/LGBtHkhImUV2BNbii4MqXs7gyQK7lMbA+X5lkA1gEf4Y2wZ46ouAVAFfWEeE4mADWIMvDGgz1+NfBQgFPJFEpD2iPAAtNoBJ/IkeB78zgR2C/yOATPt1FC9YnA1g4rYTPKJduDqKpzVcXAIWDt3Fb6N4xeJsgJLxLYqXs/gyEC+7DUf9HYY1DlAC/lTF3Sw+peHTjpuwBwsBHI59BSgen+/X8FO7uDCt4V+5G8DJWyput9v3EaAYPP6XirtY/F9t5pNyL7YD17/jXq/XugDZmQKeuK/iFUGKZ3bx6OY15I/2EFz9FaypqUFtba3pABQfgmSApwm+DLzPXkX2cLeKV1VVoampSV0BmA/w/+dh5OfIzBk8puHjqS6kfVfgdrvR2NiI5uZmNYgkSeYDkJr+NAtRaUNFvQ6f0fB3q51Iei8hEAggHA6rRy7Lsorncjn8qOx7BSCV31hDtd8H2daK2MdVNASjyMS1mb9Z+Rlp32W0trQgFAoRQI+Tzyg9AC0sxcbh9x+CtCUjI1RiauI0fJlxvF3pgK3uF9zo7CQ33RDneb60APpQI8/HcPHcTzjiK8NGDphLnYGYPY7QxT/Vi0bLCCdd3B1gcVLbCoextzHEk2XgTrQhFP4VXfdG9oMXfQKG+6HhUaPX98KLO4E9ghSDmwhgHjcRwDxuOoCVeEmX8Ic/m+z7SHs8Hpgt9t8xiWujwXjdaqPN65oUpwMUuu7oWiZN958AzADYIl1wd/QnMAvgPwo6mHbS1UX3TuZ5UGQbgESaIhLzmLQdNBwZHQnxDQ8LXx9ggN72AAAAAElFTkSuQmCC',null,'/','Documentation',null);
INSERT INTO "PUBLIC"."APP_MENU_INFO" (MENU_ID,SYS_EMBD_YN,SYS_INST_DATE,SYS_INST_USER_ID,SYS_UPDT_DATE,SYS_UPDT_USER_ID,MENU_DESC,DISP_NO,DISP_PLCY,MENU_ICON,LINK_TRGT,LINK_URL,MENU_NAME,UPER_MENU_ID) VALUES ('github','N',{ts '2020-05-06 01:31:59.647000000'},'admin',{ts '2020-05-06 01:35:29.756000000'},'admin','Github Repository',null,'ANONYMOUS','data:image/png;base64,iVBORw0KGgoAAAANSUhEUgAAACAAAAAgCAYAAABzenr0AAAACXBIWXMAAAsTAAALEwEAmpwYAAAE3ElEQVRYhcWXX2jTVxTHP/cmzdIi1aaCokWqFqVWqx3DP0xouw1KXzY2re2qxQdZVLo+DAbbkGEeZHRjDF/20vngmC+bgjgkbF2TpmS07E9B8MGBtY3UZKWLtibFmPSX392Dza+/JL+kqTj2ffr9zj33nO8599xz74X/GWK1EzwejwwGg3XAZmATIIQQM0B4aGjoL0D9JwS6u7vfklJ2SinblFKujDwcDpvVZoFB4Du/3z/4Qgh0d3e/YbPZPgdethrPIWDGb0KIT3w+3/BzEXC73WWJROJr4L1iBooQAFBCiC/n5+fPjY+PL1op2KyEHR0dLuAn4O1i1gHi8XixYQG86nQ6D2/cuPGHBw8eaLkKMlfgdrvLnE7nDeDwSs5XgdaKiorr7e3tL61IYCntL9I5AEqptmQy2Z8rz6qBpYL7pZihmpoaDhw4wM6dO6mqqkLTNKLRKLdv32Z4eJhQKFRsui6EaPH5fEFLAj09PeMUqHaHw8GRI0c4ePAgQixPS6fT5igZGRnh0qVLpFKpQiTG/X7/K5kfowiX9vkHVjOcTid9fX3s3r07y3nGqRGNENTW1rJ3715GR0fRtLyaA9hUW1s7FAqFpsFUA1LKzkKUT5w4wZYtW7h//z6BQMAyumQyidfrZWJigu3bt9Pb21vIHFJKd+bbDs/a6+TkZJs5mgzq6+tpbGwE4M6dO3i9XgYHB6msrCQajRIOh9mwYQOPHz8mFovR2dlJXV0d+/fvZ9++fdy6dSvPplLqNYMMQDAYrDO3VzOam5vNzAFYWFggEomQSqVIpVJMT08Ti8UAspaovb29UBJqWlpaag0CPDtY8mC329mxYwcAmqYRCAQKGTTg9XqNtd+zZw92u91STwjRYCawyUpp7dq1hoHZ2VkWFhZWJBCLxYhEIkYALpdlYgGqzQQsYbMtd+qKiooVnWewZs0a4zuzbLmQUgozgYiV0sOHD410rlu3LstwIVRWVhpRa5rG7OxsIdWImYDlkZZOp7MMHD16NK8PmCGE4NSpU8seIhF0XbfUlVKGYKkRnTx5cm5+fr4PKLdQZNeuXYyNjdHQ0EBTUxNKKeLxOMlkkng8jsvl4tChQ5w+fdrYsgDXrl3j3r17Vv4f+Xy+j40MeDweXdf1n600R0dHmZubo6qqioGBAdavX8+xY8eylsPhcHDmzBm2bdtmyKLRKD6fr0CuuMHS1c3YI7quf2+z2d7N1dQ0jcuXL3P27FkaGxs5f/48mqZltdmZmRkWFxcpKysDIJFIcPHixUKtGKXUt5nvkg+jrVu34nY/66DJZBKPxwMs34iuXLmCw+EgHo/T39/P3bt3C0U/4vf7WzI/WV0inU5/VOg4npqa4sKFC7S2ttLU1JQ3Pjc3RzAY5ObNmzx58qSQc6Xr+odmQV5J9/T0DLDCPdCMFe6E2d6V+mx4ePicWZbXJcrLy3uBX0u2Wjq8zc3Nn+YKLTd1R0eHq9R7YYkZ+DGRSHSNjY0lcgcs++TVq1cfPX36tEUpNVCK9SLQlVJfVVdXv2PlHEp4mBw/fvx1KeUXrP5h8gfwvt/v/72Y/ZKfZl1dXW/abLZOKWUbSyeZBYF/hBDX0+n0N4FA4M9S7D7X43Rqaqp+cXGxRgixeWZmJq2U+ltKOTE0NDS5Wnv/O/4FeQHmNjSRslMAAAAASUVORK5CYII=','BLANK','https://www.github.com/oopscraft/application','Github Repository',null);


INSERT INTO "PUBLIC"."APP_MESG_INFO" (MESG_ID,SYS_EMBD_YN,SYS_INST_DATE,SYS_INST_USER_ID,SYS_UPDT_DATE,SYS_UPDT_USER_ID,MESG_DESC,MESG_NAME) VALUES ('ACCESS_DENIED','Y',null,null,null,null,'access is denied.','Access Denied');
INSERT INTO "PUBLIC"."APP_MESG_INFO" (MESG_ID,SYS_EMBD_YN,SYS_INST_DATE,SYS_INST_USER_ID,SYS_UPDT_DATE,SYS_UPDT_USER_ID,MESG_DESC,MESG_NAME) VALUES ('INVALID_PARAM','Y',null,null,null,null,'invalid parameter error message','Invalid Parameter');


INSERT INTO "PUBLIC"."APP_MESG_LANG_INFO" (LANG_ID,MESG_ID,LANG_VAL) VALUES ('en','ACCESS_DENIED','access is denied.');
INSERT INTO "PUBLIC"."APP_MESG_LANG_INFO" (LANG_ID,MESG_ID,LANG_VAL) VALUES ('en','INVALID_PARAM','{} is a required value.');
INSERT INTO "PUBLIC"."APP_MESG_LANG_INFO" (LANG_ID,MESG_ID,LANG_VAL) VALUES ('ja','ACCESS_DENIED','アクセスが拒否されました');
INSERT INTO "PUBLIC"."APP_MESG_LANG_INFO" (LANG_ID,MESG_ID,LANG_VAL) VALUES ('ja','INVALID_PARAM','{}は必須入力です。');
INSERT INTO "PUBLIC"."APP_MESG_LANG_INFO" (LANG_ID,MESG_ID,LANG_VAL) VALUES ('ko','ACCESS_DENIED','접근권한이 없습니다.');
INSERT INTO "PUBLIC"."APP_MESG_LANG_INFO" (LANG_ID,MESG_ID,LANG_VAL) VALUES ('ko','INVALID_PARAM','{}는 필수 입력값입니다.');






INSERT INTO "PUBLIC"."APP_ROLE_AUTH_MAP" (ROLE_ID,AUTH_ID) VALUES ('ADMN','ADMN');
INSERT INTO "PUBLIC"."APP_ROLE_AUTH_MAP" (ROLE_ID,AUTH_ID) VALUES ('ADMN','ADMN_GROP_EDIT');
INSERT INTO "PUBLIC"."APP_ROLE_AUTH_MAP" (ROLE_ID,AUTH_ID) VALUES ('ADMN','ADMN_PROP_EDIT');
INSERT INTO "PUBLIC"."APP_ROLE_AUTH_MAP" (ROLE_ID,AUTH_ID) VALUES ('ADMN','ADMN_API');
INSERT INTO "PUBLIC"."APP_ROLE_AUTH_MAP" (ROLE_ID,AUTH_ID) VALUES ('ADMN','ADMN_BORD_EDIT');
INSERT INTO "PUBLIC"."APP_ROLE_AUTH_MAP" (ROLE_ID,AUTH_ID) VALUES ('ADMN','ADMN_MENU_EDIT');
INSERT INTO "PUBLIC"."APP_ROLE_AUTH_MAP" (ROLE_ID,AUTH_ID) VALUES ('ADMN','ADMN_MENU');
INSERT INTO "PUBLIC"."APP_ROLE_AUTH_MAP" (ROLE_ID,AUTH_ID) VALUES ('ADMN','ADMN_CODE_EDIT');
INSERT INTO "PUBLIC"."APP_ROLE_AUTH_MAP" (ROLE_ID,AUTH_ID) VALUES ('ADMN','ADMN_CODE');
INSERT INTO "PUBLIC"."APP_ROLE_AUTH_MAP" (ROLE_ID,AUTH_ID) VALUES ('ADMN','ADMN_GROP');
INSERT INTO "PUBLIC"."APP_ROLE_AUTH_MAP" (ROLE_ID,AUTH_ID) VALUES ('ADMN','ADMN_BORD');
INSERT INTO "PUBLIC"."APP_ROLE_AUTH_MAP" (ROLE_ID,AUTH_ID) VALUES ('ADMN','ADMN_AUTH_EDIT');
INSERT INTO "PUBLIC"."APP_ROLE_AUTH_MAP" (ROLE_ID,AUTH_ID) VALUES ('ADMN','ADMN_AUTH');
INSERT INTO "PUBLIC"."APP_ROLE_AUTH_MAP" (ROLE_ID,AUTH_ID) VALUES ('ADMN','ADMN_ROLE_EDIT');
INSERT INTO "PUBLIC"."APP_ROLE_AUTH_MAP" (ROLE_ID,AUTH_ID) VALUES ('ADMN','ADMN_ROLE');
INSERT INTO "PUBLIC"."APP_ROLE_AUTH_MAP" (ROLE_ID,AUTH_ID) VALUES ('ADMN','ADMN_USER_EDIT');
INSERT INTO "PUBLIC"."APP_ROLE_AUTH_MAP" (ROLE_ID,AUTH_ID) VALUES ('ADMN','ADMN_USER');
INSERT INTO "PUBLIC"."APP_ROLE_AUTH_MAP" (ROLE_ID,AUTH_ID) VALUES ('ADMN','ADMN_PROP');
INSERT INTO "PUBLIC"."APP_ROLE_AUTH_MAP" (ROLE_ID,AUTH_ID) VALUES ('ADMN','ADMN_MESG');
INSERT INTO "PUBLIC"."APP_ROLE_AUTH_MAP" (ROLE_ID,AUTH_ID) VALUES ('ADMN','ADMN_MESG_EDIT');
INSERT INTO "PUBLIC"."APP_ROLE_AUTH_MAP" (ROLE_ID,AUTH_ID) VALUES ('TEST','ADMN');
INSERT INTO "PUBLIC"."APP_ROLE_AUTH_MAP" (ROLE_ID,AUTH_ID) VALUES ('TEST','ADMN_MENU');
INSERT INTO "PUBLIC"."APP_ROLE_AUTH_MAP" (ROLE_ID,AUTH_ID) VALUES ('TEST','ADMN_CODE');
INSERT INTO "PUBLIC"."APP_ROLE_AUTH_MAP" (ROLE_ID,AUTH_ID) VALUES ('TEST','ADMN_ROLE');
INSERT INTO "PUBLIC"."APP_ROLE_AUTH_MAP" (ROLE_ID,AUTH_ID) VALUES ('TEST','ADMN_AUTH');
INSERT INTO "PUBLIC"."APP_ROLE_AUTH_MAP" (ROLE_ID,AUTH_ID) VALUES ('TEST','ADMN_PROP');
INSERT INTO "PUBLIC"."APP_ROLE_AUTH_MAP" (ROLE_ID,AUTH_ID) VALUES ('TEST','ADMN_GROP');
INSERT INTO "PUBLIC"."APP_ROLE_AUTH_MAP" (ROLE_ID,AUTH_ID) VALUES ('TEST','ADMN_USER');
INSERT INTO "PUBLIC"."APP_ROLE_AUTH_MAP" (ROLE_ID,AUTH_ID) VALUES ('TEST','ADMN_MESG');
INSERT INTO "PUBLIC"."APP_ROLE_AUTH_MAP" (ROLE_ID,AUTH_ID) VALUES ('TEST','ADMN_BORD');
INSERT INTO "PUBLIC"."APP_ROLE_AUTH_MAP" (ROLE_ID,AUTH_ID) VALUES ('TEST','ADMN_API');


INSERT INTO "PUBLIC"."APP_ROLE_INFO" (ROLE_ID,SYS_EMBD_YN,SYS_INST_DATE,SYS_INST_USER_ID,SYS_UPDT_DATE,SYS_UPDT_USER_ID,ROLE_DESC,ROLE_ICON,ROLE_NAME) VALUES ('ADMN','Y',null,null,null,null,null,'data:image/png;base64,iVBORw0KGgoAAAANSUhEUgAAACAAAAAgCAYAAABzenr0AAAE1mlDQ1BJQ0MgUHJvZmlsZQAAeJzllWtMk3cUxp/37R2otFCLTNFXxhBZYR2grEII0CEDEbBUoIx09iZUW3jzUhFkUxlG8IYXmMrChhIUlWwuKA4ZzhsToolDzJDhvGA13hBvgwREuw9d5INxyT57Pj15knNyzj/5/R+Af1RH0xYSgDXPxqjiY6lMTRbF6wUXfEjgCU+doYCOSU1NwltrpBcEAFwO0tG0pSlpvulm6/X5vgP6DY+OBxnf3gcAEDKZmiyAoABIcpw6DIBE79SfAZCstNE2gMgGIDHk6owAQQOQMWqVEiBqAYznqFVKgNwNYFyvVikBVjWA8UJDjg1gbwMgzzOa8wD2KYA1yWgqMAC8bgAbDTRjA/jZAIKs1nwjwN8MICBTk0U518xfBygOAqTPhLcEwE85gPTxhDdLBUi9gDbphPd8BggAxCc/FywNDQEAEOI2gO/ncAzVAC6VwMt5DseY2OEY7wE4MqBpumEFU/jvGxUBYMEFXpiNGGhRikPoJ8REClFNDJDh5E7yFYtmDbIZDpuzl5vAfcU7yd8sMLkkuka6zRMqJ2W4F4rqxY88MyU3paVT5nqPTu3w2TojdSbbt92vxD82wH327Q9PB+3/qOrjitDyOZXhexTtEfYoaXR6bP2nL+KXJPQkpST3LbKq3dJbNOZsf+2grs24LceyLMUaTvsVSAp5ReMlT1ffKb2yrqu8deOBLbu3VVSV7KRrzLVL68z1zL6yA983dfw43BzWUtZqb1988trZFZ3S82cuFvdE9gr/HLzWP9B3594D16GYZ1tGnrxY7nC8cbsbpkKOBbDiG3RglJhLrCLOkd6kjexjxbHa2Ar2aU4a5zF3J28+n+B3Cna5MK4ZbvHCmElx7iqRWVzp0SFxnayXnp8S4901VetDTD9C0b6Rfl7+xKyxQMgkwaFybUhV2KVwqUIf0RzFjs6MPRrnE1+VODmpPiVi0Q31loy4LE72xS++0xeYknODl4usw3R/wa+Fe4vXfqlZIysdWXes3Lpx2ubftubu4FU37IquuV67us5v76WG8sbEQ9N+wOHRI4Jjc46vaR88taYjoPPGhcbfyy+XXam7ar+Zdnv4fvfQw7+TRl+8cTsJASR4H+FIRR524Bc8ICgim9hDPCSjyBryJWs5y842sp9yKriB3D7edn6GIMCF4zLkesttQDjoDpGPWOXRKPGe3Oi10Jv3Xve0huklVIpvoJ+HPy9AEOglkwenydeGtIQ9DQ9VFEeciRJGp8fuj0O8MaEnKTH5/CJ12t30rzUffN6tLdNFGsaXnjFXWrT5oYzQdn9l16qDX21am1eWvD5wA3vT1crm7RXVS3YpvvWqHauz1/+xr/tAX9Ojwx7NCS3VrSPtzCnB2aOdyy4EXXT02Hv/6n94Q2LX3D0xGPfk2XDX2AWHw8mqkxDnnwIA90on9PPc15oAnDwDAIsLNJQDi+3AgnNATSLgHwl4GoFUIaBWgLhlADEwE8QDMVgoAvmuUfWukfSu0QM4Mw0AIDIv1Bkopc5i1jM6m+l1DItgxkLoYAAFJXSwwAw9GOhggwnG/2r9f2UzFdkAQJlPFzPmnFwbFUPTFhOlzLfSK2wmRkYl5BmCZVSIXB4KAM7cBQCuCKjNAoATz7RvzP0HbnfbUKLmT0AAAAiMSURBVFiF5ZdpbFzVFcd/7814Zjyrd8cej/c4TiEuJdA0IoI2CZTK0EXFRS2iMoKW2lIJlA8lbSVSIVQEghKh2HLsNCkI1MgFqQkhaQiUBKWUYCWFOF4yTryM1/Hsq2fe1g+esWzHgQr1W490pfvuu+d//ud/7nlPF/7fTfiyjgcP/vkPmia0CYLmEAShs7X1p+3/S2IrrKen5+79+3seXLn2p9C0N6bNB1PagQMHteXv9u/vebCnp+fu/wZb/KIN3d3dHSWlzuNV1bWvdnV1P59dV1WVUCRFMJxCVdWl/V1d3c9XVde+WlLqPN7d3d3xRfifW4Kurq5NFlv+Z7fd8R30osb77x4lEY/9ThSFO4Gbtn/7PodOn8O7x/4C8IYgaIeNRsvftt91L7IqcPb0ceLRYNOjjz568UsRAOjo6Hi98catPyktqyQVnycaCVJeXo7BZEUlB4B0MsxCMsb42Chlzipybevwzk4w1P/RG+3t7Q98Hv6aJdi3b199di5JyrErlz9DVRRsjlJc1RtBZyeW0IhEU8RiKVTBjD2/nK9u3kZBkRNZlnAPXUDTtM61MD9Xgb1793ZYLI62WCx0QNPEEwZDTu/Xt27Hai8knkjjmRjl8vAl/D4vsVgUgILCYsqdLho3bsJuz8NiNjB+dYDhwQudwAFN09qs1ryH4/Fw565du9qvS+C55/7YXF7hfHvHzrsZH3Vz4fw5tmz9JlZ7EYFglDOnT6GqKq7KGkpLyzFbrKiqQiQcwuMZY2bKQ5nTxZYtW7FZTYxfHWBo8CI3b95CVc163jt1gunJqXueeuqJY9mY+hVshHQNQg4jo150ukLu2P49BFGH1xem79w/KSkpx1VVi8mUC4CmgSDocOQVYncUUFlVx9joCB9+eIatW2+jomoDTlc9gVCKkVEvCDmLMZbZCgI1NTWdIyPDNfOznl9V1W1CKq5AAMbGr+Bw5OOqqkOv1yPL8lrlxGy2Ule3gdFRN0NDg1RW1aJp4PN6mLjaTyqVeKm+vrZzuc+aXbBnz7OtpWWVB+sabiGVWmBm2kNpaTm5ZgsAyUQU93AfkbAfURDJKyimrmEzRqMZgFgsytzsFBWuaoxGE1cu9zE3M/HQnj2/PbQ61ppdoGnpO622QvR6gUgkjMFgRJ9jQJIkwiEfn3z0NvNz47/2zk1VxGLB2smJkT3nzh4lHPIhSRJGowmjKZdQMIAhRySvYB0g3bdWrCUFdu/+TYcoim3Z5+13tZCWRGZmZjAYjVgsNgDcA2eZm514/MUXX9i7HOjJJ5/cVVTserlx0+0AxONRFhaSlJeVY7Xk8Pdjr2eS08KCIHY+++wzuyFzBlpaWnSaprX98Ec/o7jIRiSSxB+MEQpH0VQBnZiDlF6se8A/SyIRe3V1Jh988EHHjh07X06n0giCiF5nRNBSxGILWHIN/PiBX+BwmJme8Tve6u1pA3YvlaC3t1eRJInB4UnOnB3k3xfH8Ez6WFhIZViDJElIkoSiyDQ3N18jZV9fnyjLciydSiHLEqqqgCCSTqeZnPbzaf84Z84OMnLViywrjqzfUhfIstR57mzvUgmaNt+DqNODICIIGqm0RJ7DgiOvBLf7ymOapj0jCIKakVV45ZVXHnfkFVltdjOhcAKDQY8g6pAyHfNZ39FFUospLXXCml3Q3v7LD9dv3LbNYi1EpxOxWk2EwwkKC2zoRQn38MdYLObf79y58yWAU6fefyIej++p33ALGibmfRHy8yxEYwvIssJCMsLwpfcu7tu3r2l1LP214SGdlo/45ye3GYwOQIcA6HQifn+EsnX5NN10G965sadPnz7zNIDNbqd+/U2kJD0zc0FEUcioqiBJMv55D6mUdGStWLrVC4888sjzZrN5z/qGGzGZrMRiSYzGHOxWE+FonEgkgagzUOGqpqFhI67KOkymAnz+BDOzARRFoaTIjiTJhEIxLBYjVksOgcDs7U2bbrScP3/+3eXxVpSgtbW1tbxi/cGv3PANZuYiaJqaOdEiGzdUkJYUpmcCRGPJtZLBbjNTXl6A0aDn0sAEsqIuYZSV2hm49C+mJ90PHTp06NCaJVBVdcQ372ViMkAoMIF3dgin62tYbMV8enGMhgYnjQ1OZuaCeL1hEsnFLrFYTJSV5lFaks+8P8zAwASKqhKLzDE9+Skl6xqRpEp8815UVR25rgIA999/f4fBaG5LpxIHVFU9ZjDmvlVReQsWazEAxUV2GuqdFJfkIQqL7oqi4J0PMzDkIRyOAxCLepmc+AQB7V5Zlr9vMJofTqcSnYcPH77+7zhrLS0tzt7e3qnM/Af6HONbdRvuQhBWfrkNBj2qqiHLyop1TVO5MnSSdDr53TfffPPoaszlds0hBBgYGIhm542NjY/V1N18q6izEg5OEQ5NIQg6RDEHSZKRZQVVVUnEAwT8V5GlNKZcGzarBb9vMjQ4OHhsNeYXEshac3NzrdFofS2/8AYUWWFy4hyhgOeZcHA8zzc3tC4vvwY0geH+IwT9o33xmK8rmQx9y2Z3gWAmHPTcWlNT+Zrb7Q5eL8ZqAgKLn2c9YHC73YnKSmdRIj6/OZEIEPBPdh8/fvyFoaGhN+rr63+eX1hnBAGfd4gjR47cOjw83FfhLHOoanqzf/4y8Xiw65133vlrBnfNci/vAjEzjIAJMAOWEydOvF5dXT1jtVpd/f39nwD3AoKiKHol02aZe8E9gHby5MmPm5pmxWQy2ed2u88ApUACSAIpQAa0zFhSIMtQnyFgBRyAHbCEQqGY1+udyDipgFpQUGCOhscrgn53TigU+ofH47mQAVfm5uZGAoHA7LKktOy7jP/STWq5LNnNBiA3o0BuRg1Dhpxu2b6sfxYsS07JBEtnMk6uUiBL4hoCy5XQXWdkg6+uaVZSddlQlg152fqKe+R/AIPp8sF7eF2hAAAAAElFTkSuQmCC','Administrator Role');
INSERT INTO "PUBLIC"."APP_ROLE_INFO" (ROLE_ID,SYS_EMBD_YN,SYS_INST_DATE,SYS_INST_USER_ID,SYS_UPDT_DATE,SYS_UPDT_USER_ID,ROLE_DESC,ROLE_ICON,ROLE_NAME) VALUES ('TEST','N',null,null,null,null,null,'data:image/png;base64,iVBORw0KGgoAAAANSUhEUgAAACAAAAAgCAYAAABzenr0AAAG6ElEQVR42sWXf1CUdR7H38v+4uf+KLA1ECgdFpXFC80Uwyz1UuuuqTQt1C7Hfsxd01xTeV1NFonm2Ux6zTmeppmapHiXkjWJprAIrIYowp0/UOLUFJBd2R88z/58dvs8z/7Qx33Af2yOmS8PzL4+X97f9/vz/Swrw//5S/ZmRc/8ezLUr6VrlCNVyoQUhvXLrlzzwuryh7gQmNRExekRmWmfnux04nZyCyYmfSkIWLD2f10GrdKQPywFuhQl3F4OfIHN5Yc8AchKT0L2kOTunYe7cDu5xwvVQ2MOaJOV2xyMH0EuALUyAfpUBTQpKqgUcviCMqSqExa00MluJzc/6gD/bU9rKOQPhOALBOHxBcH6+CcHjz8IL63yp7S/CicS8IQJqGji4I7A/PP54kR8eoBB+dOaQbl549VYX8Peklv0YCJWV1/fbwAB/AoJRU8VqbG5nhGdTIr7/RgVtlnYW3Lz7iehZkbCgZNUUEgFP4Zt4ot462aPU2NjHb+xZlDuSUHorTneqX/WXufiBTRxkczCz7mkeINZYuObOF7oprpbc889oMa6GikBEcu2RxRHMwsLiI/gZi4sIJ67WD8MKUlXkJwOuENDoUo/jL8duHOQCCKZeSgz/skL+KyWwbKntYNys8eq8XldPNd7RAa5Cki6g/4QvaK48wg+3D8yxsUJ2B6xLNq5ggO1fNdqB+UEB8zxHBwy+PsB1k4OWAG9yYLy2lExLj6CyMaeSOfOvV8lHcFN3OxxKskIeAE+BvBcIwE2QGdqRLl59OARRE8WjUAkYACOj2DT4XhOEEAOuPvCAvQDCrjh3g4qYABuoCYUIiAH3OQAS0tf0EACCqQdmDUa2HVcPLmkHJhmDOGh937GEA1gylEjQ6vEnOI0bDzMih0wUfBOvdiBgnqU15mkBTycF8Le1mDkegXhZDyYX5wa14SFBg4zl3fRW24IhdkqKOQhPFeix45jXhH3u1HtSGCM4SYkAbYuFTKLDpEDJokmpILxORwOtQNe/vQk4pqdwR8m6+IcyNIE8cctATCsF/2MG/1OO/61JAsHzwVE3CyjGUrPlJgDXZdTkDtuH5bXFUr3wMgMH5ouymMOXLXZsfiRdLEDxCk5P8qq6D8Ltwf9/W4wDht2/SUXB9sDIm56bgWSg6WCAA8J+KlTh/zib7DcPEb6Gt7TeQi9K8ugvCOVrkshLmuGYcILz+ITi+L6iCXOanWTKwqwJMDFsCTgKgkYTg5wIm7y0I+hVy4JC6B2OH0uA2NK/k0O/Eb6veDeqlVw7tyKYHYONIUmXAom46FFz+DjU3eLJlzreQe+bUsGy4YFsPYuVL6dR/EFRNxY3evI0q6JRXCC9pk4tZIcMElPQuPOFRh2tAZ2lxNWux0WLhVzvlyLNVdGiZpr/4+9aL6sox6IONB3EV+/Oxr7zwREnFFZivy7K2IONLTkYtoT1TSKDdIRGNa+jYKOZvQ5ndSADtSEdFi09wusOpUpsnbbvku4xBrCDlAPsH0dMK8qotngE3EGz0w8kLcv1gM/NBnx5MIWLP3GLx1B0oo/YZLtLAnoJwF92CcbgjeOV+ODanF3r6k8B7cyl5rQTQI8YKnmwpYHseI7l4hLshbjt2MtsVG8t6EApS+34b3dTuk54Ht3MWa5LwgR2CiCPfJMLD11CEupYNkNG5dtboNKZ0Q/y98CDw2Y/6Jnx8NxnO/CWMyZfDzWA7tqi7D41WYRJ4rA+9fFeMx7IRyBw4FKZQ7K26qpwEUFGnmE48o2tUKlzxfmgIvmgKf3JLp3To/jvD+NwzNTmmMRbP1hAl79s0XEiRxg3nkRk7xXoHBaqQkd2K4ejlWt30ULknmWOKZsUwvkabk0L+RhAVePo7tyRhzHdIzH9KIz0CpcggMbvy/BG2/ViThaoZgA2zsvQ+dzYbyjA0xGBjofL8WMV56NZmbgYeJ63t9wDCF5IoKJ2TCk+fGo0YY35+TFcbbTk3CX3onpo/8DLzsKJ7qXYHLJ8yKOVkAQsLuF22D9avOL3S1N0LjteM28Q7CneXctttszK1cvyltKv3q/sjjLquq7FracuQwOiWjfOFHgttW5cKKjW8T196xZeK2nHhkpTrxQahG4s2cPYn1jdoyj5eIFyCoa7VNTWce6NG/PiPyCbNIWxM+tHWh06DprjllW7Pn7Sw3EOf9Rdfq+VF3WagVnHzHBqBOOcLSDw7keb+fJ+ioRl50pX62RdY0YmTNc8LrX2g7z+fTO/QeORDkHLbsskoX6o61HZmoysubJE7Ul/Nux1drbcL7t6Lc7Vs6vpdfpMoHlT7F8S+MM3ZDsubeB45c3KoA+NkJJSxH5WRbJKMjnFFncr8CFfgHu3Du3fC8kNQAAAABJRU5ErkJggg==','Test Role');
INSERT INTO "PUBLIC"."APP_ROLE_INFO" (ROLE_ID,SYS_EMBD_YN,SYS_INST_DATE,SYS_INST_USER_ID,SYS_UPDT_DATE,SYS_UPDT_USER_ID,ROLE_DESC,ROLE_ICON,ROLE_NAME) VALUES ('USER','N',null,null,null,null,null,'data:image/png;base64,iVBORw0KGgoAAAANSUhEUgAAACAAAAAgCAYAAABzenr0AAAACXBIWXMAAAsTAAALEwEAmpwYAAAKT2lDQ1BQaG90b3Nob3AgSUNDIHByb2ZpbGUAAHjanVNnVFPpFj333vRCS4iAlEtvUhUIIFJCi4AUkSYqIQkQSoghodkVUcERRUUEG8igiAOOjoCMFVEsDIoK2AfkIaKOg6OIisr74Xuja9a89+bN/rXXPues852zzwfACAyWSDNRNYAMqUIeEeCDx8TG4eQuQIEKJHAAEAizZCFz/SMBAPh+PDwrIsAHvgABeNMLCADATZvAMByH/w/qQplcAYCEAcB0kThLCIAUAEB6jkKmAEBGAYCdmCZTAKAEAGDLY2LjAFAtAGAnf+bTAICd+Jl7AQBblCEVAaCRACATZYhEAGg7AKzPVopFAFgwABRmS8Q5ANgtADBJV2ZIALC3AMDOEAuyAAgMADBRiIUpAAR7AGDIIyN4AISZABRG8lc88SuuEOcqAAB4mbI8uSQ5RYFbCC1xB1dXLh4ozkkXKxQ2YQJhmkAuwnmZGTKBNA/g88wAAKCRFRHgg/P9eM4Ors7ONo62Dl8t6r8G/yJiYuP+5c+rcEAAAOF0ftH+LC+zGoA7BoBt/qIl7gRoXgugdfeLZrIPQLUAoOnaV/Nw+H48PEWhkLnZ2eXk5NhKxEJbYcpXff5nwl/AV/1s+X48/Pf14L7iJIEyXYFHBPjgwsz0TKUcz5IJhGLc5o9H/LcL//wd0yLESWK5WCoU41EScY5EmozzMqUiiUKSKcUl0v9k4t8s+wM+3zUAsGo+AXuRLahdYwP2SycQWHTA4vcAAPK7b8HUKAgDgGiD4c93/+8//UegJQCAZkmScQAAXkQkLlTKsz/HCAAARKCBKrBBG/TBGCzABhzBBdzBC/xgNoRCJMTCQhBCCmSAHHJgKayCQiiGzbAdKmAv1EAdNMBRaIaTcA4uwlW4Dj1wD/phCJ7BKLyBCQRByAgTYSHaiAFiilgjjggXmYX4IcFIBBKLJCDJiBRRIkuRNUgxUopUIFVIHfI9cgI5h1xGupE7yAAygvyGvEcxlIGyUT3UDLVDuag3GoRGogvQZHQxmo8WoJvQcrQaPYw2oefQq2gP2o8+Q8cwwOgYBzPEbDAuxsNCsTgsCZNjy7EirAyrxhqwVqwDu4n1Y8+xdwQSgUXACTYEd0IgYR5BSFhMWE7YSKggHCQ0EdoJNwkDhFHCJyKTqEu0JroR+cQYYjIxh1hILCPWEo8TLxB7iEPENyQSiUMyJ7mQAkmxpFTSEtJG0m5SI+ksqZs0SBojk8naZGuyBzmULCAryIXkneTD5DPkG+Qh8lsKnWJAcaT4U+IoUspqShnlEOU05QZlmDJBVaOaUt2ooVQRNY9aQq2htlKvUYeoEzR1mjnNgxZJS6WtopXTGmgXaPdpr+h0uhHdlR5Ol9BX0svpR+iX6AP0dwwNhhWDx4hnKBmbGAcYZxl3GK+YTKYZ04sZx1QwNzHrmOeZD5lvVVgqtip8FZHKCpVKlSaVGyovVKmqpqreqgtV81XLVI+pXlN9rkZVM1PjqQnUlqtVqp1Q61MbU2epO6iHqmeob1Q/pH5Z/YkGWcNMw09DpFGgsV/jvMYgC2MZs3gsIWsNq4Z1gTXEJrHN2Xx2KruY/R27iz2qqaE5QzNKM1ezUvOUZj8H45hx+Jx0TgnnKKeX836K3hTvKeIpG6Y0TLkxZVxrqpaXllirSKtRq0frvTau7aedpr1Fu1n7gQ5Bx0onXCdHZ4/OBZ3nU9lT3acKpxZNPTr1ri6qa6UbobtEd79up+6Ynr5egJ5Mb6feeb3n+hx9L/1U/W36p/VHDFgGswwkBtsMzhg8xTVxbzwdL8fb8VFDXcNAQ6VhlWGX4YSRudE8o9VGjUYPjGnGXOMk423GbcajJgYmISZLTepN7ppSTbmmKaY7TDtMx83MzaLN1pk1mz0x1zLnm+eb15vft2BaeFostqi2uGVJsuRaplnutrxuhVo5WaVYVVpds0atna0l1rutu6cRp7lOk06rntZnw7Dxtsm2qbcZsOXYBtuutm22fWFnYhdnt8Wuw+6TvZN9un2N/T0HDYfZDqsdWh1+c7RyFDpWOt6azpzuP33F9JbpL2dYzxDP2DPjthPLKcRpnVOb00dnF2e5c4PziIuJS4LLLpc+Lpsbxt3IveRKdPVxXeF60vWdm7Obwu2o26/uNu5p7ofcn8w0nymeWTNz0MPIQ+BR5dE/C5+VMGvfrH5PQ0+BZ7XnIy9jL5FXrdewt6V3qvdh7xc+9j5yn+M+4zw33jLeWV/MN8C3yLfLT8Nvnl+F30N/I/9k/3r/0QCngCUBZwOJgUGBWwL7+Hp8Ib+OPzrbZfay2e1BjKC5QRVBj4KtguXBrSFoyOyQrSH355jOkc5pDoVQfujW0Adh5mGLw34MJ4WHhVeGP45wiFga0TGXNXfR3ENz30T6RJZE3ptnMU85ry1KNSo+qi5qPNo3ujS6P8YuZlnM1VidWElsSxw5LiquNm5svt/87fOH4p3iC+N7F5gvyF1weaHOwvSFpxapLhIsOpZATIhOOJTwQRAqqBaMJfITdyWOCnnCHcJnIi/RNtGI2ENcKh5O8kgqTXqS7JG8NXkkxTOlLOW5hCepkLxMDUzdmzqeFpp2IG0yPTq9MYOSkZBxQqohTZO2Z+pn5mZ2y6xlhbL+xW6Lty8elQfJa7OQrAVZLQq2QqboVFoo1yoHsmdlV2a/zYnKOZarnivN7cyzytuQN5zvn//tEsIS4ZK2pYZLVy0dWOa9rGo5sjxxedsK4xUFK4ZWBqw8uIq2Km3VT6vtV5eufr0mek1rgV7ByoLBtQFr6wtVCuWFfevc1+1dT1gvWd+1YfqGnRs+FYmKrhTbF5cVf9go3HjlG4dvyr+Z3JS0qavEuWTPZtJm6ebeLZ5bDpaql+aXDm4N2dq0Dd9WtO319kXbL5fNKNu7g7ZDuaO/PLi8ZafJzs07P1SkVPRU+lQ27tLdtWHX+G7R7ht7vPY07NXbW7z3/T7JvttVAVVN1WbVZftJ+7P3P66Jqun4lvttXa1ObXHtxwPSA/0HIw6217nU1R3SPVRSj9Yr60cOxx++/p3vdy0NNg1VjZzG4iNwRHnk6fcJ3/ceDTradox7rOEH0x92HWcdL2pCmvKaRptTmvtbYlu6T8w+0dbq3nr8R9sfD5w0PFl5SvNUyWna6YLTk2fyz4ydlZ19fi753GDborZ752PO32oPb++6EHTh0kX/i+c7vDvOXPK4dPKy2+UTV7hXmq86X23qdOo8/pPTT8e7nLuarrlca7nuer21e2b36RueN87d9L158Rb/1tWeOT3dvfN6b/fF9/XfFt1+cif9zsu72Xcn7q28T7xf9EDtQdlD3YfVP1v+3Njv3H9qwHeg89HcR/cGhYPP/pH1jw9DBY+Zj8uGDYbrnjg+OTniP3L96fynQ89kzyaeF/6i/suuFxYvfvjV69fO0ZjRoZfyl5O/bXyl/erA6xmv28bCxh6+yXgzMV70VvvtwXfcdx3vo98PT+R8IH8o/2j5sfVT0Kf7kxmTk/8EA5jz/GMzLdsAAAAgY0hSTQAAeiUAAICDAAD5/wAAgOkAAHUwAADqYAAAOpgAABdvkl/FRgAAAzhJREFUeNrsl81PG1cUxX/P30YuxkZCaWgXLZEDRUlIgx1CKkWeGnXThSMxEov8BdnxF1TdZVXUZRdhiwQSYtFFK4ytilZVDO0i4PAxsKCJjAw4wsYSCBO/LswMM0CBVo696ZNGc+fc867PO3Pf01hIKWnksNHg8b+AhgtwAKiq2pBOnJiYEA79YXh4uK4/PjIycuIAQDqdbtwrACiVSgaYyWQspO7u7jMTa8UxBOzt7Rng/v4+U1NTAMTjcUuu1pxzHWhvbyebzRqxOVdrjiFga2vLktA07Vy81hwhpSSVTMrI/fsAFAoFMouLq2vr6yGAoaEhXC6XZZKUkrl0+t3yyood4GYodBiJRFzCZj1WyuUyY2NjANzo6Fjq7OzsCra2Vpv+xQuiiiJs5qJSSpqbm+m5ezekaRqapuF0Oo2cfgH0hsN2nROORFwIcYbncDjQOXd6eroCwaClhsWBe729dd1+f8zPE1WUk4NIVxX+Zu7SyXPfhmt/DlQqlSrgdFw6SedOT09b8IGBAQMzx6c55wrQHXC6ncdAhc3UDxSWf8Ef+oJrXz5FHLeMzo3H45ZipVLJwMzxac6FDrg91Y7fXfkVqf3Mdb+P0nqCg457tHQ9snAnJyeNQrFYjEQiYSluxmKx2NVegdvrAeAo94pAIABAIBDgXX4Nt/crC9e8wmKxeGbFZqxYLF5NgMfrBsDb1ETZRPT6PjByOnd3d9dS7PTzP2EXC2iqOhDs7CO39BNIibDZae3qN3I6973sAk9TdZXXPlcozI5ysL2B58MQbbf6Tbug6k0ymQRAURQj1oeiKP9OgN7Zbq+HndV5Xv/+Iwf5LHZgb3Odlcnv+PjB1wQ+vY2UhwAMDg4CkM/njVgf+Xz+vzkw++wJW38m8Pl8+P1+sNmwHR2QTTxndep7Pnr4mMroMwDGx8ctxaLRKKlUyrib8Ss7UHmzwCehz0AIC7HN10KbrFBY/c3gqqpq4Wxvb6OqqnE341d2ILPw8lLbdnZ2AMjlcmdyOnZe7iIBFSml7TK17+WbUAjhSs7MpP/a2Oir8/foWyGEUxy7EDy+6ioAeCsAO+A290OdxiFQFo3+e/73APqSw0Wynt8HAAAAAElFTkSuQmCC','User Role');




INSERT INTO "PUBLIC"."APP_USER_AUTH_MAP" (USER_ID,AUTH_ID) VALUES ('admin','ADMN');


INSERT INTO "PUBLIC"."APP_USER_GROP_MAP" (USER_ID,GROP_ID) VALUES ('admin','ADMN');


INSERT INTO "PUBLIC"."APP_USER_INFO" (USER_ID,SYS_EMBD_YN,SYS_INST_DATE,SYS_INST_USER_ID,SYS_UPDT_DATE,SYS_UPDT_USER_ID,CLOS_DATE,USER_EMAL,JOIN_DATE,USER_LANG,USER_MOBL_CTRY,USER_MOBL_NO,USER_NAME,USER_NICK,USER_PASS,USER_PHOT,USER_PRFL,USER_STAT) VALUES ('admin','Y',null,null,{ts '2020-05-05 23:53:30.245000000'},'admin',null,'admin@oopscraft.net',null,'en',null,null,'Administrator','Administrator','$2a$10$70za2a0LHd1N96yMneZf6eT3ejcU0beZMoPB.u6ArI5IcSBhJanMG','data:image/png;base64,iVBORw0KGgoAAAANSUhEUgAAAEAAAABACAYAAACqaXHeAAAACXBIWXMAAAsTAAALEwEAmpwYAAATkElEQVR4nO2beXTV1bXHP+d3x+ROubmZSQIkgTAERAYREBQVQbROOPdZtU6otRatw2r1PWirteqzjvisI1Ze6wgKiDIWBQLIECCQQAiZA5nHm9zxd94flyRc7k1ygbzX1b5+17prJee3zzl77985++y9z/7Bv/D/G+LvMKcOGAEkAG5g89+Bh/9zxAC/AFYLQTsgT/ye+LtyxemvAD0wA5gEWIFjwDbgBwICnQoF+IUQ/EZKTIqArAQjh2tcXc8tQCpwE3Ap4ABGAk5gFFDeDy+XABOBWKAN2ApsJLCyBhQKcLcQNNLz9rp/QpAPXB+GwZWATLbp1GevTZP7/2OM/Obh7K5+O0RAeRKQ0XpFHeIwnDzuRb3wogEWCMHxXnipA+4gwpcbCZEO+Ai40WHWydk5sWJsmgmLUUtzh48DVU5W7WtQWzp8CvBn4D7ABSwFbpk92sbz89IwGzQALM9r4tFPAy9WCLhmnJ2rxtqZmmlGqxEcrnFxzeLD0uuX9arkfuALelZXkoBPJEwfZDfIK85xiBFJ0ZiNGlo6feSVt7Nqb4PaHODlfeAewH+2ClgC/GTOmFjumpGMQauEEHh8Ku99f5yv9zUAfA28BXw5fZiFt28bik7TM807m+v4/epqAJbdP4yxqdEh460vbOXxz8vV5g6/IiBXwqNAkRB8LxDZt01NFNdNiEeE4b7D7ee19VVsKWoBeBV4uC/hNP0IfwPwu1mj7Tx4SSpaJTCjEApanQ6JBCnRKIKJQy2owIEq5zDgFo0i5Ad3ZAi7SRs04LEWLztKnKx6aDjZSVFhJ82IM3DzJIfo9Kjsq+pIA+4C7hKQ/tjcdDFnTGy38EII9HoDqqoCoNMqTM2yUtHopqLRPRnIBYrPRAEaRbAy3qq3Pn3VEKHTCBBgjYklNT0TR1wisY5EtFodnZ1ONhU28fmuejo9AUbumBIvfnROTMigioBZo2yMTA4vfBeMOoWLsq1cNiqGymYPZQ2eaCEgSqeQmRCFJVpPYnIaSSmDsTsSsMbEgpS43B0IBOPSzaw72KR6fOo4AivytBVwtYT7bp+WJEYkB5apPTaexKQ0FCWwDYQAjc7IS6uO8N7fytBrBAsuTeaF69O4PCdUeIBYk5Zkm75P4U9GnFnLNePsnJ9h5midm63Fbaw50EjW4DTOHZaGcmJVahQNJrMVv8+Hy9WBXqvgV6XYW+FMBDYAZaergCcUIc755eVpQqsRaHV6BqUORZy08dxeP/MXb2RtXgVzc2JYcmcG07IsmAz97azTR6pdzw0THGQnRfF9URtf76qgrK6NmWNS0Sg9PJnMVlqaG1BVlUSbni/31AM0AGvDjRtq0U5ACC4ZGm8URl2AxGKNQSg95H5V8vj7W9hacIz5Fybwys2DiYnW9jbcgEAImDPaxuqfZ3NBloWVO0p46K1NuL3Bht5ksQEQZ9YRZ9b1daTSG8caKUlNiTF0N0RHm4II3l1zgG93l3H7lDh+OSs5rEXuHsxgRu8YjNaWjMZgQtFHoehMOMt20VmZh86WjHX0HPC78bs7Ub1OfK11eBrL8DmbONXHijNreecnQ3n44zK+3V/Jkx9s4aW7Z3TzYLHYaGmqByDFbhANTm+GDOem9aGAWECYDT1vXKPVdf9dXtfGG6v2MX2YhV/PTQkrvBAKxqRsDCmj0Znjwk5izjwfRacnKmUMQqsDnQHFaAXAEJeBKWMyqqsdV+1hOir2In09Dp5OI3j1psHc/ecSVu8qY9qoI1w/LSsglK7Hxpj0ClJiJ7DdQ3yC3raAG8Dt61Fb1zEjJSz87+0IJL+9Onj/nRAdQ8Iw7JNuxjz8wl6F70J0+viA8L1AMZqJTh+PY/KPiR48HpQeWq1G8OL16cSZtTzz8Q6OHm+hm8kTcHlVBPgANez4vczbBngbnN7uBr8v8PeKHUfZWnCMh2YmkmYPtuZCo8M66lKsIy9BE2XtQ+zTh9DqMQ05D/v4a4PGjjNrefH6dDo9fh59dzMenx+PpzvWoLHDB1BD+Filz1Pg2naXP2nehHghRGBJ64xm7nltPal2HS9en959BAFoomzYxv4IfUzKWYraNxR9FMbEbHztDfhdgTc+2GHA5ZN8u78er09lRIIGt7sTl1flve+OSwk7CLjpoeP1Mdd6p9svims7AWhvb2HVDyU0trt5am4K2pPcW0UfTczYK9Ga7AMmaF8QWj3WnNnobMndbY9emsSIpCg+3FBA+fGAATxY7USVUgDrehurLwV8BrD2QCMAUlVZuvEgQ+IMTMu0nDSCDlvO5ShGS9hB/rcgFA22nDloogMOl1YjeGRWEh6fysfbjwOwJr+pi/zL3sbpSwHbgc3rC5plQ7uXknoXBytbuXmiI8jqmzPOQ2uJPztpzhBCa8A6chZdMd3F2VbGDIpmTX4jRTWd5Ba3AHwFHOptjP5ctsN+Vf70WItHVDd7KK138Z83pBOlD+hNa3Jgyb6IU89Br8+PRulLtwMHRR+N9Hbia6sLuOaKYM3BFvIrnbS7/H7gFgJGMCz6c922AC/vONq6QK8RzB5lI/ak6M6UOTlE+G+2FfCX9fspr65Fp9UwKmMQ549OZc7kEcRYQkPfvrBx5yG+2VFE6bEm6pta8Xg9nJ+TyQsPXRVEZxoyCdfxQqTqZ/ZoG08tr6S62Q2wCNjb1xyRvKYngO89fsmcHFtPR300entaEOHa7Qf4el8DH3/5LRu/z2Xltxt47DcvUatNZ+4jf+JwZRORoNPl4aZ//4i1h91cc/vP+eizFaz922Zyf8hjzPQr+M37a4Lohc6I3jEEAKtRw4zhFggce6/0N1ckCvACqwEmpPe4w4aELE7Np2zcU8qCRx9Hp9NhsVhwOBwsW7aML75YxmuL/4tPt1WwqzBsUBaEh1/5ijffW0pxSSmvv/46RqMRm81GVFQUDz74IJWNLppaO4L6GBOHdf89cbCJE8yN6W+uSDfqlGSbzp9oPckLsySEEDW0OHG5epwQn8/HwoUL2b17N2+88QZGi51jtX2vgqZWJ3UtHeTm5rJ69WpWrFjB2rXBgVzR0XJ0p2SmtNYefnIGdecaJvUnWCQKUBTBjElDzEEGUxvm2BuWGkd9XV0PjVbLk08+yejRo5k/fz6bNm4gJyu1z8nsVhPC7yEnJ4eZM2cya9YsLrjggu7nTqeT1KQ4oo2GoH6KLhqhBOzT6JRuWzOuX+H6IwBGqBLb+PRgAyZ0xhDCB+ZN453Ff+TIkSPdbYsWLSI/P5/S4iLuu3YaQ1L6jg0AFj9xE79+4lG++uor1qxZg8PhAALC33vX7Tx264VBXmg3T9qAax4TpUGvFRLo93yOJIDPAUJSWNLnAmxBbdFGA28+8iMWLXyEwrI6Jk6ahNFg4KsVK7jt8snceM2UCKaDpFgLj86byFWzZ3LBjAupb2hCql5qqiu498qJjM1MDttPenuiRYtBIxt8vn5d00gUMAjg5P0P4OtsQ2tJDCGONhr4w/1zqaptoqi8BoSXn736IFGG3iO+cDg3O41lz/2U7flHcSVZiLOZGTNsaq/0qrcDKXuiXWuURmlwDqACEizBAnjqSzAmZPXeKcHOoITg+b/bfYiqumYq69uprG2iqqYRiykKkKQmxpIaZ2NQvJWRQ5LJTEtAUQRTxmZGwCK460qC/jdoBUIQ1VsipAuRKMCsCKRBG+zxeBpK8Tkb0Joc/Q7w5Xf7WPzpRqZOPpdoswVTbALDzWaGD0lGIEFo8CHwR1nZUdrAurxyorWSB+bNIDUhfHI1CH4fnZXB/k6bS5VS0tJf10gUoA1NeoBU/bQVbCBm/LXd1vdUHKtv4Z5nlzJx4jiWvP0C8Q47O7Zt47UXXw5Ln5iUxPOvvoSiKKzZsJUHXvwrM8/NZMEtF/fJYPvRXPydrUFtrS4/0L8CIjoGJUFJlm74nA20HlxHuFxDUWUdP3vpc958ZRFPP3Yf8Y7AdjhWdazXiepr6/B4Aobssounsmzpq+gdyTz++vJe+3RW7KWz+mBQmyqh3e0XDJACmn1+KTo8wRmlTm/gf09DKW2FfwvR0I+fepel775ASlKww3TelMloteFXzITzJmE0Bp828++8kaHZI3lr+dYQetfxQtpLuu5Xe9DS6etip7E/4SJRQCCx7vR1N/hVyW9XVvUwUnOI1oK1SDVghRe8/BkfLH4GVQ1dGckpKdx6x20h7XHx8dxx310h7Z2dLu6943qq23xszivqaa/Mo+3wpm7FH6l18UOpE1VCUW33cdhrGNyFSBRQ0TVBFz7IrWfNweA95647Smv+11RU1VBc1Uj2sCF4PB4+/2odFVXHg2hnzZnNAw8/hM1uR0UwbsJ4Fj73OyyWHu+ysamF9Zu2U3ikFIApk8ezautBpJS0F+fSXrwtaNUty2vi5rePMOnZfPntgeau5vz+hIvkCkcA87MSjJw31ExNq5c7PjiKy6vywEWJQVlhv6uNLTv344sfxcUzJmPQ60lKcJC3/xCFRaXY7VZM0YElnjY4nZShWewsrOIPv38aozHgWTY0tbBl2x4OFZUyakQmI4dnABAdZeS9pcuZG1+Op74khMkvdjdReNyFyytFXkV3oPQ00GfwEckKKBDg2V7SDsAfvukxYsdbvKHENW5Gj+zxD2LtNuZcMo0J54xk87Y9VB2r7X4mhIJG2/MOSsur2bT5B4ZlDmbeVZcydPCg7mfJSfF0dnZQXxs+t1HZ5OFE+c3J1+GhmjoFkRyDHglrco+2X7m9pJ0v9/YotKrZQ1pscGrc5wer1Yzfr7Jzz4GgZ8My0rFagm+YToYj1kbm0HRqahuoqW3obh+SnkJigoP4WCsdXg/hPIPKJo+UkhLgDeABoINe7gJORqTh8KdSwq3vdF+z/wmgutkTQjjUDvvyDyMEREUZgn4GvQ6/v3eefD4/RoM+pJ9Gq6G1rZ1jNY2khLlZbnD6qGn1CgJGzw88AnwXiWCR3mZ+IQR/lJJYAVUyUH5yb1ljqAKGx2tZs/8AiqIwdvTw7vajZZXs2JXPzAt6D9GdHZ3szDvAhHNGMWL40KBnuT/sZURK+JTahsLWroNwxYmm1UBpJIJFugLapWQJgAzk2PYJ8O+t7AghzIw3orh7/I/q47V8sXI9JWVVXDl7BokJvbvOqSmJXHvFJdQ1NPHnj1dy8FBPYUd5eSVjHaE2B2BdQQsElvuqE00SOBiW+BScTur2aQJla18DHRJ27i53ylOPekXAXRM03P3gr2htaydv/yFmTJ3AJTMmYzaFvkH1lC0RHW1k+pTx3HD1LJqa29ixaz+79h5k3YovufHc0CRMp1fl+6I2CWwiUAdwWjidSgYvAavqBAqAbK9fTpubE4PDHLyTEswanC4P3+4u557bbyQ6KjR5kl9whFcWL2H33oMYjUbGjRkR9Fyr1ZKemoQQcPf9T/LeDTGEc7k/29XI2oJWATwH7DoNeYAzK5W1ELg8vRJY8eScFO6ZHj7xsrFU8Na2Vu7+6b8RZTRgMkWxZ+9BWpqbqSyv4M4rpjB5TAbvLt/MR6u3MX3qBLKzsxiWkU5ldQ1lZRVs3bSRt+bZ0Yd5VX5VcvFLhbK62VOvStIJlOedFs6mVtggBNWZcUb7Nw9ni94KJIrr3Nz9l+PcMHsqRoOewUl2RmekMGZYaG5ww44CDpYco7XDQ27eIYabW3jystDkaxdW7W/m538tg0Dq/vkzEeJsinn8QHxjh2/ajOFWkm3hMz6xJi2zRtnYU+Vj4QPzyMkaRKIj/NX50EHxnJczlGiDQlt1IY9c1HsuwK9KFnxSLps6fG0SfswZlseebTVTGfBQh0fttSoMwGoQeDtb+Y8PN+P2SUZlDAp7dbYlr4hn3/qcI/m7+cUMc58TL8mtZ9meJiFhIbD+TAUYiHL5T4AbltyZwQVZfd8Q17Z5Wb6vjYIGDdVNLlIT7KTE28k/UsnxxlYmDDZx3Zgoxqf37i1CoNjy0j8Wqm6fWigl4wgY6DPCQCggSREcSonRm795OFuJ0kV2sjZ3+jnW7KHTo5ISoyeply10KqSE+UtLWFfQKoGpBAquzxgDUdDXLqGu1eW/uqzBw2WjbCh9lYydgFGnEG/RkRyjx2yMnI0Pt9Xz/tZ6gDc54ZKfDQaqojEPSC+qdZ1b1uhh1khrREoA+L6ojUEx+rAXHaci92g7Cz4pkwjyCFx7n/HS78JAlnSuBDIO1bjGFte5mZZlwRjBdnhzUy3PrznGtCxL0NX7qaho8nDbe8WqxycbpeRiTmSqzhYDWcXgB+4Elnyd38xlLxeq6wtb++tDvEVLSb2by14uxB8mhQZQ0ejh1neK1VaXX1Ul19L3lySnhYEu6lWB5UBhp1edtWJvs/FQjYtBfRi5rcXt7CxzAjAs0cjwxGC3ubjOzS3vFKs1rV4p4Vbgm4FkeOCrmgM4AHwIDC2uc4/8ZGcjmw63YTJoGOIwBKXR3t5cR1lDIKyON+u4KLvHSdpe0s6dS0rURqfPJ+E6Asr9h8No4B0hcAMySq+os0bZ5DPXpMoVPxsudRqhAlsUQc2kISZZ/Mw5smDRWHnP9HgpAt8AOQl8HPUPj0TgVwTObZXgj51uFYKKkclR8rnr0mRmvEEFpAh87RHZ5eA/GBKA2wnUIm4lkJnq+fIr4Nc/ReQZq38KOAko4DGg/yqKf0Kcw8Aey//CvxAB/gc/vCcVf40rEwAAAABJRU5ErkJggg==',null,'ACTIVE');
INSERT INTO "PUBLIC"."APP_USER_INFO" (USER_ID,SYS_EMBD_YN,SYS_INST_DATE,SYS_INST_USER_ID,SYS_UPDT_DATE,SYS_UPDT_USER_ID,CLOS_DATE,USER_EMAL,JOIN_DATE,USER_LANG,USER_MOBL_CTRY,USER_MOBL_NO,USER_NAME,USER_NICK,USER_PASS,USER_PHOT,USER_PRFL,USER_STAT) VALUES ('apple','N',{ts '2020-05-05 18:15:50.127000000'},'admin',{ts '2020-05-05 23:53:45.554000000'},'admin',null,'apple@oopscraft.net',{ts '2020-05-05 18:15:50.121000000'},null,null,null,'Apple','Apple','$2a$10$NYbNZ0w3Yf6tNEKfD0ea.e5LUJt1i8MB8qLkQtczeQKWV5f8Lz78i','data:image/png;base64,iVBORw0KGgoAAAANSUhEUgAAAEAAAABACAYAAACqaXHeAAAABHNCSVQICAgIfAhkiAAAAAlwSFlzAAALEwAACxMBAJqcGAAAClxJREFUeJzNm3twFfUVx7/nt/eZ5N5gEoLyCIIGKE9TnKjYCgkPEautf4AVBtEixXakjrG2ta3GOAUcHWWUdlDEx4Bjx2Bh6ohVrGI0CgmXR7RIHiAJEYHk5nFzk+x97P5+/QNuSG7uax+Jfv67+9tz9nzP3T372/PbJQwxc5+uupyFpZs40TQIPhnE8sGRQ+AuMOYS4Iw4C4KhExDnAWqEwHGCOKpwvv+zxwqbhzI+Mt2jEDRvo6dQCLacwBeC2I8M+eP8hGBsDwm+c27o2v1lZcRNihSAiQmYW3pkBNn5WsHFr4jRJLP89ocDJ5nAVoVZX658dGaHGT4NJ2D+hqpsBZYSAA8Q4DYhpqRwznsYY5ttweAze8vmtBvxpTsBpaWCVdgOr4HgG8HYZUaC0IsA2kmIx0fmf/PizmXLVD0+dCWg6MnqydwibSegUI/9EHBAgrTqoz9fU6/VkGk1mLfBs0JldOgHJB4ArlegHpm74dBKrYYpnwFLy8ul1hMTNwG0TutBhhMBPJ979cmHU70kUkrA4ufr7YFu/w4QlhoLb5gQ2O3IcN31/oOTgsl2TZqAxc/X22W//x1iWGROdMNDT2vjJ2nurFsqyooCifZLWAOWlpdLgW7/ju9D/JU5DiwtzMVPJ43QbNvrbUKgrXleZ/OxPUvLy6VE+1oSDbaemLhpuE/76WMz8Oui0ZgxNgMAsPtQKz6r70zZvtfbBNl7GgDAFaW4/gPvqwBWxds/7hlQtP7g8uEseETAffNGY/PKSX3iAaC9O5yyj/7iI/Bw6O6CNS8/EM8mZgKKnqyeLAgvpXxkgxCAh27Ow4obLh80Vnu2NyUfscRHCMvdzxSsfn1mrLFBCSgtFYxbpO0Ay4hlMBTcek0ObivIGbS9S1ZQc9qf1D6ReAAgRg6V+94oLRWD9A7a8Knj8H3DOclxOy24v3hMzLF/eVoRVkVC+2TiIwhVzPj3uW1/jN4+IAHzN1RlC5U/ldSbidxekIN0++BC/V1HEG9VnU9om6r4CEog8Kdr1r01sv+2AQlQhPTQcD/YFE8dfDg5xPHE7lMIhuM/+msVDwAkVDfv7Xii/7a+BCx4ypMpBMWtlkOBw8owYaRzwLa27jBK3qxHw/n4xU+P+Ag8HLr3+ofeyor87kuAotJaxpCpy6tO3M5L05BgmGOXpxX3bjuesPIbEQ8ABO4M+H0ll34DgBB008bDxxkwWbfnOEiMYJEIoTBHdDmzWRiKp14Grz+M/33bjUC/U97lkJCdYYXCBdq6w5BD3LD4CJzYt8deX5cHIkEAUPy3g4WcsSrDnnEho7MnuLFg2mWYlefCqEwbCIA/oOKr5m5U1HWgorYz5vU9caQTi2Zk4cb8ERibZR8wVlH9Fd7//Esc/KYLLV0hw3Fa7SOKD798zz4LAKiMLTejOZg/Kg0li8dhyuj0QWMuh4Q5+ZmYk5+JBxeq+O/XHais70Rnr4LpY9KxaEY2plyRFtNvXV0d/C1NuPGi/aFTfuyp8SYskslQQvJKAPsuXoR8oY7eyAAWzcjCI0vGw8KSpzLNLuH2ghzcHmPyE01dXR0aGhr6fhOAaye4kJdjx2sV38En6+qEgVO4CACoeP3+UZxs53R5ucii6Vl49LYrjbiISbT4aFq6Qtjy0RkEFX1ngjMzexxTmfUmvQECwMRcJx5ZMt6Ii5gkEw8APlmBRdJ/8QaDgYUWcJqmtzdMAEpuzjMURCxSEX+o0Y9dnlYIkXiqnBCVFzAiofvWN3uCG9PGDi54RkhFfMP5Xuw2Kh4AB5/MBPSv4tw6K9tQANGkIj6ocLxd3QJuUDwAkKqMY+BIXopjYGGE664yb+KYingA2N/ggz+gr/JHI7jIYgTu0mM8IdcJp83YrTNCquIBwNOYvD+QKgJwM72Nj7xshylBaBHfJSuaWmTJEOBWJhhP2DWNR1Z6wn5qSmgRDwDtPYrhY0bDCEzXxDrNpitvfWgVDwAqN174+kOgEANH6j3nfhgpwnrEA4DTak7NiUAgP+PgiftOcegO6jsd9YoHgByXDYxMnHQRa2MgatRj6/VrL0ZGxAOAzUK4Msec4gsATJKaGQN9rcf42/ak644DMCo+wnVXm/gSCrF6RhBH9diebgskbVlHMEs8AMwYm2HeWSCxI0zhfL8eW4UL1J7tSbqfmeIj/PL6Uch0GrsLgQjOdPde9tljhc0cOKnHh+dU4lnZUIgHLjRT1xSNQY7LptuHIOnUgU13nmEAQAJ79DipTLBqO1TiI2SlW/HAgrH4yaRMSCl0oaKRJMvHQKQPJomdeoI41SKjyTv4/YOhFh/BZiEsmZWDqWO0P5JTmmsHcDEB8+TZXwiOb7Q6EQD21HgHbBsu8RECYY7a75LXov4Qk04ffWH5p8DFBJSVESeGrXoCeK+mDXLoQk9uuMUDF+pQqnejPqyO7SASQP+VIbJu5ZxrSyWAnqCKXZ6W70W8wgUq67W9MStAvW5L2nOR330JqHx0ZgcR/V1PINveqcLRY7V6TA3xRYMPXRrb4kyyv1q5ZUVf1gY8XdhDoafBuaaU9nqb0Ha2Ef+padMUiFH8AQX7jmv99+Gzpzmf6L9tQAL2ls1pF4w9nqrD/mt1Rxr9qEthYmQWuz2tmleGJEfG+oP/WDXgnxr0fJl79cktAqhO5ix6oVIAePtgK/wB85sW0VSd9KX87lAEYuzLX1yx+tno7YMSsHPZMhVCrAKHHM9ZvFXanqCKf+4/D9WEjm08znQE8Z7Gy00QyXaLe3msjy1idhgq/nJtrYD4bayxZEvUjd4Ayg+0pNSz98kKzrQHcc4XQkhJvr/XH8b2yrOab3tWe3rJwW33HIs1lnAOOW+9ZzPo0lsjWtbnrxrlxLLCXLgcA3uH7T1hVJ/sQk1zN3y9ly4XIsL4bDuuu8qN6eMyIEU1Pr4+04Ndnlb0hjRWfav91ZpXfrM63njCBMwt3WcRNtfbjOjnel5OsFoI08dkYFSmDXKIo8kro6ktkLSdlmaTkH95GrLSLQirHCdaZJzr1N66JMnx4R15axcn+s4o6VPE3NJ9DtnX8YHcftrQIuqww6yfj3FNmP/+5iUJOzdJu4wVZUUBRuHFkByfmBbcEEOS48NUxAMpvhVxYNOd8pRbshbA4nzDeHhDC5H9tTvy1i5ORTyg45uhH6955XfhYNfTANmT7z18CCLZ4sx4+OiLq7dosdPVYy5cu32WLHe9CShT9dibDTH2pd3iXh7vVpcIXSsN1S/dXTPlZ7kzLc70vxLQrceHGQiQjzky/nDH+HUFesQDJnw4ecP923NlJfCkEuxdRQTzmvYJEGAys9pes0qu0kNbV3iTW8THtGWW2SXv5Kj+879XQsGVJJTRZvntD4E1k9W+w+ke8eyBTXca+mL0kk+TKS0V7N1zO+aHVXmFUIPFUPk43c6IIBhrtDDrxywt443DL6z4JNLJMQvzvx6P4oaH3x3f231uEVReACiToGCcKpQsJphLUNgmVEmQRGEB4QeT2hmjZiastbCyI5b0tL2e5+4a0s/n/w8tpHZ4DVkPagAAAABJRU5ErkJggg==',null,'ACTIVE');
INSERT INTO "PUBLIC"."APP_USER_INFO" (USER_ID,SYS_EMBD_YN,SYS_INST_DATE,SYS_INST_USER_ID,SYS_UPDT_DATE,SYS_UPDT_USER_ID,CLOS_DATE,USER_EMAL,JOIN_DATE,USER_LANG,USER_MOBL_CTRY,USER_MOBL_NO,USER_NAME,USER_NICK,USER_PASS,USER_PHOT,USER_PRFL,USER_STAT) VALUES ('banana','N',{ts '2020-05-05 18:17:08.701000000'},'admin',{ts '2020-05-05 18:19:50.956000000'},'admin',null,'banana@oopscraft.net',{ts '2020-05-05 18:17:08.698000000'},null,null,null,'Banana','Banana','$2a$10$oTKetl/eYiXm4lrxMhIucOe5DEqvZ8v.IudbNmPv1xtthKCiiVGim','data:image/png;base64,iVBORw0KGgoAAAANSUhEUgAAAEAAAABACAYAAACqaXHeAAAABHNCSVQICAgIfAhkiAAAAAlwSFlzAAALEwAACxMBAJqcGAAACyNJREFUeJztmntw3NV1xz/n7q529bQt+SFjx3ZsI0JIMRiTkPIQtiTvTzaQkEjFJQQIjGMSSh9pO508ilNIYDJl0oF20k6hJWQ60MRxKCEJ2lp26roxMU4p1E2NKQX8xi+9tZL29/vd0z9Wu/tbeSWt8Vv1d0aj+zj37D3nnnPuufd34QIu4AL+P0PO9gROJ+Lx+GJfzF2CzkK1QzGvWDf84qZNLx7K0ExYBTQ5Tou1+n1jjAm2W2t9Y2S9euE/bm//yZ6JqgBpcJp3G/jAqBTWvud7JVeEzuCkzhgcx6kCeTRTb140QG1Zio5kmJQ/vOYiFRLye8Nna5KnGdFgZdVHjjK11CPlC9/ePJUtb1cAIKoLTMHh5zlSoVBJsB5SBaAkpLh+zutV5OiEVIBRrQrWYxELwJBveG1/Wa5DzbYJqQD1/RmZciSkxMJpC/jVnlIGvawFeG4s8s8TUgEhkbpMeXqFhwzLvOWd3Oqr2g2bX3iha0IqQOG6THl+zRAAnhV+tTfP/NcBTDgFNDQ01IDcmqkvumgQgDcORxlws+KqqPdTmGAKuKalpZRwydNABUBJGK6d1w/Ar9+LZems2tc3bNhwGGBC5AENzc11onqv9PR+BmNmZdpvuSpJVSy9A7zTEcnSG8zLmfJ5rYDGxsZJhCPfEuXzIILJ7fF1c5Xbr+uH7nT9UG9OAQq7MuXzVgHxeHyxJ2a9gXkj+268yuf+Vpdol2bb+lI5bzeiRzPl81IBDfEVn7DqP2eE0kxbdZXifNynfrHP7BnDgufkz8sAfSuDmfJ5p4DljnOPb/0nCRxzb7ne566bXWIlY43MQcRmVXNeKaDBcb6gyHfMsK9HwvCl211uWOwXHhCwgJDkKiKSVd55o4AGx/mCQb6TqZeXwtrVKS6bb0cfZHN9IoFDkJrzSwFNjnMvAeErSpVH7k+xYLaONQzcMZQzjHM+EVruOJ8BeTJTTwvvji88gJtzDdfmLMAYTWXLp2qipwON8RW/5Vv9HsN3l+Wl8M0vuiyYPf7KYhVSXraaHAq4APRkyuesApocp0XVfzZzqVkahYfuS7HwA0UID5DMLjKDnpB0A6J65nCmeE4qYPhG9x+NMSGAaAT+bE2KD80tUniAnqFs8WB3JK8rFPL3ZMrnnAKWNzffli+88vU140T7kVCFnmyuw1vHcleEatnX1tZ2brpAQ3Pznb5vnw0K/+Bql8sXnoDwAL1D4OUC4OsHcidBMbotSHrOKKApHv9dozyT8floRFn7eZcr6k5QeIAjfdmiZ4Xte4I3QdIeJD0XFCCNjvMIYh7PNKQDnsuii9+H8N0DMOBmqy+/Wx48CCm+++Mg+VlNhBzHibpWnhK4I9NWWQYPrRmibm4R+/xI+BYO9marqvD8juAFsSba29sPBIecNQU4jjPNQ9Ybw/WZtprJyjfuSzGn9n0ID3CwJ8/3X9lTxq4jgW8kIk+MHHJWFBCPxxf78LzAnEzb3JmWh9e4TJ0xD/w+1DtyYky7BtJ/wxjyhL/9ZXW2rvBK+0svtY0cdqZjgDTF42s8NVtBssIvudTnsd9LMW1OI6G5TxH64DNI5KLiuSZTcKA7r+m726t5L3ALFFL7R+SdD9M4YxawfPnyajWhvwFaAzdXfPJGn3tucQkZoGReulGiEKkF90ABTiPg+rCnK536DmPru2X8+Nd5vv90IpHYUmj4GVFAo+Os8JGnDMzMtEUj8MBtLkuX+CARUA/buQ5MOfhH0eR/jM/Yt/BuR57fv3U0ymP/Mj1HY+1utf4fjMbitL4PaGpqmk4o9Bcgtwfb59QqX747HexMxbWYmV9Fkzvw9/9J8cytwu4O6M/l/Ef6wnzphYvoGEh/9bfWpjBy3ca2tu2jsTktFlBfXx8uicW+iJiHgEnBvk/W+9x5k0c0ophJKzEzfh8wEJ1TmFkhqMK+rjzh+1OGBxO1WeEBjJF7N4whPJx6BUiT43xakW8AlwQ7Zk5VHrhtOLmRMGbqasyUlnSn14nd/9Xif+VAT16u71l4dOMM9nQGr7714fa2tn8Yd8LF/+roaG1tDXX19n4KK1/GcGWwLxyCTy31WRV3iUZAIrWY2q8gpZelJ5rai93/FbSYgAfpaN+RzFatph89/Pytimybqv1+eyLx2xSI+iNxUhbQ2Ng4iVDk7q7e3vtBLh65qV79YcvqW11mTVNAMJNvwkxdAyZ9m6392/APPgK273jmhXCgJ094RXh8S77wVu2miMhdFCE8vA8LaG1tDXX29t6IymdVaDFQPpLm0nnKXTe7/MaCdC4vpR/GTLsfiX1oeOYe9tjfYzt+UNw8VWF/d16iowh/taWGtl2VgTZeDaNLg8fd8VCsAqShufkjRnWVRT472uuryxdaWps8rqyziIBE5yPVd2Iqs9kuOvgm9tCfo0NvF/fLVmFfZ94Fhyr89dap/HRnTngLbxjfq8989CwWo7mAOI4zy1P9qIgsxUozygKQ41LHSBhuuNLnpus96uakTV3Kr8JM/jRS/rEcod+DPfY0tusn6ekWA8+H3Z15pzvPwhNbprHxfwI+D7vCapclTlB4GLaAtWvXmn97+ZVbRVgloossclEh0w7ikrmWZUssNyz2qCoHKZmNVC5DqpYjkZk5QjuA7VyP7fwB2P7iZzbopoUP3OwOuIZH2qfz6v7SHJ21b6r1l4485RULuaalpbSit3e9iGkej3h6tXLjYkvjRz1mTVcwZZiaO5HyjyElI/ZxrxPb/QK265/A7y3McDR0DsDB7rz0tiMZ4uuJWv73WO77l1X7mrolTvDp64kiXNnb/yCjCB8rSa/0ojrLkkst82dZAh9YMFXLMFNaAyMs2r8d7Ulg+34B6h3Hc0xYTR9pO5N5zTsPxXh00zSO9ec8VmGL+P7NGze92D2SzYkgjOjnMrGwbq6y4jc9pk1RZlQrtTWaJ/BIaP92NPka6ndBcju2byv4RQfgfPQPwb7uPJNXhR/91ySe2V6Nnxc29Fl3YODezZs3Dx7H5wQRtlanZT42fm6Fy+WXFH8Npe4h/H1/eHIz8Cwc6kmbfQCdyRB/+YupbNtdlk+v9k83JBLfpMh9fjyEFi5YeA8ikwFe/W84ss/D85SSUkNZjDEt4KRgFY70w978KK8IbW9U8vCGGbzTEfB3azsVbW1PJP7uVE5DmuLNTyA8UKizPKZcUWdZdrXl6sv89Jn9ZOFZOJaEjj7w8xdx15EoT75cw87DeU99UXSrb8ztP//Zz3afghnkQerr62ORWNnjIqxmjMSoptLiXOvjfNynetJoVKPAKvQOQtdg+v8I7Dwc5blXp/Dv+0rzh1mbMsLXJldVfXvdunWjPAI4OWQFbli5cr54dpUITRauHi0PMAJLFgzRcKXLkssssfIwhCTNSUl/k3d9SPlp0066MJA6zmP7UoYtb5fT/mYlb4xY8WG0G7W/k0gkdhXqPFUouOJr1641/7pt2wdDVm5QsXcYMcsK0UVDlkWzhrh85gCXTB9izpQUFSWFg2hfyrC3K8KOgzF2HChlx3uxvHc7WajdqfC19kTieU5RoBsLRYW4hubmOrHcp2rvNsZMGYu2KmapjPqUl1h8K7i+0JEM5b3SKgQLrxv0scmVlc+dLnMvhBOK8de0tJSW9/TfKmLvEDFNnORx2kK/UbvewtMbE4nNnIEVH4n3vcmtXLlyyqBrm0VoQLhWoG48ftZa32D+0xrdiupL/ZWVm375wx8OjDXmdOOU7fJNTU3lRCIXi6ez1WgNUI6qb40ZEGsPWZG9NZWVb61bty41LrMLuIALuIAzhP8DOkpxwUmKS3QAAAAASUVORK5CYII=',null,'ACTIVE');
INSERT INTO "PUBLIC"."APP_USER_INFO" (USER_ID,SYS_EMBD_YN,SYS_INST_DATE,SYS_INST_USER_ID,SYS_UPDT_DATE,SYS_UPDT_USER_ID,CLOS_DATE,USER_EMAL,JOIN_DATE,USER_LANG,USER_MOBL_CTRY,USER_MOBL_NO,USER_NAME,USER_NICK,USER_PASS,USER_PHOT,USER_PRFL,USER_STAT) VALUES ('orange','N',{ts '2020-05-05 18:29:44.215000000'},'admin',{ts '2020-05-05 23:52:15.390000000'},'admin',null,'orage@oopscraft.net',{ts '2020-05-05 18:29:44.199000000'},'en',null,null,'Orange','My Orange','$2a$10$Zi0iakWKaIETzlbaMaPU6e3DxwiV8/xDpSzjdYzNSm0d3OlYvHP6e','data:image/png;base64,iVBORw0KGgoAAAANSUhEUgAAAEAAAABACAYAAACqaXHeAAAACXBIWXMAAAsTAAALEwEAmpwYAAAPlElEQVR4nOWbeXTc1XXHP/f9frNJI8myZOMNvOOdxUCdUNYQtkBYGiAshrQhHA40EAInISxNnUBKEwzHhUBKEwhgCpSDqXFogbQFAmYJDhDbGBsjG294tyVZ0miW33u3f/xGoxkttmWNQnr6PWeOzm+7993vu+++++57gv/nkIFWMOWG6rNU3WWKOc5IMGvlvNSWgdbZF/gDJXjK9cnpTsx8VT0CBEFR/JOApwZK54FgQAiYdH3VuSr6pKAVJQ+cjhwIff2BKbfAaTdUHiGiT4JUdH0mglduff1FuT1ArJr5QDfjw6d8XGZ9/UZZPWDK9VXnAdN7eWyzvr5VTn3lQL884Kqph0xzTh/E8YuHV298WkUv6G1iEXhqzdzW7f3RNxDoFwE2cIeIyAkIJ1w56ZDRb9J4TC+vtqLy4/7oGij0Kyh9sGtPw5FDqncLcjpwamuNNelKl+jymopyycr7Wt7sj66BQr+j8gc797w7c8igHHBKdaMX2TI6a4pGQbMqF6+6r2Vhf/UMFMoSBPes2vAzkI9jac8ftMsHyCD8iwTe4R/f1/J8OXQMFMoyL38EOnNITRVwSmWL/59No4NjP5y359mdS9LN5ZA/kCjfNGhlGUBFi8cf5zU1lU3uAKNsBBhx+SlODyqXzD8FykaAFbRcsv6UOODlsN48eJr1zVzETRORGoWEQkSdZz01O0VZb9W+nZYdP6m6ix3lbHQ50ScCdM6QYTbQRWL0CBUXId/pohHExRH1AcHZdqxtxbkUoBb0DZDnYuIekbm0DYAdB4z9IkCvI2Zr6l/GsydS5OmiUYxN0DGZOE1jc404l+lN1FaUObFq97DMIehn28uCfRIQ3FrzLfG9h1RcUbwwGFuBaDR/rQS5nVi73527yqi7OHovS/vc4jJjrwQEtwx+lKh+o7TXfYxN0hE/VXPksjtQzfZVd5sgs2P32M81S+yVAHdb/RLnB0eXvKw+xlYVPlPNkstsQ7EH3gLle/F73dwDF9A/9DgN2tvqn+5mPF2MJyCX3d4/40PBd2du8i7pn5ADRzcC7C2116hvv156VzBBkk6H0dB4LU8cU/SR7E0cVRZhfUQJAXpLVZ1G5IHiMa9Vw3HnP4Y98qLCvSDXhLo+j/m9Ie4wC/VakuUUuj8oKYg4E3sFCUrigh7+N2hyCMQqw2uXwdoBWeOMysbNd8HdUaJfER6lJiuMVBgpHoOcsk2Ez2IpNsvVpPqjtGCszqmbbJ1biRRltLVjsWc/CC4gsuBGpHUXudw2nG3vj869oTWXdeOSx5DKwunAucBZCnV7+aYBeF4di+IVvCkX9S0oFTzA5XgRvzSddxPPAcD7+BWkdRfqcgNpPHgkI5N4MQPTgDgmCrVToHIURGvCn18B2RbINkG2GfY0TKDl05vEuJsyabamH+OOWJpfytXk9kdlwQOCHw52iOt0fxPBXvAkxJJEFt6MNG4iyO3C2pbyGy7AEIWhCp5A3WEw9C+gZhKYCKhCNo2kWyGbhnglmqgCP5JvfBvs/hC2vA5tm0D5RIQfxK7guX2p9gH01kHftMXGAzrsMIglkd0bkMZNADg3AL0fAca4cCehegKMPgeqRiPtrciapcjGVci2dWg2DU5RdYgY8AwkqtARE9CDp6AjZsLQWbDjPdjwHxM1s2tBej4PxlLcsDdv8AGceN+j69CpnwaA+Wx5SIjmyjbtFRAHxjmIejDuQjjoi6Hhv38B0/AeOAeAy7TjcjnM9PPwT72d3OMXobvWYgKLWbsU1i5FYxXojBNwhx4D9UfAmmdg+zvXZhJM3vMYF1V/g109NcEAqJHR3Z7UTwJAdq4JG9H7AufAkAAmOKhIwrS/haFfwKx6B2/hP2FWLykYr9bicmEHmunnIiOPxIw7vkBMYUWaSWH+8BLeop8jOzbBhEtgzPmA+VJUeFWf6XmKNQCCi3Z9oNXhPqY0bQyvy9n7PqHbxyphxnchOQbzziLMkhchKM0vNE9Eb1BXGriltRHvt4+GHjTiJJh0BYjMyGR4XOd0T/xCD5DuDzQaEibte/J3+pnyFlpI3ngPJn8TorV4r/4rpuH9Hl83XlHTGteHbdu9LhQlgpgesnl1mLcXYZa/DnVHwqjTQTk/PY6/7yY/lFQaABED0fz+Zi7MM1TLRECdQiUw9q+gekLY6599Aq4X+cYLgx4Q/PbHZO8ci1vzu7CZHbNAV6iCs5gP/htZvwIOPhPqDkfg9swTTC0RH/7puihUIO96fjx/qwyHSQxwkELVaBh2HOaT92H5G9i2VoJUGzbVivZAhETyhqpDmzZ03u+BAA0CglQoL0i1Yl57Gpq2w9gLwESNWu7q2qRw86pESjjvAmiiNlQmZdhCGKrgCxzy1VD+Wwtxuc4xr87h2ttRLR33xu++hSkI4pW2SW2ATafC9uftsKlWzOIFEK0OY4JwTvvjHFeQDSAq3SKctIV1TK0sEwEC1CsMOhRqJiJLX8FZJXrrGqLfeQcz/sR8mx2uPVVKgvG6jXXpQopai23vXBZI3Xgil/8bsTt2gRmMbFkLI78MkQoEbiiIDpX2sKBoDqM/sXwwlG4TRd9QSVg6rD8agiyy4s2wp2wGOfgYIte8gnfijaExzmHb29HiSlQXg4vdX12p8WbMsUS/vwJz+AXgR9FcGvP+f4EXg9rpAGfor4l3EuB0cdf2mpULMGveQrauCq9NrH8EVGuobvA05LMGCALItpG992iCl34ImRaIVna+7yw2laJjnjfF412kk5Au7wHgx0At9r0nyP7jFHTzH2HnJsi0Q+0MgMqMzymQj356+9Dx1ss10GVvw7ODcSNmYLathiBDLrvlwBOiyQ6GTIDp12HefA755L2SXkOkc+wWQTwfryJJMOnruBHHo1UjMY0NeA0LkE2Luw+XHuSJCF5FEnfc13BjpsK7t4DL/SJ+BdeGMeDO7WtEpVuFw449muC0H2BnfBUAYw6wXiFAFKgcEV5uXx8alqhAvHxP9mB8eFvJnjAXe8S30aGHQ6IeN+IL5E64m2DSpT0b3yFPpKAHEdi2LlxcxesBxkFRRUhzZkE3IduW4H30Embt2wB4fjLMEfoKr4OEmrDCkQpXlB2N85NVeIkKTCyO+JGSgKeTL0SHz+pRrDvyWrR2YucN42EiEUwsgV9RiV8ZysWEAVxS+aQuWg0wvIQA766dl4ma0tkg04hZ8iuk+bP8DcHzqvtOQMfwjQ5Csu09JD1hT5lIFC+ewKtI4lVW4cUrYPSXepdrPBh7YoFEv6ISE0tgIpGC0SVa2vNL+WgNwAgoIkBAcaVJAoCTzgUHgO/XINLHo0UdWvw45PYvhkg+0Gnl0L2/lxyRH0b7TtQ0n9vgxQGqi5sW3r9z9w9xZnepBoczxbOk4Efq96msBB1+lW1B4/uKI4raAJfLYtPtyK69Hy3U7StwmTQul+sxiyxBoqrQDmAb9HBKzGtx4121t0PFFp6pyaAaKWyFGRPH82r2vzhaIKAprOJEYgVPUOdQa8FZXP5vMWTFkzDujJ5jT9tWWPtySTYZDieDeH6YKRoPkbx3VOQJyDUjsBl62BeQeU1N1urxiCkJy85rRaWzsOJHavG8/ZwVbP6XzR8cSYbZpU2nsKnWfMEj2/OCaPtSvHd/CkHp0JHUNrxXv49kW7t8oGENIZvBtqewbS24bEiQJgeHr2SaUdgCvZwTjP5k9zvB7fXniOH54k1R57VibBLRSJ6EehTF7c+maDvQ3BDKGTkRdmxEg9A1pG4cUjUMt677QVITi2M+fQFv+x8I6mZCcgQ0NeDvWILk2rC+X5DT+ZGPmXQabv07kNqNy6aRiI+OnAiZRsjsRjXcmO11TvPv3PmCMTpWnF8UADTvCenCnUhkCL4/mH0GoT0C6Z2Q2oI7eDJYC/Ea/PPmEb15JZFvv4EMOrjUjmgME8mn4M2bkI+eRt69F1m9CPI978UT3RZF3lGXEbnyN8RuWY133HVhDuBF0INGw+7lgOIZ/n2vBADInMYN5o6dSaz3dvG2mPNSOK+FjiWz51cTiR2E7C1dbs5/v3sZ1I2Eqlr8M36Ub6DBLr4fbd7UaXwkiol2ynNdK0W2o9clnOuLSHArXsA1vAaJWvzz5mGmno2OmR7Gkd3LAdZFZrNsnwSE4lH/zl3HehkdK87/tLA5Kjms34QzbSAWI3Gi0eFEIkMQ6aFQkaVdc2xj29ugFp11Fm75QuzvHyZ770yChTcUssEwmYkXm4sGpfFBuwQ+P96Z8GhqF7mHvkzukXOx7/4atixDjzwVUpthTwMoz0r+TFOfqxx6W91Iq8wTj9PUuOrSYzLRfHwwOJfB2ZZUELQuNMhz0bR9OTuLU1RYyJjzYPhJ+M/fT7BlHXRZ9Xnx0tP2aoPSdUMeXrIKKTJB1eFSpWsDMR4y8xTcMWfCyoeg8aPWwGdC8tJwGuxXmUevI0ZN3fFBoF8Uz0xDGInSKOgKk/EWkdy+pPgojCqSeYI38Cr/kqP+Dlpa8X7zAK69LXzo+yVu3wGbbkeD7qV9E0+UrhI7SMhkwhjjGcyQUdizr4G29bDiAUR0TuxyflQgqD8EHAhS8znWKIupnS5M+RayaTXea0/1uhgCJWhrDQmqn4A57GvYxT+HbFuP3lLyZTyJO/MqNObBsnsg07g1luNQuZLC9lbZ/2VmX6i4nLdEuJ3GD2HDC+ioSbhZZ0NP1V3CSk8HOd6JN+J/5R8wU88KnwUBXZfwhe/iSezJl6KVVbDqYcg05hQuLDYePgcCAKKzuUuVp9j0P7D1DdzEo7Enz4ZovNu7WuwZkfAkvkQSPT/vwOBhuDOvgrph8Ml8aPkUFa5NXEH3wk8Z7OkzRNB4gitBf8faBbD2WXT4WOxXrkYPmVr6bvEcnwv3JjWbyssxhZI5AJ6Pm348welXhm7/4f2w8wNQfpq4nF/12JYy29Yn6DNEM2keBK6k5lCYcDHE6pAdGzHLXgsLmerQIMDmMsig0ZgZ52Pf+mfEZTDReFg7iMZxo6ehM05CK6uheTU0PAmZxkDh2sQV/LK3NnyuBEB+ZpjPd4CfIV6EYcfBqDMgUhFuiW9uQLZ+iqSakVQLmmlDEtVoRRWarEVHTkQPGhPmAKmtsP55aFwJ6HZ1XJj4a17fm/7PnYAOpB9lvAp3iHBJWL2dBoNnQO3UjvV7z8g0QePyMMNr+gRwKRXuiQtzZTZ7ev8wxJ8NAR3IPspRVrhJhLOAasSDeB1EB4WlrI4TIrnmcHWZbiQ/E2wEnrXC3ZWXs9//n/xnR0AH8vHhZJSzMYxHGUFYx6sFtilsFtiiwjIPFkZm84H8Hz2y/7nifwEmIXZY2Q+ztAAAAABJRU5ErkJggg==','My Orange','ACTIVE');
INSERT INTO "PUBLIC"."APP_USER_INFO" (USER_ID,SYS_EMBD_YN,SYS_INST_DATE,SYS_INST_USER_ID,SYS_UPDT_DATE,SYS_UPDT_USER_ID,CLOS_DATE,USER_EMAL,JOIN_DATE,USER_LANG,USER_MOBL_CTRY,USER_MOBL_NO,USER_NAME,USER_NICK,USER_PASS,USER_PHOT,USER_PRFL,USER_STAT) VALUES ('test','N',null,null,{ts '2020-05-05 23:53:55.839000000'},'admin',null,'test@oopscraft.net',null,'en',null,null,'Tester','Tester','$2a$10$4.CmGHREiPCHnWBjxI6WZebkn.w9KlGUUEkvCrJTUqsHtdzr0anO6','data:image/png;base64,iVBORw0KGgoAAAANSUhEUgAAAEAAAABACAYAAACqaXHeAAAACXBIWXMAAAsTAAALEwEAmpwYAAAR5ElEQVR4nO1bd1iUV/Z+vzKVplRp0sQKigoWBARFsUVjN7aQaExMTNn8YjbJZhN+u26aidlkkxhN4poYjcZEjZ0ijDQLwQqiyADSlBlghjrt+767f4xgiCAzA+af3fd55nlmnnvvuee8c797zj33fMB/Oag/crLp0yPdKY7xEcC7EkK70oArAAhAHUUJdTSYOsLyVSkpuao/SqeHSkB8fNRAmkc8xdCTpRJpQltbm0d7G8OwxMHRAQDQ3NQMnuc6dJHJ5bUGgz6Z8MJpgUFaWlp2xcPSsc8JSEoCnZMZGS+Ryjca9YZ4uVxORoSMpEaEhGL4iBAM8PSEo6MTpFIpKMo8vVajgVJZglLlTShvlqC8vAz19Wq0NLdAEHhQNF0vEG75pJjctKQkCH2pb58SEB8XPU8mk35u0Ou9JkXFUHPmPorRY8aAouhO/erq1Pj1/DkUFFxBwdWrqKmuAgBIJFJ4+/h0kOTgYI/mpmZUVFSg6FoBkUilNXpd27OpGTmH+0rnPiFgZnS0G2Mv3m40GOctWryMmr9oMVxd3Tr1aWhowKm0ZGRnnkbRtUKIxWIMGz4CI0JGYkRICAICguDi6nIfWe2oq1Pj4E/78dP+vUQilhzkWg3PnMjKUvdW914TkDB1UpxIJD3i4+sr/7+Nb1CDgoM7tVdVVmD/jz8gNTkZcrkcEyMnYVJ0DEaPCYdEIrF6vpKbN/HR5ndIVWVlm15vmJOmyFb0Rv9eERAfF50gYplj8+YvZNauWw+GYTraCguuYv++PcjNyYaP70AsXvIYpk6bDpZlQQjp+AAARVEdH5ruegX8FjzP4+vtW/HLwZ85XjDNSjmVk2qrDTYTMD02ag7NMr8sX/k4vXJ1YseGplLV4p8ffYBf884jJHQkFixagrHhERAEAp7nO4zuViGKAsMwYBgGLMuCZdku+xFC8N3OHdi7ZxfP89zc1Iyc47bYYRMB02NiAhgJfWPFqsdFK1Yl3lVIwLGjh/HVl1/A1c0dz254EcGDh/RocI8KUhTEYjHEYnGXq+Pbf3+DH/ftMRp5Y7At7rJreh+ApCTQF/OkewcFD2aXr1wNALhz+zY+2vwerl65hAWLlmD+wiUQi8W9Nh4w/9MGgwEGgwEsy0Imk3UiYtXjT+BCfp64vKxsD4BoAFZNyvTcpTNYOvoZhqafeveDLZSDgyOuFRZg48svgqFpvP5mEqJiJnfaC/oSgiDAZDKZ9bj7aFAUhdDQkTh86ICvn59vTWlZxQVrZPa84/wGSUmgZVLp/y9e+hjl6emFrNMKbHz5BQwbPgKb3tuMgMBAa8TZBEII9Ho9WltbO1aYj+9APLpgESWXSZNg5WNtFQG5mTGxep3OLWHGbBw+dACb/vYWZsyag5c3vgax2HqX1htwHIeWlhYIgjkwnD5jFnRtOq+pUyMnWCPHKgIYllk3clQYKSy8is8+/RirEp/E6sQ1FrmuhwFBEDpWgp+fP4IHDyEsJXrCGhnWbIIUTWGWj89A6sP338HCxcvwyNz5VqpsHVpamqFWqaBS1UKtUqG+vg5tbW1oa21BW1sb/PwDsDpxDXQ6HeRyOcZPmEhVVtyaC2CdpXNYTEBsbKyH0WhyyEhPQ3RMLJY+tsImo7pDa0sLiooKUaosQWmpEmVKJRoa6jva+zs7w9nZBXZ2dpDL5XBxcYW3ty8AwGQywWg0wsNjAPR6vUdsbKy9QqFosWReiwmgKM4DAOzs7bFm3fqOwMdWCIKAomuFuHzxAq5euQylsgQA4O3jjYCAIMyeOw9+fv7w8BgAF1c3iESiB8rT6/Vwczeftmna6AKgbwmQ0NQwXiB46plnbYrhgXtGn8nNxrkzudBqNfD28cWoUWFYuGQpho8IhVwut0k2IQSOjo4AAFaAg6XjLCaAEJQCgK/vQKuVa2zUIj0tBanJJ6FWq+AfEIhZcx7BxMgoDPD0slped+A4zuoxlm+ChBgAwGgwWDzk1q1y/HLgJ5zJzYZEKsWUqdMQPy0BXt4+VitqCdpdojWwYgXwBlCMRSyXlSqx/8cfkHfuLPz8/PH0+ucRGRUNsVhstYK/B8dxqK+vQ51ahTq1GjqdDoIgQBAEaDQN5k4UbfEzajEBAssYKR4wcaZu+9TW3sGunTtw7mwuAgKD8Orrf0V4RES3SY4HQa/Xo7xMCWVJCcpKlaitvQOVqhaahoaOCJBlRZDJZGBZBjTDdJwCBPIQ9gBB4A0MGHCm+1eAXq/HwZ9/xJFfDsLN3QN/fuOvGBs+zmJPYTAYUFaqNLtAZQmUypuorqrq2NgCAgfBzz8A4RHj4ebuDjc3d7i6uaNfP6dO5N64UYQ3X9sIEdgSS+2yggCJgaE48Pz9BLzy0gY0NzdhxepEJMyY3e0Zvh0mkwlF1wqRlaWA4lQazOE7gdzODoMGDUbEuIlYtnwQggYFw8XF1WIi9TodAEBnoQsErCDA0WQy6MQUDF1sgk+sXYfg4CFwdHLqdrymoQF5eWdxMT8PBVcuQm/g4OnOA2Dg4syhQcNA19YGva4JIhELLy/v+/KKPUGn07d/7XsCDufktEyfEsM1NzXdN2Zs+Lgux2g0DTiTm4OzOadx/foNiEVA2HAN1i6rR8QoDTzdOxRGY7MIlwqdkF9wB6eSS/Dj3j3w9fVEZNQUREbFwMvLu0cd9TodKIoyKTIUFvtDa84ChGVorVardX1QJ6PRiNzsLKSnnegwesKYeix6XoVxYQ2QiLt2VU4OJkyeUIfJE+pAyE0UFjsi48xtnDxWg30/7EbQIH9MT5iLqJjJ3Z48W1tbwDJMqxU2WZkRoqg6jaahSwLu3K5BSvIJpJ86AV2bHpFjtXjz+TsPNLr7aYCQIU0IGdKEZ1eV4nKRE1Iy6/HVtlv47tvtiJsyAwkzZt0XRKlVKhBQNdbMZRUBHMfXaBrqh7b/5nkeF37Nw4njR3D1ymW49idYmFCJmXF34NLPaI3obsEwBGNCtBgTosXTK0Q4qRiAo+ltOHr4EMaGR2Dx0uUIGmROxavVKvC86ZY18q1bAYRcLi6+MUVz95Lj5IljaNRq4ebCI+mlYowf3QCG6X0esDv0dzLhsXmVWDKnCn/7ZBh+vXIZ+b/mIWz0GCxeuhwVt8oBQpVbI9MqAmjQ5XVqNdatWQ2GZjB+YiRUqmoM8c1FZHh9zwL6CAxDMNC7DbXaAYiLn42d32zHpYvmVCBNaKtWgMUhWnxMTCgY7h1HexPGjNCCF3g898KfIOkivD1zwRmvvhOKL3YFoFVndeK5Ay1tLL7YFYBX3wnFmQvO93egCGbMnA25TIKQwU2QSnnQLP+XhLhJIyydw2ICxBLuu4iRDdL9W89h7rTb3fYrKnHA21uG4+p1RxxJ88IHW4O77dsTPvgyGEfSvHD1uiPe3jIcRSXdRLgUwZQoFQ5uO4uwEVoZzZJ/WzqHRQTEx0cFmjg6bOX8SqanoGz3QfNxmRco8DyF60qLw/L7cF3pAJ6nwAtUJ9ndgWEIFsyoYTmOjpgWGxlmyRwWEUAbaQIATo7dH4Ta8crTxRCxBCwrgGUIosbZvjdER9SDZcyyRCzBK08X9zjG3s4cA9EgfZcRqm9trXLrJ205leNuv3xe5QP79nM0Ydu7F5Bxxg3uLgZMjbK92mX9qlIMDmiBql6CuEg1+lnwB5y94AyWIdrxUWdKkxU9z2ERAfn5+abpcVF/2fXzwI/t5BztZNc50vy94/Px1GHVgt5XtbAMQcLk2i7bfn/rZjLSOHDSC3uP+AgCT2+0tJLE4i06cnL2Z7mnoyVbdwW9KwjmKzWe5yCRymEy/vH3AgYDA4lYdvc7j63fB4KmiIkQ6pVJsVk7UhWWybFY86QkCCkZWZs5GD1AYS8A6HQ62Nk7oaXtris0SoHWfgB5CLVXhDLLNkoBAM2tLOR2jiDk7n0hgYI1Uh4pGdmfWlNHZLWTPnXqfP2MqdHv8oQsa2pshLe3N7IyHIDyUKB6iLmTyACEpQFinbXiu4ZRBlyKB0x3D0HeN1BRI8PwUQPR3NQMQggYEbXpmCJLY61om9aunmeuURRFqqoqERg0CDV3GGhNeoA1AhQBpC0AzT9Qhk7P4LZKihqVtOdgiebNMikCsEbooMOtKjECgoJQfbfAiuhxzRZbbArTFAoFN3NanKrkZrHHilWJsLeXIV3ZigUJRwCBAZiuj+NllXY4lu6J/AI3VN/ufIXu4UowOqQOM2NrMDSoGZ3iDdYIjMwAeBageWRmuoOmfREePg6pKSfBMozuRMbpO7bYYnOcynPGHTlZma8//sRaRE+ehpTMJiyYUdOl8ZpGEbbtDkJ6riv8/LwQHTcV/gGB6N+/P2iaRlNTE8rLS3E2R4EXk0oRMaoRzz9+EwN+kzAB0CH75GkfTIyKhlQmQ07WaQhE2AcrCyPaYTMBAs/s0mo1r5fcLMaUqdNw/Ohh3Ch1wJDA5k79qm7L8Np7oyGz98arr6/tNks8clQYHpk7H4UFV7H3+2+w4a1++Merl+6Td6tKjsJiGf6emIC6OjWUyhIQgt222mGz/0rLzCxiRWzJmdxs+PkHYPSYMHz81TCYuHsiW3Us3vwwDI79g7Hp3U8RMW78A1PkFEUhJHQk3t70IfyDQvHWR6Ogbbp3J8jzFD76ejiGDg3GkKHDcTY3BwzLNnJgFbba0SsHzpv47elpKVxrayueee5PqNU4Yud+v472fYd9YOJd8MZbf4dUJrNYrkgkwsbX3oKdgwe+P3hP3p5ffFFe5YANL/0ZHMfh2NHDHM9x3yoUlucAf49eESCxb/vcoDfU7d+7B87OLnhq3Qv46bg3zl40H11Ts70xbeY8ODiYLy3VahUy0tO6LJ4ihCAjPQ1qtTl0lkqlmDVnEdKyPUEIcKGgH3YfGojEJ9fDw2MAjh89DE1DvZ7lqE29saFX1UzFxbdN/n6+5cqSG4smRkZTIaEj0dSoxTffayGX8cg63x/z5i/EgAGeAICKW+XYsvl9XL1yCbq2Nmg0DaiursLlSxexe9dOpJw8gYhxE+Dm5g7AnHJLPpkCqUTAlq+HIHpyHJYsWwmtRoPN7/+DM/GmjSmne1cp2utyrtLyiutDgoPilMqb3jGxU5ix4ePAMCLs3G0+C0yJnw73u/f2bm7uCI8Yh+qqSmRmZiA9LRW5Odm4dasMAQFBHbWF7dBqNUhLTcaFgn6YN38xnlz7DACCf32yha+9XVNi4Og15eXlvaoetz1dcw9EMJJEZUlJ/vYvP3da/9wLzIJFS+Do5IRtX/wLst89+/4Bgdjw4ssA7l1nd3eT1D52xapEPLpgEQBg965vyYX8PKOJCEsViiybn/129FnQPi12UjjNsNnLlq8Uz1+4mALMd362FlO047cykk8ex46vvuQFgSSkZmSd6r3WffAItKO0vLImwH/gxWsFlx9jGAZDhw2nWPbBZS2WoL24+vjRw9jx9TZCQBJTM7IP9YHKAPqQAAAoLa+4GRQw8OK1wsL5ZaWl1NjwCJrtobanJxiNRmz97J/80SOHOAKyOjU92+agpys8lHeG4mNihoml7ElnF5cBT6/fIA4dOcomOdeLCrH9yy+Md27XNBj1/Ky0zMyLfazqw3tpanZUVH9ewnzKC/yKsDFj+dWJa1hL64uqqyqxe9e3XN75syzLsPtg4J/vi7dDusJDf20uPiZmtFhKf2IycdEBgUHGyXFTxOER4+Hq6tZRVM1xHOrUKuTn5+F0RrqxrFQpZlk2T+D5DcnpWecfpn59TkBsbCwrk8kYllUxDQ1SRiQSMUAzK6alESDMIoalF3Ic50RRFHFy6meiKAoajUYEEIplRY0czx0QUeRAG687CzhwJpOJd3bW8xznzut0Or43YW9X6C0B9Mzx4+15J0YKPSthWE7McewDw2uKphlCuGGEorxpCl4EYAhBJSUIFRQtKiaC8MBMCstyAs+xRkg5A9PI60+cO9fUGwN6FQjFxsY6CoAr0ZtvLjiuZ3FmA+kCiqCg/URg/hcYEAvK3O4SLIWelQoysSOAXhHQq8OQQqHQToyNLZW2tlabaFotiAxNFKBnaKOJZ7k+e8GRZzmBoY0mCtALIkOTiabV0tbW6omxsaV9Ncf/8D/8l+I/nl2B9N72PEkAAAAASUVORK5CYII=',null,'ACTIVE');
INSERT INTO "PUBLIC"."APP_USER_INFO" (USER_ID,SYS_EMBD_YN,SYS_INST_DATE,SYS_INST_USER_ID,SYS_UPDT_DATE,SYS_UPDT_USER_ID,CLOS_DATE,USER_EMAL,JOIN_DATE,USER_LANG,USER_MOBL_CTRY,USER_MOBL_NO,USER_NAME,USER_NICK,USER_PASS,USER_PHOT,USER_PRFL,USER_STAT) VALUES ('user','N',null,null,{ts '2020-05-05 23:54:12.232000000'},'admin',null,'user@oopscraft.net',null,'en',null,null,'Tester','Tester','$2a$10$eRyjgz2CAcG1sbckeH.qFefxeH/F9Mp7Kmk8tq96.bFT5n.uIKr1K','data:image/png;base64,iVBORw0KGgoAAAANSUhEUgAAAEAAAABACAYAAACqaXHeAAAACXBIWXMAAAsTAAALEwEAmpwYAAAOIElEQVR4nO2ba3RUVZbHf+fe1CNJ5UFeQFWG8AgSCC8FUYS0NiIkhtCkURiUAZTR1QrdMnSLdM8Mdo+2C3Spg68epccl07PEVpbj4Ajdra4BgqMYYkNM1BlsfPBIqGje9bhVde+ZD5VKqKQSquqG5sPMf61aK7nnnL3P/tc++5y79yn4Pw51GGRYgPXAGiAP+AQwhkFuLFh79NwBFAIfX0JdcWMXICMfIcRJYO4l0HODEOLLC3X16L6smAQYlVXL5GM7n5MbNv1EZmWP0IUQfmDxMOqpEkIERozI0X+4eYt8/Ol/kpVV1ZLwt19iRrDZJfBIamraldW3rFAml05n3PgJLFi4SNQe/UDp7upcBfwOOGdSx7VCiD8UjR2n7HjyGWXiFSVkZWUDBnW1HxrBYDAN2JescMXExISqqssX37xE9fl8eL1eADIys/j5Lx9VRuTkCkVR9gJZJnSMUBRlb15+Adse2qGkpzsA8Hm9+Hw+FldWqYqqfh8QySowQ8A4Xddzx0+YCEB3V2ffrHNy+NHmB1TDMMYAz5rQ8SsppfO+n2xVM7P6eOzu6gJgwvhiDF0fAYxPVoEZAq4DSE1N7ZlUZ1Tj1OkzuLlqGcDtwLwk5F8PrFxafYsomVwa1dDVo8tqt0ceJR10zRBQoqqqNAwdgO7urgEdVt62htS0NEMI8VSCulQhxFMOR4Zxy8rbBzR6usMESENHVVVJOBgnBTMEuDIyMvVQMBSelMeDNKK35HSHg+UrblOklFcBKxKQfZuUcvotf3m7kpqWFtUgDQOPxwNASA+RkZGpA65kjTBHQGam0Hs8QBoGnu7uAZ1urvoejowMQwixhfiClRBC3J+ZlWUsrlgyoLHb042UEgA9pJOVna1wOQgQQozOzcuP2ka7+sUBAKvVxqLySkVKeSXwnThE3yilnLa4okqxWK0DGrs7o3WMyM1VhBCXhYA0e08AjCCyFfbHooolCCEANscherOiKPKmisqYjf11pNrTEEKkxuwcB8wsAasiood7vZ6YHfPyC5g951qAJUDBEDJHA+XXzJ0ncnJyY3bw9dPRM4WBrhInzBBgi6z/CPyDeABA2Q0LIvpWDiFzJSDmX78gZqOUEq8vmgA9pMPlIEBKlICmRT0LhoIEg8GY/WddfS02u10CfzWE2Nvtdru8atbVMRtDoRCRXScCTdOQJuww4QHSq2n+AU99g3iBzWZjzrXXCeBqYp/cxgOz58ydJ2IFv7DsgUtM0zSQcnDXuwhMeID0+P0xCPDFjgMAc665LvJneYzmCoCr+/oMQKwgq2k+pJQD9984YSYGeHxen+z/cLCdAMLH457dINar8mIhBFOnzxh0fCwP8Ibn8Of3AMD97TfuiEG98HkG94CMzCzGjZ+AEOJGogOXVQixYNyEYjIyMgcd3395CSH4tsUN4E58+mGkJDsQOB0IBITFYiUQ6AuGsZZFBF6Ph5GjnZz60+fpwMtAhK10KWX6yFGj8Xo8pKWnxxzfX7bFaiUYDArgdLJGmCHgDDDgcBsMBqL+l1LS+HE9b76xl+N/rEMP9Ubx5f0Fvn/kMLUf/BczrpzF0upbmDJ1epSHBQPRsi9QfSZZI8wQUA/Q2dGO3d53ENN1HUPXUVSV7q4unvnHxzj24QcAjBkzhqVLlzJ16lQKCwvJyMgAoKurizNnztDQ0MC+ffuoqz1KXe1RZs+5lo2b7seRkYFu6PQ/d3R0dETNJRkknUkB8gF3ZdUyJk2eEtVw1dXXcOb01zy+/WFa3OeZO3cu69atY86cOSjK0GHHMAw+/PBDXnrpJd5//33yC0by461/R2HhGD46djSq739/+glvvflGZC7fJGOEGQIAjqWmpV214b4fC0Pv+3ZUNYUnHnsEaRhs2rSJNWvWDAiWF4OUkt27d7Nz504URWHT/T8lWofK008+Jv1+fx3hs0VSMLMLAOzyeb3C7+sLTm2trTy783EsKSns2rWLtWvXJmw8hCP8unXr2LVrFykpKTy38wna2lp72/0+H36/X2AyNW42K3xSCLEpGAxYxo2fgKb5ee23L9PV2cGOHTuYP3++SfHgdDopKipi//63+OrLL5hSOpWUlBQOHXxHnm9u9gPrAO0iYgaFWQ/olFL+9o91tVitVmoO/Sdtrd9y9913s3DhQpOi+7Bo0SLuuusu2lq/pebQQSwWK8fr6oSU8hVgYBIiAQxHaawFWJ/mcPD+kRomT57M9u3bk3L7oTB79mwOHz7MJ40NpKU7+NPn/wOwARNbIJgPghEZH6mqOlPXdXbv3s3MmTOHQexAHD9+nLVr16KoKoaufwTMJlwiSxpmlwA9E3hb13UqKysvmfEAM2fOpLKyMrIbvItJ42F4CBDAAkVR2Lhx4zCIGxobNmyInCUWMAwePBwE3AjMqqiowOl0DoO4oeFyuaioqACYRZgEUxgOAh4AWL9+/TCIig933nln5M+tZmWZJWAysLCsrIwJEyZENUgp8fl8JsWDz+frrQNEUFxcTFlZGcBCLnN5/O+Ba7Zs2UJRUVHvw6amJo4dO0Z7ezunTp0iLy8P6yBprsHg8Xg4evQora2tnDx5ErvdjsPh6G3PyMhg//79ADrhMnxSMOMB6UKIdU6nU86b11f7bGlpoaWlhXvvvZf58+fjcrmora0dMlPUHx6Ph9raWlwuF2VlZdxzzz2cP3+elpaW3j7z5s3D6XRKIcQdQOwEQhwwQ8AqKWXmypUrReQNT0pJQ0MDq1ev5uDBg5SWllJdXc1rr71GfX38b6z19fXs3buX6upqpkyZwsGDB1m9ejWNjY19E1cUVqxYIaSUmcCqZI1IlgABbLBYLHLZsmW9D9vb2ykoCNc99uzZg97z9nbkyBGampriFt7c3ExNTQ0Qzi/s2bMHIQR5eXm0t7f39quursZisUhgI0luickSMAeYWV5eLrKzs3sfOhwO3O5weq60tK+mn5ubS1ZW/BdFMjMzyc3tqwxFZLnd7t4kCkB2djbl5eUCmAFck4whyQbBR4AZ27ZtY+TIkX3CVJWOjg46OjpYvnw5NpsNl8vF0qVLKSkp4UKyhoIQguLiYpxOJ7feeiubN2+mpqaGUCjE6NGjo/rm5+fz+uuvQzjJ+kaihiTjNplCCPekSZNsr7zySsyXnsbGRux2OwUFBZw9e5acnJzepREvmpubaW9vx+Vy4Xa70TSNKVOmDOgnpWTVqlV89tlnmpSygATfDpNZAsuklLaqqqpB3/hKS0txOBw0NzeTn58/pPH99/gIRo0aRV5eHs3NzaSnp8c0HsLesmTJEqSUNuB7iRqTjAe8DlS//fbbCX+rF6KpqYmtW7eiKAoPP/xLXK7kj9Fut5ubbroJ4N+A7ycyNuGssBDiSqfTKQsKCi5Knq4bBIIhtGCIQDCEbhgYhuT016d59JFfMHd+GYoQ3LfpPrb87EFcLheKIkhRVSwpKlZLClZLCinq0I5aUFCAy+WS586dmzmYRw2GRAmwSynHFhcXx2zUgiF8/gAen4Y/EMIwYl/j/fXzz7JwcTkpKWH11393Ab9+4Vfc/9NtMfsrisButZBmt5Fmt2KzDpx2cXGxOHv27DjARgIpskQJsEJ4m4pAC4To6Pbi8WmE9IvfWz71+Um6u7t6jQew2ey0tX7L6a+/4i/GFA0YYxgSrz+A1x8ujKiqQnqqjSxHKnarhX5zsnIJCQDCJamObi8d3T60QOjiAy5A3bEPGDVq9IDn+fn51B+vi0lAf+i6QWe3j85uHzZLClkZaVgsyd2RSHQX6BJCtAeCIdytXQkbD/BpQwOuwsIBz51OF40fJ17g0YIh3K2dBHUdIUQbkFCpPFECpJTyxHs1hw0lyaSn1WaLfYtEEFViSwRCQM3hQ4aUsp4E02TJnAP+o62tTdH8yZXkf7j5AWoOH6Khvp4Wt5vmpiY+/aSR92pqWP+DDUnJDGp+2tvaFODNRMcmQ8CrQgjjDwfi16VfUNJKT0/n8aefZ+z4Yj6qO0b9ieMUFo3nyWdeIHIbHMDvjz+Z8ru39iGEMIDX4h7Ug2STii8KIe549Y23EMrF4+jXX31J07mzjBrtpLOzA6slhbZvzjOqIJ9p06ZRc+Q9HNk5+PwBrFYrZ77+iqnTZzIyRrDsD2mEWLGsEinli4R/upMQkn0b3CaEaH9o28/iigVjisYycVIJAU1DEQoqOo/t2E5OTg7Z2dk89A+/QAY1VFUhNTWN73x3YVzGCwEPP/i3Rk/wezAZQ5Il4IxhGMs/rj/Bqy/vjivo5OTkMnFSCRMnleD3+9E0DbfbTUNjI5qmoWkBrrhiMmOKxmKxWOKaxN49v5H1J45jGMZykqwQmckJfgF0NXxcX16Qn8u44iviU6iqODJHsP/AfnJHOtENwTvvvsu4iSXY4twFhBAceucA/7zreUH4+u0ryRphtrAggCeB+25eslT+9Q82CsN0rebiCl984Rn51pv7BLAT+BtMVIiGq4K5Rgixa+SoUSmPPvGUkuYw8zOhweHt7mDL5h8Z7vPng4Zh3AX8xqzM4SzhzlAU5d8NwyhatLhCrl1/t7ClJp2sjYLm9/IvL74gf39gv1AU5QvDMKqBE8Mhe3hr2OAA7lUU5QHDMHKumzdf3r7mDjHSWZi4KmnQfO4Me/51t3zvSI1QFKXVMIwdwHMkeNwdCsNNQARRRAghmDZ9hlxcUSmKxo4jK3sEVpsNVQ2fIXQ9hKZpdHW089WXp/j9gf2y/sRxIaXkUhn+54IVuAF4VAjRQPTPXgf99PR9tGds0lfh48Gl8oDBUAhMByYSvtoWyXF3Eb5pcpLwnT9Ttz7+HwngfwFRHyzQ0NN+jQAAAABJRU5ErkJggg==',null,'ACTIVE');


INSERT INTO "PUBLIC"."APP_USER_LOGN_HIST" (LOGN_DTTM,USER_ID,LOGN_AGNT,LOGN_FAIL_RESN,LOGN_IP,LOGN_REFR,LOGN_SUCS_YN) VALUES ({ts '2020-05-05 18:59:40.453000000'},'admin','Mozilla/5.0 (Windows NT 10.0; Win64; x64) AppleWebKit/537.36 (KHTML, like Gecko) Chrome/81.0.4044.113 Safari/537.36','The Password does not match.','127.0.0.1','http://127.0.0.1:10001/admin/login','N');
INSERT INTO "PUBLIC"."APP_USER_LOGN_HIST" (LOGN_DTTM,USER_ID,LOGN_AGNT,LOGN_FAIL_RESN,LOGN_IP,LOGN_REFR,LOGN_SUCS_YN) VALUES ({ts '2020-05-05 18:59:48.428000000'},'admin','Mozilla/5.0 (Windows NT 10.0; Win64; x64) AppleWebKit/537.36 (KHTML, like Gecko) Chrome/81.0.4044.113 Safari/537.36',null,'127.0.0.1','http://127.0.0.1:10001/admin/login','Y');
INSERT INTO "PUBLIC"."APP_USER_LOGN_HIST" (LOGN_DTTM,USER_ID,LOGN_AGNT,LOGN_FAIL_RESN,LOGN_IP,LOGN_REFR,LOGN_SUCS_YN) VALUES ({ts '2020-05-05 23:51:29.375000000'},'admin','Mozilla/5.0 (Windows NT 10.0; Win64; x64) AppleWebKit/537.36 (KHTML, like Gecko) Chrome/81.0.4044.113 Safari/537.36','패스워드이(가) 일치하지 않습니다.','127.0.0.1','http://127.0.0.1:10001/admin/login','N');
INSERT INTO "PUBLIC"."APP_USER_LOGN_HIST" (LOGN_DTTM,USER_ID,LOGN_AGNT,LOGN_FAIL_RESN,LOGN_IP,LOGN_REFR,LOGN_SUCS_YN) VALUES ({ts '2020-05-05 23:51:34.400000000'},'admin','Mozilla/5.0 (Windows NT 10.0; Win64; x64) AppleWebKit/537.36 (KHTML, like Gecko) Chrome/81.0.4044.113 Safari/537.36',null,'127.0.0.1','http://127.0.0.1:10001/admin/login','Y');
INSERT INTO "PUBLIC"."APP_USER_LOGN_HIST" (LOGN_DTTM,USER_ID,LOGN_AGNT,LOGN_FAIL_RESN,LOGN_IP,LOGN_REFR,LOGN_SUCS_YN) VALUES ({ts '2020-05-05 23:53:03.174000000'},'admin','Mozilla/5.0 (Windows NT 10.0; Win64; x64) AppleWebKit/537.36 (KHTML, like Gecko) Chrome/81.0.4044.113 Safari/537.36',null,'127.0.0.1','http://127.0.0.1:10001/admin/login','Y');
INSERT INTO "PUBLIC"."APP_USER_LOGN_HIST" (LOGN_DTTM,USER_ID,LOGN_AGNT,LOGN_FAIL_RESN,LOGN_IP,LOGN_REFR,LOGN_SUCS_YN) VALUES ({ts '2020-05-05 23:54:25.878000000'},'admin','Mozilla/5.0 (Windows NT 10.0; Win64; x64) AppleWebKit/537.36 (KHTML, like Gecko) Chrome/81.0.4044.113 Safari/537.36',null,'127.0.0.1','http://127.0.0.1:10001/admin/login','Y');
INSERT INTO "PUBLIC"."APP_USER_LOGN_HIST" (LOGN_DTTM,USER_ID,LOGN_AGNT,LOGN_FAIL_RESN,LOGN_IP,LOGN_REFR,LOGN_SUCS_YN) VALUES ({ts '2020-05-06 01:29:53.780000000'},'admin','Mozilla/5.0 (Windows NT 10.0; Win64; x64) AppleWebKit/537.36 (KHTML, like Gecko) Chrome/81.0.4044.113 Safari/537.36','The Password does not match.','127.0.0.1','http://127.0.0.1:10001/admin/login','N');
INSERT INTO "PUBLIC"."APP_USER_LOGN_HIST" (LOGN_DTTM,USER_ID,LOGN_AGNT,LOGN_FAIL_RESN,LOGN_IP,LOGN_REFR,LOGN_SUCS_YN) VALUES ({ts '2020-05-06 01:30:15.360000000'},'admin','Mozilla/5.0 (Windows NT 10.0; Win64; x64) AppleWebKit/537.36 (KHTML, like Gecko) Chrome/81.0.4044.113 Safari/537.36',null,'127.0.0.1','http://127.0.0.1:10001/admin/login','Y');


INSERT INTO "PUBLIC"."APP_USER_ROLE_MAP" (USER_ID,ROLE_ID) VALUES ('admin','ADMN');
INSERT INTO "PUBLIC"."APP_USER_ROLE_MAP" (USER_ID,ROLE_ID) VALUES ('test','TEST');
INSERT INTO "PUBLIC"."APP_USER_ROLE_MAP" (USER_ID,ROLE_ID) VALUES ('user','USER');
