INSERT INTO APP_USER_INFO (USER_ID,USER_EMAL,USER_PASS,USER_NAME,USER_NICK,USER_STAT,USER_LANG,USER_PHOT) VALUES ('admin','admin@oopscraft.net','$2a$10$5BnAGC9KoVzfDprFZbzFyuS0SkgNvTiSIh3noRwCUFLQL78tuomZK','Administrator','Administrator','ACTIVE','ko','data:image/jpeg;base64,/9j/4AAQSkZJRgABAQAAAQABAAD/2wCEAAkGBxMTEhUTExMWFhUVGBUXFxcVFRUVFRUVFxUWFhUVFxUYHSggGBolGxUVITEhJSkrLi4uFx8zODMtNygtLisBCgoKDg0OGhAQGi0dHx8tLS0tLS0tLS0tLS0tLS0tLS0tLS0tLS0tLS0tLS0tLS0tLS0tLS0tLS0tLS0tLS0tLf/AABEIAPsAyQMBEQACEQEDEQH/xAAcAAABBQEBAQAAAAAAAAAAAAAEAQIDBQYHAAj/xABCEAABAwEFBAYHBgUDBQEAAAABAAIDEQQFEiExBkFRYRMicYGRoQcyQlKxwfAUI2Jy0eEVFoKSojOy8SRDU2OjNP/EABsBAAIDAQEBAAAAAAAAAAAAAAMEAQIFAAYH/8QALxEAAgIBAwQCAQQCAgIDAAAAAAECAxEEEiEFEzFBIlEyFBVCYTNxI1IGQ2KB8f/aAAwDAQACEQMRAD8ABjewbgsHDPor3MnbaW7gF2GDcGefbAF2MkqtkRt/NTsLdoY63lT2yVQQvtjjvKlQCdrH9jRaSu2ndtfQx8pOqttwTswKyUjeucWznHPkKitfFDcGBdYPLIK6K0YhYw4I3uqr4JwNXcFsiLsHZHBQSewrjj1FxDWUJhXZKbBMCncQ68nuiCneV/Tx9iiMKN5dUwPYAuyW7aFooy2TjAtFBJ7CuydlHsK7J2UNVnhe0Dx/YTZbDJJ6rHHu/VBnfCPllJXQh5ZZwbL2h3s07SErPqNURaXUaolhBsW/2nAd4Ssurx9IBLqkfSDIdkIx6zhu9rxQJdTm/EQEupTb4RIdl7KNZP8AIIS6jqG+IlP1978Ib/ALCPb/AMl367Uv+JP63UkR2fsZ0e4V0Nf2RVrNR9Fv1WoXoR2y1mIylPiM1P7hev4krXXLhxB5tmo9GuPac/rcmI6+b8oNHWy9oHfso8+o4HyRF1BLyE/cEvJC3ZeYes3LtCn9xrfgt+4VvwKbgG4lWWrJWrBrRcbx6rT8URaqPsJHUx9gsl3yD2T4Iyviwq1EGDmMjUFX3oIpxY1Tktk8pRwqkkRQ2kQ2kTRWVztAqOyKBysiiwguf3nHuyS8tT9C89VjwGR3TGN1e0oL1EmBlqJMIZY4x7I8EN2yBO2T9kv2dnAKO5L7K9yX2J9lZ7oXdyR3cl9g8NuLcmsjb/SFd1Z9l3Un7JP4hIfaI7MlXsL7K9mKHMtUnvHxVHVD6I2Q8YI3zPO8q8a4IlVpDCH81bZEtwhvQOKtnHgncl5FFmdxU7zt8foU2Zyrvi/RG5MQRkLuDviK1x4qMfZOF9BdnlcN6BOqL9AZwi/Qcy3vpql3REA6ojXzk96soYL7MIey0UGgKhwK7CGaQHdREipItFNDGhntA91FaUp+i0pT9EVos0J9UHvophZNeS0LLEuQR9kj91GVkgyskQvszB7IRVOTL9yX2IA0aALssspM8xxKh/2dJZJ42OPFDbiCzFeQiKI70OUkDlJPwS4aKm5ZKZG1PBW4OHUK7g4EbZhvRtzDOWR4wBQ8srljxKPdUEYbGulHBSkTs/sQ2nkpwyNrHNtPJRjB2B4nHBQyMD+lHNVyVwxHOBUkrJAWb12S25jw0qrZDZK0KrwUHKhx4lWSOwRPkorxiy8YsHdOr7GEUBjplfYi2wTFVdtSJwkFw2IkVNAOaE7WuEClbzhHnRwgZvFVCdj8IpvkDS3vBGDkCRwRVpLZkSy/LBJtro9zKc/gjQ6ZP2wSaXsHbtaNQ1EfTWW3RkSHa4EerVVXTnk7hckcW1Ar1mZclaWgeOCyaYV/MsfD68EP9CyeCYOQ3gYwh4UZRVkjAhtojgdgXbiNw3oVO87cK2FQ5ZOchwjUEbj2NdgnB7GF2DsEjSqtlWPVMsqeXeTsDS8LtjJ2kb5AixiSogc0qNFB4oGc5EC4PF67aTggmt+HJEhTnyDaBJLzkOVSjLTQXJCrT9AUpc5HjGMS0qZY4BJbM7WqPGSQjdpZsg6Eom9CvYafkkbAocw0dO2L0Sq5luzgd0ajcXVQuFRlFuy/svRervdCz+wjU/TxJGXuR7I8VV6ZMpPTomF9t9w+IVHpPoD+nJWX2w6gjwVP00ik6Gh/8Wj4qP00gGGuMD23lHxVXp5Isov6HG8me8o7MgiqbGfa2neu7UkW2M8ZhxVtjKuI1tpPs0A4nf2D5lT2+PBRocLYT6rnO5hoI8ch4FR2f6BtP0K20YtXaagAg151XOCRaKQrpOa5Qz4C7foHltjRvV1WwigCPtrOKKqmWwQSW4bkRVEg8lqJRVWiCGpOqv4LKI4KA0UhQo4DLAjgpyCsjkhMCvuE5abL4HNiHFQ5B4adId0YVdxfsRF6MLtxKoiJ0a7cT2Ij1AVs9RcCfIgauzgq48i4F25nKJ6itll1WIq5ZbtodVdkrwjy74lW0LGHOOFtSTuCiTgvIGyaRa2O5ZHkhzqAUqB1syKgcNKHvCUs1UI+BKVyzhlvZ9m2HV0ncWj5JKzXMFLUY8Ez9kYzmJJAf6XfJVj1J+Ggf6pp5wVl5bH2hgxxuEraV6tQ/wDtOvce5aFWshP1gLX1FN4awZ3oncCnFKOB5zUllDHREK25MjAgC7BeMckjWquQyjwOXE8ISig7J4qUjtw1z1OAbmRibkp2gu9hjxOu2hFqMj2yhV2BVcSMlG8BVcTt+R9WKuGRlj4rvedaBdvQJ2khu+mrgocvorvZK2xs3uHioyTukyRrIq0qFBP/ACDX2aI6HwKnLLKckQGxCvreKncy/clgm6ENGYa5VeWC5Y+GWMkN6LMmmR40QJ7ooFOMorJoLvuwDJraVzJWddqPsQsu+y+s9ha0fX1uCzJ3tsSnawlsYG5CcslN2RwC5SwQwqCXcm6rMgZx4MXt9dZjpPHk0nC8DQHc7v07ac1t6OxT+LNHp2oz8GYdxJ1WlhI2cHmLgkR4adwqqOS9su5jjC73T4LlKP2Vcv6Fjs73aNKh2w+wTtX2SPu+WlaZKFdH0zu4n45IDZXqysj9krkiMJRN/wBlJV/0MMZVlKL9lNogapyTtY4KvDCRHUUYRbIVjdxQVhjGI/R4tNN6h8EfEeIHHRpVdyXtEOUV7HC7JNcPmq96C8sh3RQouuX3aqe/D7KvUQ+jxu+Uew5d3YfZCvi/6GGKQey7wV1KD9kdyJY7P2Y4y4g1GQrz3pbVyxwmLam9NYRvrFEA0cV5q2WWYs3yTBBSwDHhSceXHCtOatB4aIfgde9iE0D4z7TSAeDtQfEBa2nm4vcgVU3Ce5HLrRYIos5ZWtpqC4V8FsQnZZ+MTblroRXLK2faCxx+q18h5AAHvJRo6S6fngQn1eHoBn20fpHDG0fiBcfIgJqHTV5k2I2dVsf4gT9qbUdHAdjG/OqOtDWheXULn7IJL8tZy6Z4H4SG/wC0BEWkr+gL1dj9kP8AE7SP+9Jn+Mqf01f0QtTZ6kxzb6tI/wC84040PxCj9LX9BFrbl/Ing2ntDSD1HU96MH4UQp6GEvYaPUr/ALLmzbcB2VosrHc4uqfB1fik59Ma5i2Fh1SxfkWlnvW7JR6zojwcKeYySktPqoPjlD9fVE/JbQbPQSDFHLibxFD5hLy1N0PMRmPUEx/8qx/+Q/2j9VX9dP8A6st+vKgwRR5yygck3/yWfihy/XwgvJHNtBZoxRjMZ51Ra+nXTeW8GTb1eH+yudtdL7LGAcKVTq6RU/LM+fVpekRP2rtB0LR3fuiR6TSvQF9UsIjtLaPfp3BX/baPoq+qXDW7R2iuchKl9Np+gkOq2R/JZCodrJm659tD8kCXSa2MPrP/AMTWbM27pmiQihJp/aSFgdQo7MsZNCvUd6OcG3h0XnZ+RWS5HlVKihcceXHC1XLycw2I5LSqlwLTRwT0k3ObPb5KerKelbyxk4gK8HV7iF7Lp9u+rjyIW7k8ZKH+HSYQ9zXNad5a6h79E7CyMnjdyAk3HyhwswGqO4qL5YLc34PSYRoqvBdJjDMFXJfAheOC5s7AzE3moOHxwB2hzXbV9nZIpYiNVzizk0yIhcdkfFI5ubXFv5SR8EN1pvksptE38Rm/8sn97v1Udmv6J7shHSuKMsr0kVb+22eq5W59kLb6EoVHJPA7CV3JHB4NPFTydwLiIXZZ2BwerKRVo6BsLJ9z2E/En5heW6ws2Hounf4jodkfVoXlLViRM/IRRCbwUEqpSkzsNiCQcQrOuS9FtrFqq4bIGtvNrTh9Y8BmU9RXa/CyUlQvMngEv2xxWqPBLEQQaxvcymB4zFCdxIAI3halLtp8poC61nKaZHdtrjMYY4YgQQ5mHHloQWiuW5KTsuhZuTC21Jrk5X6Qtm/ssvSxZ2ebNlPYdq6M8tacsty9X0/W96vEvJkWV7WZArQzkH4EXEnlxx4FccSwvoVK8kNcFzDG2RuEjMjI7wjqOUAlLayntNlMZIO5BlBoLCakiGiqWPUXHBDGq/L9EPglwq3KIymewqTuBQwrsEOcfTJBAeCvtf0Dd0VxkQwFQ4f0R30MdHxCjb/RdTT9ms2GkLcTDUVo4VFKgilRy6uq891aCb4N7pk0o4ydBuy3A1ZvH13ry99HsftjnktJp8LcSUrrcpYARr3PANdtgktTqucWx6gDJzhXWvsg7t51yXqND0lbd0gF+qjD4x8mmbs/ZwKdH31dXxqtT9upaxhGe9XZnyUt/XbJCwujq9poKe02poM94WRf0f5px8D2n1UZfl6LHZ662sZU0c7e73iNT2cAtvTaWNUfAlqNRKyzjwXb4wRSlQmJwU1yLp4Zjjc/2WZxb6kvWbXMtIGbK7xv7KheV6zS6mpLwadNu+OPY3aG52WuzyQuGUgq0+5K3NjvGgPGnNA0Gq2TTXgHdHKaPniWMtJByIJBHMGhHjXwXtYvMVJGeRqxB4qDhoXHBEUeVVaMWQ2Wt2TBuZrlpRMVieo8kl5ESEkDIj4I0oKURSu1xkUcZzWfjDNdPKTJsIXZLHS7NsJCNXSO7KAfBJfvNcfWSX021+ZYChsNB7svl+it++xXCgUfSJy8zM36QrqjssMfRtIL3kEkgmjWk0y0zwq1PUnqG4pYwS+n9jltsG9HVljtPSxSAlzMLmnFQ4TUEZ65gZ/iUanqU9LDcRDQV3vk2zdkYP8Al1Vmz/8AILX7Q3Ho1C+yZuyMJ3N/yS765e/aDftemXpjX7ERHQDxKsuuXfZR9NoT4yIy4+llAjIY2LqtfStaADBTLqgjxJok7NblLdy2PV1wpWURghjgC4YmuLX55E16zh359iE+coejLdHLLK2uMnRx1pjeAew0xeQKF06hSuwwN3wi5G7uqIBgypXdyGQA5U3L2uEopI8//JsNDlDRAr2qSGCXezC0t91xHnVc3k7/AEBbObQttZnDYpY+gldCelbhxlvtNzzaoJG7VmkbHcJG+dR81k9Yr30f6HND/kwBWc1y4heQ08vmN2R8s4PtzZRHbbS0Cn3rnU/N1vmvoGjnupTMefEjOpplTxVckkkTKlXislXLAYRuAR+FwBTeMllZbO3AanP60V4RErp5ZFaMIBpwRpPEQUFmWCljZXPis72zY8RSCejKqRyfQ9gcCF5GNaa4NyyUk+Qa2WeRxJBry0P7oFlcw0LIJGB9LULfs8BANWykOrX2ozr3tT/Rd8bJJiety+UUnohf/wBZI2po6E6Cpye3d3rQ6tUpUrIrpHydqjszDvd3inyWD+kix13NEv2BnPxVo6OKB/qGQ3jCyOJxDRWlBXich5lEnRCCzgtXY5yKh4MUIY3JzqNB4A1xHtwjxosyEt9kpvwhtx3yFtdiY2yyCgyaKciKUI4FE09jlNkSk3NJFZY5C2WEnQOwn+trmV8TVafT2leH1cc0s6PdxHRtpwXqHyebSwV90bNw2e0Wm0sLy+1OY6QOdVoLQQMI3alcSXRUHAAlwyOB0NPGm9Ky1tSs2Msq2wrpW8R4on6qv7I2MzG3l4NEUbAal8jfBuZPjhHekdfdGdTSHtDW+5kbYn1I+ty8aliY5csZOO+k6P8A6+Y8cB/+bV77p0c6ZGFZP5mPLU7ghywSw2cnXIK8IZBTuUUGRx00R9qiLdzcyWKPNVjHLKzu4JnkjJMqOBNy3cAM7sWQ7ylrrf4o0NPTtWWSWey1IHYld2ENL5SwXX8HPAoHdQz2WazZ3a+OUUJwvGo3V7NR8Fl26ZwfA3C5TXJqrNezXbwe9Ejp4TXy8i8pTi+DP+k+PprA8in3bmSZ60FWnCeNH7+aNptIq3lMDLVN/ExHoqY8Wsv6NxjwOY94ywH1mdauVS1W11TspW0vROMHydhZaowM+l/uWYldH+IzLtvnciT7XF/7PElFVly/9eQTrrf80C3jaGODWtrm4anKlD86eCV107NnyW0Z0ddalxLIk4rNGNzWk95oPl5rAg8VyY7HjLJZjjd0R9VoBf8Aiccw3sAz8FMZOqCa9g8eZgN6XeGua2PIluLfQOaRmBu1TlFzhibC0z3xaZpLhvKretlnR34JN7Ty3g8CF7DT3QvrTi+TEur7c3kvgUbH2CTXoitVoaxtSldVqo0Qcm/ASEHJmeM7qk11zXg7dTKU3P7NSNfAotBUK+ZLqKzaEtfG3EMw9pb8/Kqcouk0Eoi4z4J7vGiUn+eS1yzk5j6T2AW9+WrIj29WlfJfQ+jtPSI8trG42cGTawcFpbUBlKXskbHVSgEppiuj5q2EDbk/AhkA5lc5qPgvHTTn5I3Bztchy/VAnbJ8DlWnjXyyaz2MkZDJLt45YVz5+Jp7lugNGN40zH6pC+7PCNDT0Y+TCf4hy/xSuWO5MLIcT2BoLJCaVacjlq0/JbDjnhmKpbeUW1mvHDQTtdUaSs1/qG9BlTOv5LDQxDUwm8TE2nvGQwtYJxJE51cj1qtFQ1wOYzIPDqrqpqXrDOsr2f6ZDsbtA6yuc2gLJMNQcqEAgOHcaJiH/VC11aayzds2yjpm015OCc2S9oRlCMvxGnbaH3HdxBV1FIo6peg26b+jtL8LA4YczipxA3Lz3/kSXayjX6NFqxpmiY374ndhHxK8RL8NqN+X+MdZP9Wb84H+DVe5YUV/QP8AgevXK0xH8BA8RX5Jizmoin8WPfZ88bSWu0qNDyIORGehQNNrbKZYiTJKfDRBJtB0YwmZpPBjan+0VAW2uo6qccYx/wDQL9LWnkFl2hroyRx4voB80pbo7rvzkXioQIYr2e7VtB21p5KY9MXDbL9yITFbKkVJ7slddOiirs+ie32RkrRhJa5taVNQ7keB5q70sYLgmuySZLdbsgsW5bZl7uVwc/8AS3DS1xv9+EDva91fIhe36JPdRtPO6uKU8sxGJbCTFWsiGU7lOWXVUfYogeVRtl1tXgNgsB35ITePJzbXBZ2S6CdG15nIBL2aiMS1dFlhobBczW5uz5bklZe5vER6jSxhzIJt78LTSiB/7Eh2HEW2Zn7eE72UA7xm7RZy0trm0V7stxTFVqtXLFL9O6eUuAe2Xo7IVBwkdbOrhwdxRYtxf2AcFNcrBHaCHNa4UBOKoFaDgrS2vwsMrFSXDeURwZVO8aKN2OUFwnwzTWm7HtaJBR8Z0e3MZ50d7pTOn18Jy2t4YpqdHOtbocoDMfLzWg4JrKM6N8ovk1OxrAx9aesD+o+C8z16OauDd6RPNmX7OlxjfxC+eybUsG63yMhjwucfeIJ7aU+SvKzcVk+ALap5Y6GWvVBc099CP9pWpVDfXtJ02OUzPW29pJiWMJDNKjIu/ZOUaKEHloLOSiOs1iDRotBRFZWNhYYp4+imR2EKVt+jjwXNEJYDbFLuKHKPBdMsGCju0B3jkfh5rz+trxLIWLyjF+mFn/5n8pG9/UP6r0vQJfFox9bHLyc7s8DnnJehlLCyIuSRaxXYG65lAdv0CdgVDZKkIU7seQ1NUp8lvZ7A1o62fakrLnLwaEKIxfJc2WKo5JXa7JDakks+AimWWiasarjjBSvNjyZ7aO2YWkK2noy9zOvtwtqMT9q7VoYQjkuzECKFY6k4vg3nUpxwzMXpZgyQgHWp88loVT3Ixb69jwelqG9WuCg1zGI+sBw9UI7QCLWcEl02cyOLQCatdlSumZULbHhkSTlyizsck0HWifQ+03Vp4ihyKi3QxsWf/wBB066VcsBgvKCXKRpgk95oxRE8XM1b3IVV2o08kovdH+xiynTamLb4kXNxgseytC2uT2mrXA5a7uxD6hbDU1PHDK6TT2aa1Z5R0qxu6o5ZL59csSPQTRMQgryDzwRX5ZOlsr20zAxDtbmB8ls6KeGgcZbZoyF32bCNKLdyngvZLIeFYCRzTsZ672t/M4N+JVtr9HDYbUx/qPY78rmn4Fc8ona2T0VTiaytq4fWSrLhEx8lvIzrMH4B5lxWF1B8ha/DKP0nWHpLJE73JW17HMc340Wv/wCO2Ym8mN1FtQWDCQQhgoF6C2zc+DIy2QWi00OEanyXQgMU1bmG3XJQ0GZPigX4Q9XJbtqNTY7B7Tt6xrbsvETVqpwsyC3BN6ZbI5kCuxPiIyRCTd9mV4C4VMMPyYTayXrELcrjtgZNs90jKYuajcimGWV53o+N4a2mWeeda1yP7cklTSprJqXaiVcsFbeL8WF59Z+I9gFGinKuIo9aS4Qtc8rLGkHo67q0PI/R8kVywL7OMoJuz/UaQ8sPvN1bzUKG5clZz2cl/a5aUE4DSc2TRirJBxcBv7O8KlcrKpfZSXa1CXoEtVlrSoqD6rhmD2FPqULFlvkTmraZYSyiCy2iazurGat3t1B36cctQktRpVKLysD+n1eJLk7Rc0uJleIBHeKr59rIbZnopvKTLIJIHjlhdmGS0dM8AJ+TGujwuc2vqucO4OIHlReir5iiZFFtZfRgaGRn7x4rXexugd2k1p2diaqhufJDTRiLPZJZnVDXyHecyfE6Is7Yw4DV6aT+TNILt+yQGV9KimW9zjowHu+KXhJXPCZa6xVLwRXVf0+PrEODtWnRu/q7wj21xhAWqfcZtLDbAcxUHgf13pB2wzyGdMl4NC2YO6OmoGZ+AWJ1CcZeDoxcVyR7Uw4rFJyAd/a4FNdKm4TS+zO1scwZyy0yUBPBesissw4xy8FbZs+sdSjvwaLSrhj2zW7M3cMPSO1OnYsPX6jHxQ90/Sp/Jmic+lBx+CT08Od7HrrP4IaQiW3OXCLV1KPIHaHrW0dKjDJn6qblI59tDLicTzTreVgzF+RnVXag5YbRsoWkmprkBuaBnXjmk9O/iPatYeTxYJBZ2E+sDnliaAKYa788VKq6eHwVlFTikz1ifGyOU1rmRTxDMuZqqNtyCRjGMMYyANJjLa5HDXxTcZZEbKvOS2s9txsLcvynSvEJuDTMq6qUXuXgSymRhpGC9pOcdCa9wz7xmgXUqPyT5HKdRuW1nRtntii5glmDo8QqIzTGK0yJ9nKvPjRKzvlJbZBlpoqW5GkuuMNJaMgAAOwaLxPU/wDLg3V/jiixCy8ck5DbMMloULgWsMjeH+vKPxfEV+a9DRzAt9GB2lvJn2mUdECWuwkupo1oA8gE5GqTWUxmOorjxJEVivbG5rMFMRDRQ5VOQy0VJ0/bHY3xceC1vUFkDmyg0dQNxe+DiBBPIFB01b7uYi2slW6gbZ2yYiXHdkPmr9QswsAdHFeTa2KDgvP2zG5MvbLHRZ83uYtNthl4xYoJG8Y3jxaVq6V4nFmdqOYM4hekvV7V7WmOTEqXzz9DbG2rR4KZ8MYtl3JI6DdEfUaAvMap7rWzf06UKwuRvXdyy8NfNGw1BL7Ap7rMiPQ62nZgYnlQKy1716Gt/FGRL2c/vZmZ7SrexTHyKPozwRMBsGtfYo3mr2NcdKkCvisNWSieklRCb5GyWONtBgHVzblpnVWjZIG6oIjmibuaBXkFO6RHbj6AbVZmvIJ1bw4bwjQsaAW0qSAYLtlMzY4WlznuAaBqTwPLU9icrs9mVdQ84Z3HY/ZFlkaHvo+cgYjq1nEM88/gq23OXBSuiMeUXtskDWkn6+s0s0MpFPdTsQc7ifJeP6m/+Y01+EQ9Z3s4NgHVC0qFwLz8mHmlxTTH/wBjxXsOH5Lep4gWlxgrNoNlW2p3SxvDJCAHhw6r6CgOWhpQb9E1Ve4eSHBSKywbDTse1xlibhcCKFx0NeA4KZ3xkGjJRWDYXldEE7Oje9+tQ5paCCO0Hilq3OE8oHP5cAjLmbAWtY4ubQ0JFHc8VN+iT1ljY3pn8S8sUOVVh2zOlIsIW5oMHlgZMMtI6jvyn4FatHDj/sRt/BnBryZXCOa9vVLEcmEnhsOZBgDG76VKDKeWxip5kbO6X9QFYdsc2G8n/wAZJYX1aT+Ipm6PEUL0P5E7kGqGJjFksorbXvW3XyjOfkyt62DFi8VFj2sDt+LZSfw88vFd3hPuMuY3rKaPZponkZiHMKqeCLI5A3jcieQKe0CtHJGgsgrJYOrej7Zf7NH08o++kAyOscZzw/mOp7uaN4M+ye5mucVGSiXBn76teL7tu8pbUXxrXIeityfJNY4sLQF4vU2OyY9InIQYrkh+Ax78LCeAJ8FraeOcIVk+Tnstlngq5zCWuJOJubanM1O49q9DscfP0MKULFhE9ntgcFSMsrgq4k+MLnNeGUwwm2WYxsY4nN5FBwaQXZncTku1D7cMotT85YH2eKqwL73LyPbVBFvZ2Uas2x5YCTyFWcZq9KBSfATP6p7D8FqV+V/sUn+DOLsiBeDRevlLEMHnbeGT3hH12mlcv0QqXw0H00ss0Fyv6iFOvLybHc4CbI4Uc3mfPP5oe1yal9HOxRJYzUU3hddW65bkFqs3rDA7aE/p5bo5F7fjLBS2tlfBFmsoGsSRT9CeKB2gfaRC11Ehg3lLAZHOhyiFVmQa2ner1LPAOz7Ln0e3MLVasT844KPcNznVOBvZUV/pTcYqPkRssysHYZ5A0KfIov7KC8bxqKNqK80tfbGtZYxXU5vgDskJc6pXmtbq3Z5NNQUIls0LKzzkESRjNWrWZFZPglt4rGW+9hb4uAPzW5oYbrELSfsCvC8RC2lMcjhkzluc7yyXp7sSW3+hWPEsoZ9kY4DFGyuVeqNd+q8LqLZ12yin7NOt5SK2+CGtwgAV4ZfBNaPfZNZYV4UWytt16OnewOaG4MWld9KeFPNbeveIJA9HH+RdWBmQ7l5m9jFrLFJgMBNnam6UCkyeRlQRvII8clpULM0haz8GcanYWOLT6zSQe0ZFesxmKyeetw2xbfMMDTwJ/VUqg3JlaXiRY7O2uuR5I8qfRqqzCyy6kjHSF2+lDz5/XBBqg4pwYO+zPz9DS+hB3HVGsq3V7X6Oo1D3J+htqpSqT0cnFuDH9VHOJRKa0rQTEY7o+Svor5RbuxK+ZixYs9BbAjY9XcQEZHppat5qqXIfPBfbAXnPAJ3Nw9EcNQW5mTcA7dQVNM1bUajZjAnDTdyXJrIdqBMcLmODqH1aFppz3a8FEtXGMcv2ElomnwSQtxOz1PgOxef1V8pt/Q7CKrj/AGW9nioFj2Tb4BTlkmQyhNZm5pimPIOb4G3o8hraa1y8Ml6Dpq+aaFpvCKmz2OrsTjie45k57/ryXoXDiTFk+Symdme9fP8AUpyul/s1K1winngMmJx00b45lei6dptsVNlb7EltKS62VldyoPIKvU5MY0yxXk1kDKLzdkiJsnAVIrLKNh0Tck/XEXl5JG6rR0K3WoFP8Tk22NnMdsn91zg4f1NDj5k+K9jFQmko+Tzt9c4ybfgztqmxCgP/ACojDbLkHH0wzZ+2YTzBRG+cjy5iam0TnE125woe3dmgP8skVxc4bPomJ3Ii5WRWLcHhkb3ZEFKyqxPcjaptUq8FRbgRmEV5wUxueGVP2jkUPLL/AKaIj2rMTPQSWUA2kUNUeDyIWx2sEmlR4wSA91muusYLJGNMeKQ95oP8WhZF7bsNLSxysl1ctmo3FTN3kNw+aQ1NuXgO3waOwQUFSsm6x5F5z9BqWAsVoqrRWWQ3wHRMon6oYF5PIJeOZaO0/Jeg6VD2L3PAtmjAcFuW/jIAuZIDmaZJOjaaVJxHg3f8l43T6R26hv1k1d+yvLJryjDY6AZNFB3fXmvVxhGKwjOlNybkYq5pPvnjjRYXU4mzp/8AEbGArzdqwykgmLVdV5KSC2HJOwkAZJG5b3TaeNwvYznnpAnibagx+WONpFdDm5tPJPWdyMt0CYdqUdszI2y5XHrRGoOdP0KPHqCzifoDLp0cboFfZi6J3WFDXf8AJOOcbV8RTtSrfyNtZ5RLEWtIrSo5EDL9EFy28MiMcSyiO7rfiGFwo4ZdtF2Xki6jPyQW4VRksga57eAK0Mqr8DsZxa4APsw4KuxHYf2AytoVgo9O3kr7aUxV5Fb45iUNonplwWh/HJjuWHg6RZ7NlHHuayNv+Ir81522fykeg0/FaNTd8Wax7p8EzfBbxjJZ7lkVY8Cq6MckZCYYqJquGAUpE6bXgEAzZvPLL9V6jpkNkORSx8ixSlpT8oZiwcXyTXdZQwH3nGpPjQDl+qR0+nVKb+w9lu5YGXrF1D3I6/EEnhHOXP6K0dv0Fm62rfE1dHPjDNdY7TUBeXtr55GJxLBj0njaBaBryvXoWVpiefVaNSeJG4DetLRUztksLgBY0lkzt3XpaWP+8GInPn3EaheurhsSSE5cmR9LltElogc05iIg8R1zQH64JyvkBNGcui/5ITTVvA/IoF+ljMNVqZQ8G1sFogtbKEAngcnDsWRZ3dM/iacHXqF8gmy3Y6InA6rdwOo796JDqKl+YC3p7XMAa9rLn0gqCdabin6dRGXCYrKmcV8kDWa/2tIZJ4p/a8cCFlUW8ryWgna8VaQRxBVe76kUVEockGMK26H2W3z+imL8TK7wsLGGeqql6Ku2OTNa5IuXxZmrwJxCm8jIb67k/wDxaMKf5nXLKOt3N8gB8l5q/jLPQU/40ai7vVWLfwUsLCMVSmMgGwqCJM1QBSkEppJAhsjqAngjUQ7k1EhglMsxXPvXr6Y4ikJWcshjPxR2ULKAoE/JZHrWzEwhQSc42lsZJxN1H7oc4rGBiuWCssO0ZjoHgmmSyr+nqXKH4aqL8mjst9l7A9gyPPra+7x7Vl/o4xnifgPxOOYldLtlZ4XkWhk1a64AajkQaL0WkqrjDEDJvck+Rtr9JViA6kEsjuBAYOVSSSPBORqfsA7Fg5zf17m1TOlcxrK0DWNzDWjdXfqTXmjxjhAtxXOi4eCnBUdZrS6M1aSCEOdcZeUEhNx8GwuPbIZNmy/Fr4rH1XTs8xNPT6/HDNlZ5Y5W1aQ5p71kONtL+jSi4Wr7M5tFssXguhOfun5Fa+k6sktszP1Ogy8w8mM+0T2V+E1aeB0P1yWwnC2OUzOlvreJIK/maT3W+LkPsojvR+iwjno6h3pDbk2XLbMDtrtQi1LkvdL4F3s7s+IgLTO3rnOJjvZ4SEceHLmmrPGDGS5yaKKT7wn3qHxC83qY4TN+mWYI0t2uyWPqFyDsLSznNArQvPwGxlNQYBj1fzLBUgkfU03D4rd0Om28sHNjLSMgPNblYrIGoiMoFWN2aHNFkGoRYyN5wUcWnmrTWUWgzMXjdTHVyzzS8ZNPAZxWDFWG+5IJXYTVuIgtOhoaZcDkr36WN0f7BVamVUuPBro7VZ7YzC4CtNDqDyKydtmmfHg1O5XqFzwzKX1su+Kro+s3hvAWpptcrFtYhqNG4fJGdWghFpjgVxBI1oOq4jJHLHQ8VGMHLARdt5ywurG4jiNx7UvbRCxcoPXdOHg3NybZMloyUYHcfZPesPUdN2/KKNfT9QT4Zd2+7Yp20e0OG48OdUnXdOiXxfI1OmFqyyk/kiD3n+I/ROfuuo+hf9DX9GatTqZrTq8FdSsLJfbJXSJ39NIKxRag6OeB1W8xo4+G9FjHaLTuzHBc3zaC92tV0nkWjlEMEuh934H91m6qjPJqaW5eGaO7rUsK6pjclnwXENpFapNVtci7ryFx2kbkemqy54SwLzSXsIAcRUre0/Tu1+fLFnM8xmfzWnGGATkRWvX5JyACQM0q2SEGWVDkWC2lCZKKO/IutXkiLmJ3gz04AqeGfhmlWsSGM/E410mIknea+OafisCMvIVBaS0ggkEb1WyuMlydGxxeTZXJtK14Ec9AdA7cVjanRuL3Vmtp9WprbM9f2zDZRjioHa5aO+uK7Ta2UXts9F9RpIyWYGFtVmfG7C9pBWzC2MllMyZVuPojDkUF5Ee6qqSkGXTdjp34GEB1CRXTQnu0QLblWssNXU58IivCwSQuwyMLT5HmCpqujbHKK2VTreGWdybUSwEAnGzgTmOwpTU6GFv48MZ0+tlXwzUfzzD7rvD9kj+y2f8AYd/c4fRnTA6RzWNFXPIaO0mgT1QfUx3Q4N+9sdnhZZ2uAwDM1AJec3OI5nsRZyeDJgluwDxWXF1hnXPLh4paNmXhjE4YWUERWL63Irw1hg4tp5QZFYaaEjlqEpbo4y8DUNW1wyws9mPEnyCFHp0Fy0Vs1jfCL+yWMAAkUpw3rQhVGCwkJym5PkJe+uiIkV8CUoFdIq2V9qkz+s0ZIqQmUAZ5KTgqF2X1RDZYLYclRnFfewrnw4K8PBzM7a7OHBw3OBFRrnl45pZv5cjDXHBxS02cxvcx2rCWntCfTyhKS5GBykoTtcqtZOLe6NoZIMq1b7pr5JLUaKFiyOUauVbNdE+zW1lCATvHtDmFktXaZ59GmpVahf2Y6/tnHwEuHWZx3jtWvpNbG1YZnX6SVbyURTr4Yn4L7Yt1J66Ua75D5pDqCzWkxzQvE2yw2vtNXx1o4YTXvcqdOilFonqT3NMzc1j3tzHDf+60mjPU8eQboncD5qm0ndE6DshYS50ktadG2jXUrR78q9obX+5IR4N7VSaW1Bst3OkkxPc1x4mJtdchWtdKhDnbl4QvCv2ay5LqewddwcDSjQ3DhpWu88kauteQFtjbwi1N1NKLtBbmPjukca937qNpO4NhswbnRSVGyvqaIWW2GwkicxAUrruKKkCbI5ZKAokUUZTPkJPejeiCGV3W7FBwdZRl2ocixY4MlRnAdsZ1TVXgcynnjSGoe2WR2lbonLPSPYsFobIBlIzP8zcj4jCtCiW6IlcsMygKMBZLG9SRglfHUVHeqtEZGWe0vjIc0kEcEOdcZrDCQsaeUbe5Nq45R0c9ATkHey7jXgsXUaKVfyrNajWKfxmZjauyxxWhzY8m0B4jMVy8Vp6Scp1fLyZ+ojFWPBLsn67+Tfif2VNbzFFtGnuZJtU7rs/Kf9ynQ+GTq+cFZBaDRPoQcSf7WeKngrsOi7LMAsmW97q88mjNY78G9d+QdZh1x2/NLR/IK/xNfFqtKPgyn5YYNFcgnZooOGz/ACUS8EryDWMdbuQI+Q0vATIdUxEXYBbDkUWPkgrRqiMggGqj0R7LqyjPuQmWCmblUsRytGff8FeJVlVa2hZms8j+l8HP/SXGDBGSMw/I9oNfgE9o/ArqfJzVN+xVjmhScE2N2augU/DH3jGAchwVJnVAYCrJJxCxbUh0ridTXIaqkUl4LTeZF3smM5OxvzSuu8IZ0nlntq/XZ+U/7lOh8M7V+UULSnhNjqriD//Z');
INSERT INTO APP_ROLE_INFO (ROLE_ID,ROLE_NAME,ROLE_ICON) VALUES ('ADMIN','Administrator Role','data:image/png;base64,iVBORw0KGgoAAAANSUhEUgAAAB0AAAAHCAYAAAD03kbyAAAAU0lEQVR42mNgGChQX1//oqGh4T8yBok1NjY6UiIHws3NzcogjMyHW4pNAT7N6HLInkC3BKelA+pTXC4GYheCBmHRi+wYFHWkWEqMT2HmEHIYXQEAdZgPSWQ/jckAAAAASUVORK5CYII=');
INSERT INTO APP_AUTH_INFO (AUTH_ID,AUTH_NAME) VALUES ('ADMIN', 'Administrator Authority');


INSERT INTO APP_AUTH_INFO (AUTH_ID,AUTH_NAME) VALUES ('ADMIN_USER_READ', 'User Manage Authority');

INSERT INTO APP_AUTH_INFO (AUTH_ID,AUTH_NAME) VALUES ('ADMIN_GROUP', 'Group Manage Authority');


INSERT INTO APP_USER_ROLE_MAP (USER_ID,ROLE_ID) VALUES ('admin','ADMIN');
INSERT INTO APP_USER_AUTH_MAP (USER_ID,AUTH_ID) VALUES ('admin','ADMIN');
INSERT INTO APP_USER_AUTH_MAP (USER_ID,AUTH_ID) VALUES ('admin','ADMIN_USER');



INSERT INTO APP_ROLE_INFO (ROLE_ID,ROLE_NAME,ROLE_ICON) VALUES ('TEST1','Test Role','data:image/png;base64,iVBORw0KGgoAAAANSUhEUgAAAB0AAAAHCAYAAAD03kbyAAAAU0lEQVR42mNgGChQX1//oqGh4T8yBok1NjY6UiIHws3NzcogjMyHW4pNAT7N6HLInkC3BKelA+pTXC4GYheCBmHRi+wYFHWkWEqMT2HmEHIYXQEAdZgPSWQ/jckAAAAASUVORK5CYII=');
INSERT INTO APP_ROLE_INFO (ROLE_ID,ROLE_NAME,ROLE_ICON) VALUES ('TEST2','Test Role','data:image/png;base64,iVBORw0KGgoAAAANSUhEUgAAAB0AAAAHCAYAAAD03kbyAAAAU0lEQVR42mNgGChQX1//oqGh4T8yBok1NjY6UiIHws3NzcogjMyHW4pNAT7N6HLInkC3BKelA+pTXC4GYheCBmHRi+wYFHWkWEqMT2HmEHIYXQEAdZgPSWQ/jckAAAAASUVORK5CYII=');
INSERT INTO APP_ROLE_INFO (ROLE_ID,ROLE_NAME,ROLE_ICON) VALUES ('TEST3','Test Role','data:image/png;base64,iVBORw0KGgoAAAANSUhEUgAAAB0AAAAHCAYAAAD03kbyAAAAU0lEQVR42mNgGChQX1//oqGh4T8yBok1NjY6UiIHws3NzcogjMyHW4pNAT7N6HLInkC3BKelA+pTXC4GYheCBmHRi+wYFHWkWEqMT2HmEHIYXQEAdZgPSWQ/jckAAAAASUVORK5CYII=');
INSERT INTO APP_ROLE_INFO (ROLE_ID,ROLE_NAME,ROLE_ICON) VALUES ('TEST4','Test Role','data:image/png;base64,iVBORw0KGgoAAAANSUhEUgAAAB0AAAAHCAYAAAD03kbyAAAAU0lEQVR42mNgGChQX1//oqGh4T8yBok1NjY6UiIHws3NzcogjMyHW4pNAT7N6HLInkC3BKelA+pTXC4GYheCBmHRi+wYFHWkWEqMT2HmEHIYXQEAdZgPSWQ/jckAAAAASUVORK5CYII=');
INSERT INTO APP_ROLE_INFO (ROLE_ID,ROLE_NAME,ROLE_ICON) VALUES ('TEST5','Test Role','data:image/png;base64,iVBORw0KGgoAAAANSUhEUgAAAB0AAAAHCAYAAAD03kbyAAAAU0lEQVR42mNgGChQX1//oqGh4T8yBok1NjY6UiIHws3NzcogjMyHW4pNAT7N6HLInkC3BKelA+pTXC4GYheCBmHRi+wYFHWkWEqMT2HmEHIYXQEAdZgPSWQ/jckAAAAASUVORK5CYII=');
INSERT INTO APP_ROLE_INFO (ROLE_ID,ROLE_NAME,ROLE_ICON) VALUES ('TEST6','Test Role','data:image/png;base64,iVBORw0KGgoAAAANSUhEUgAAAB0AAAAHCAYAAAD03kbyAAAAU0lEQVR42mNgGChQX1//oqGh4T8yBok1NjY6UiIHws3NzcogjMyHW4pNAT7N6HLInkC3BKelA+pTXC4GYheCBmHRi+wYFHWkWEqMT2HmEHIYXQEAdZgPSWQ/jckAAAAASUVORK5CYII=');
INSERT INTO APP_ROLE_INFO (ROLE_ID,ROLE_NAME,ROLE_ICON) VALUES ('TEST7','Test Role','data:image/png;base64,iVBORw0KGgoAAAANSUhEUgAAAB0AAAAHCAYAAAD03kbyAAAAU0lEQVR42mNgGChQX1//oqGh4T8yBok1NjY6UiIHws3NzcogjMyHW4pNAT7N6HLInkC3BKelA+pTXC4GYheCBmHRi+wYFHWkWEqMT2HmEHIYXQEAdZgPSWQ/jckAAAAASUVORK5CYII=');
INSERT INTO APP_ROLE_INFO (ROLE_ID,ROLE_NAME,ROLE_ICON) VALUES ('TEST8','Test Role','data:image/png;base64,iVBORw0KGgoAAAANSUhEUgAAAB0AAAAHCAYAAAD03kbyAAAAU0lEQVR42mNgGChQX1//oqGh4T8yBok1NjY6UiIHws3NzcogjMyHW4pNAT7N6HLInkC3BKelA+pTXC4GYheCBmHRi+wYFHWkWEqMT2HmEHIYXQEAdZgPSWQ/jckAAAAASUVORK5CYII=');
INSERT INTO APP_ROLE_INFO (ROLE_ID,ROLE_NAME,ROLE_ICON) VALUES ('TEST9','Test Role','data:image/png;base64,iVBORw0KGgoAAAANSUhEUgAAAB0AAAAHCAYAAAD03kbyAAAAU0lEQVR42mNgGChQX1//oqGh4T8yBok1NjY6UiIHws3NzcogjMyHW4pNAT7N6HLInkC3BKelA+pTXC4GYheCBmHRi+wYFHWkWEqMT2HmEHIYXQEAdZgPSWQ/jckAAAAASUVORK5CYII=');
INSERT INTO APP_ROLE_INFO (ROLE_ID,ROLE_NAME,ROLE_ICON) VALUES ('TEST10','Test Role','data:image/png;base64,iVBORw0KGgoAAAANSUhEUgAAAB0AAAAHCAYAAAD03kbyAAAAU0lEQVR42mNgGChQX1//oqGh4T8yBok1NjY6UiIHws3NzcogjMyHW4pNAT7N6HLInkC3BKelA+pTXC4GYheCBmHRi+wYFHWkWEqMT2HmEHIYXQEAdZgPSWQ/jckAAAAASUVORK5CYII=');
INSERT INTO APP_ROLE_INFO (ROLE_ID,ROLE_NAME,ROLE_ICON) VALUES ('TEST11','Test Role','data:image/png;base64,iVBORw0KGgoAAAANSUhEUgAAAB0AAAAHCAYAAAD03kbyAAAAU0lEQVR42mNgGChQX1//oqGh4T8yBok1NjY6UiIHws3NzcogjMyHW4pNAT7N6HLInkC3BKelA+pTXC4GYheCBmHRi+wYFHWkWEqMT2HmEHIYXQEAdZgPSWQ/jckAAAAASUVORK5CYII=');
INSERT INTO APP_ROLE_INFO (ROLE_ID,ROLE_NAME,ROLE_ICON) VALUES ('TEST12','Test Role','data:image/png;base64,iVBORw0KGgoAAAANSUhEUgAAAB0AAAAHCAYAAAD03kbyAAAAU0lEQVR42mNgGChQX1//oqGh4T8yBok1NjY6UiIHws3NzcogjMyHW4pNAT7N6HLInkC3BKelA+pTXC4GYheCBmHRi+wYFHWkWEqMT2HmEHIYXQEAdZgPSWQ/jckAAAAASUVORK5CYII=');





-- APP_CODE_INFO
INSERT INTO APP_CODE_INFO (CODE_ID,SYS_EMBD_YN,SYS_INST_DATE,SYS_INST_USER_ID,SYS_UPDT_DATE,SYS_UPDT_USER_ID,CODE_DESC,CODE_NAME) VALUES ('TEST_CODE_1','N',{ts '2020-02-03 03:38:48.447000000'},null,null,null,'테스트 코드 설명','테스트 코드1');
INSERT INTO APP_CODE_ITEM_INFO (CODE_ID,ITEM_ID,ITEM_DESC,ITEM_NAME,ITEM_SEQ) VALUES ('TEST_CODE_1','ITEM_1',null,'코드 아이템 1',1);
INSERT INTO APP_CODE_ITEM_INFO (CODE_ID,ITEM_ID,ITEM_DESC,ITEM_NAME,ITEM_SEQ) VALUES ('TEST_CODE_1','ITEM_2',null,'코드 아이템 2',2);
INSERT INTO APP_CODE_ITEM_INFO (CODE_ID,ITEM_ID,ITEM_DESC,ITEM_NAME,ITEM_SEQ) VALUES ('TEST_CODE_1','ITEM_3',null,'코드 아이템 3',3);
INSERT INTO APP_CODE_INFO (CODE_ID,SYS_EMBD_YN,SYS_INST_DATE,SYS_INST_USER_ID,SYS_UPDT_DATE,SYS_UPDT_USER_ID,CODE_DESC,CODE_NAME) VALUES ('TEST_CODE_2','N',{ts '2020-02-03 03:38:48.447000000'},null,null,null,'테스트 코드 설명','테스트 코드2');
INSERT INTO APP_CODE_ITEM_INFO (CODE_ID,ITEM_ID,ITEM_DESC,ITEM_NAME,ITEM_SEQ) VALUES ('TEST_CODE_2','ITEM_1',null,'코드 아이템 1',1);
INSERT INTO APP_CODE_ITEM_INFO (CODE_ID,ITEM_ID,ITEM_DESC,ITEM_NAME,ITEM_SEQ) VALUES ('TEST_CODE_2','ITEM_2',null,'코드 아이템 2',2);
INSERT INTO APP_CODE_ITEM_INFO (CODE_ID,ITEM_ID,ITEM_DESC,ITEM_NAME,ITEM_SEQ) VALUES ('TEST_CODE_2','ITEM_3',null,'코드 아이템 3',3);
INSERT INTO APP_CODE_INFO (CODE_ID,SYS_EMBD_YN,SYS_INST_DATE,SYS_INST_USER_ID,SYS_UPDT_DATE,SYS_UPDT_USER_ID,CODE_DESC,CODE_NAME) VALUES ('TEST_CODE_3','N',{ts '2020-02-03 03:38:48.447000000'},null,null,null,'테스트 코드 설명','테스트 코드3');
INSERT INTO APP_CODE_ITEM_INFO (CODE_ID,ITEM_ID,ITEM_DESC,ITEM_NAME,ITEM_SEQ) VALUES ('TEST_CODE_3','ITEM_1',null,'코드 아이템 1',1);
INSERT INTO APP_CODE_ITEM_INFO (CODE_ID,ITEM_ID,ITEM_DESC,ITEM_NAME,ITEM_SEQ) VALUES ('TEST_CODE_3','ITEM_2',null,'코드 아이템 2',2);
INSERT INTO APP_CODE_ITEM_INFO (CODE_ID,ITEM_ID,ITEM_DESC,ITEM_NAME,ITEM_SEQ) VALUES ('TEST_CODE_3','ITEM_3',null,'코드 아이템 3',3);




INSERT INTO APP_BORD_INFO (BORD_ID,ACES_PLCY,CATE_USE_YN,BORD_DESC,FILE_USE_YN,BORD_ICON,BORD_NAME,PLCY_READ,RPLY_USE_YN,ROWS_PER_PAGE,BORD_SKIN,PLCY_WRIT) VALUES ('TEST_BOARD','ANONYMOUS','Y','테스트 게시판','Y',null,'테스트 게시판','ANONYMOUS','Y',20,'default','ANONYMOUS');
INSERT INTO APP_BORD_CATE_INFO (BORD_ID,CATE_ID,CATE_NAME,CATE_SEQ) VALUES ('TEST_BOARD','1','카테고리1',1);
INSERT INTO APP_BORD_CATE_INFO (BORD_ID,CATE_ID,CATE_NAME,CATE_SEQ) VALUES ('TEST_BOARD','2','카테고리2',2);
INSERT INTO APP_BORD_CATE_INFO (BORD_ID,CATE_ID,CATE_NAME,CATE_SEQ) VALUES ('TEST_BOARD','3','카테고리3',3);





INSERT INTO APP_USER_INFO (USER_ID,USER_NAME,USER_NICK,USER_EMAL,USER_STAT) VALUES ('test1','Test user 1','Test1','test1@oopscraft.net','ACTIVE');
INSERT INTO APP_USER_INFO (USER_ID,USER_NAME,USER_NICK,USER_EMAL,USER_STAT) VALUES ('test2','Test user 2','Test2','test2@oopscraft.net','ACTIVE');
INSERT INTO APP_USER_INFO (USER_ID,USER_NAME,USER_NICK,USER_EMAL,USER_STAT) VALUES ('test3','Test user 3','Test3','test3@oopscraft.net','ACTIVE');
INSERT INTO APP_USER_INFO (USER_ID,USER_NAME,USER_NICK,USER_EMAL,USER_STAT) VALUES ('test4','Test user 4','Test4','test4@oopscraft.net','CLOSED');
INSERT INTO APP_USER_INFO (USER_ID,USER_NAME,USER_NICK,USER_EMAL,USER_STAT) VALUES ('test5','Test user 5','Test5','test5@oopscraft.net','ACTIVE');
INSERT INTO APP_USER_INFO (USER_ID,USER_NAME,USER_NICK,USER_EMAL,USER_STAT) VALUES ('test6','Test user 6','Test6','test6@oopscraft.net','SUSPENDED');
INSERT INTO APP_USER_INFO (USER_ID,USER_NAME,USER_NICK,USER_EMAL,USER_STAT) VALUES ('test7','Test user 7','Test7','test7@oopscraft.net','ACTIVE');
INSERT INTO APP_USER_INFO (USER_ID,USER_NAME,USER_NICK,USER_EMAL,USER_STAT) VALUES ('test8','Test user 8','Test8','test8@oopscraft.net','ACTIVE');
INSERT INTO APP_USER_INFO (USER_ID,USER_NAME,USER_NICK,USER_EMAL,USER_STAT) VALUES ('test9','Test user 9','Test9','test9@oopscraft.net','ACTIVE');
INSERT INTO APP_USER_INFO (USER_ID,USER_NAME,USER_NICK,USER_EMAL,USER_STAT) VALUES ('test10','Test user 10','Test10','test10@oopscraft.net','ACTIVE');
INSERT INTO APP_USER_INFO (USER_ID,USER_NAME,USER_NICK,USER_EMAL,USER_STAT) VALUES ('test11','Test user 1','Test1','test1@oopscraft.net','ACTIVE');
INSERT INTO APP_USER_INFO (USER_ID,USER_NAME,USER_NICK,USER_EMAL,USER_STAT) VALUES ('test12','Test user 2','Test2','test2@oopscraft.net','ACTIVE');
INSERT INTO APP_USER_INFO (USER_ID,USER_NAME,USER_NICK,USER_EMAL,USER_STAT) VALUES ('test13','Test user 3','Test3','test3@oopscraft.net','ACTIVE');
INSERT INTO APP_USER_INFO (USER_ID,USER_NAME,USER_NICK,USER_EMAL,USER_STAT) VALUES ('test14','Test user 4','Test4','test4@oopscraft.net','CLOSED');
INSERT INTO APP_USER_INFO (USER_ID,USER_NAME,USER_NICK,USER_EMAL,USER_STAT) VALUES ('test15','Test user 5','Test5','test5@oopscraft.net','ACTIVE');
INSERT INTO APP_USER_INFO (USER_ID,USER_NAME,USER_NICK,USER_EMAL,USER_STAT) VALUES ('test16','Test user 6','Test6','test6@oopscraft.net','SUSPENDED');
INSERT INTO APP_USER_INFO (USER_ID,USER_NAME,USER_NICK,USER_EMAL,USER_STAT) VALUES ('test17','Test user 7','Test7','test7@oopscraft.net','ACTIVE');
INSERT INTO APP_USER_INFO (USER_ID,USER_NAME,USER_NICK,USER_EMAL,USER_STAT) VALUES ('test18','Test user 8','Test8','test8@oopscraft.net','ACTIVE');
INSERT INTO APP_USER_INFO (USER_ID,USER_NAME,USER_NICK,USER_EMAL,USER_STAT) VALUES ('test19','Test user 9','Test9','test9@oopscraft.net','ACTIVE');
INSERT INTO APP_USER_INFO (USER_ID,USER_NAME,USER_NICK,USER_EMAL,USER_STAT) VALUES ('test20','Test user 10','Test10','test10@oopscraft.net','ACTIVE');
INSERT INTO APP_USER_INFO (USER_ID,USER_NAME,USER_NICK,USER_EMAL,USER_STAT) VALUES ('test21','Test user 1','Test1','test1@oopscraft.net','ACTIVE');
INSERT INTO APP_USER_INFO (USER_ID,USER_NAME,USER_NICK,USER_EMAL,USER_STAT) VALUES ('test22','Test user 2','Test2','test2@oopscraft.net','ACTIVE');
INSERT INTO APP_USER_INFO (USER_ID,USER_NAME,USER_NICK,USER_EMAL,USER_STAT) VALUES ('test23','Test user 3','Test3','test3@oopscraft.net','ACTIVE');
INSERT INTO APP_USER_INFO (USER_ID,USER_NAME,USER_NICK,USER_EMAL,USER_STAT) VALUES ('test24','Test user 4','Test4','test4@oopscraft.net','CLOSED');
INSERT INTO APP_USER_INFO (USER_ID,USER_NAME,USER_NICK,USER_EMAL,USER_STAT) VALUES ('test25','Test user 5','Test5','test5@oopscraft.net','ACTIVE');
INSERT INTO APP_USER_INFO (USER_ID,USER_NAME,USER_NICK,USER_EMAL,USER_STAT) VALUES ('test26','Test user 6','Test6','test6@oopscraft.net','SUSPENDED');
INSERT INTO APP_USER_INFO (USER_ID,USER_NAME,USER_NICK,USER_EMAL,USER_STAT) VALUES ('test27','Test user 7','Test7','test7@oopscraft.net','ACTIVE');
INSERT INTO APP_USER_INFO (USER_ID,USER_NAME,USER_NICK,USER_EMAL,USER_STAT) VALUES ('test28','Test user 8','Test8','test8@oopscraft.net','ACTIVE');
INSERT INTO APP_USER_INFO (USER_ID,USER_NAME,USER_NICK,USER_EMAL,USER_STAT) VALUES ('test29','Test user 9','Test9','test9@oopscraft.net','ACTIVE');
INSERT INTO APP_USER_INFO (USER_ID,USER_NAME,USER_NICK,USER_EMAL,USER_STAT) VALUES ('test30','Test user 10','Test10','test10@oopscraft.net','ACTIVE');
INSERT INTO APP_USER_INFO (USER_ID,USER_NAME,USER_NICK,USER_EMAL,USER_STAT) VALUES ('test31','Test user 4','Test4','test4@oopscraft.net','CLOSED');
INSERT INTO APP_USER_INFO (USER_ID,USER_NAME,USER_NICK,USER_EMAL,USER_STAT) VALUES ('test32','Test user 5','Test5','test5@oopscraft.net','ACTIVE');
INSERT INTO APP_USER_INFO (USER_ID,USER_NAME,USER_NICK,USER_EMAL,USER_STAT) VALUES ('test33','Test user 6','Test6','test6@oopscraft.net','SUSPENDED');
INSERT INTO APP_USER_INFO (USER_ID,USER_NAME,USER_NICK,USER_EMAL,USER_STAT) VALUES ('test34','Test user 7','Test7','test7@oopscraft.net','ACTIVE');
INSERT INTO APP_USER_INFO (USER_ID,USER_NAME,USER_NICK,USER_EMAL,USER_STAT) VALUES ('test35','Test user 8','Test8','test8@oopscraft.net','ACTIVE');
INSERT INTO APP_USER_INFO (USER_ID,USER_NAME,USER_NICK,USER_EMAL,USER_STAT) VALUES ('test36','Test user 9','Test9','test9@oopscraft.net','ACTIVE');
INSERT INTO APP_USER_INFO (USER_ID,USER_NAME,USER_NICK,USER_EMAL,USER_STAT) VALUES ('test37','Test user 10','Test10','test10@oopscraft.net','ACTIVE');
INSERT INTO APP_GROP_INFO (GROP_ID,SYS_EMBD_YN,UPER_GROP_ID,GROP_NAME,GROP_DESC,GROP_ICON) VALUES ('ADMIN','Y',NULL,'Administrator Group','Administrator Group Description.',NULL);
INSERT INTO APP_GROP_INFO (GROP_ID,SYS_EMBD_YN,UPER_GROP_ID,GROP_NAME,GROP_DESC,GROP_ICON) VALUES ('IT','N',NULL,'IT Group','IT Group Description.',NULL);
INSERT INTO APP_USER_GROP_MAP (USER_ID,GROP_ID) VALUES ('admin','ADMIN');

INSERT INTO APP_ROLE_INFO (ROLE_ID,ROLE_NAME,ROLE_ICON) VALUES ('TEST','Test Role','data:image/png;base64,iVBORw0KGgoAAAANSUhEUgAAABAAAAAQCAYAAAAf8/9hAAACkklEQVR42pWSbUhTYRTH/3f37s2rrVaimdk00LSsDMOk+pAFBaZ9CAyLYGIYJAhh2Dc/FLRCSQmp7EMFVgst0IVoQaiVISrODNrEWZYvS4fu4jb3ovc+PbNA4hrYgcOB85z/73nOeQ6Df1hjY6OKhhKGYc5LkpQqimI4baOxQa1WPygoKAiFE8xqYrPZHEcIafXwsXvHRR6LhAGv1UCnYqAVJoC58QGWZfOKi4unmNVu9nq9PQuxaRlBZSQK9ydCzbFwekIYmQtgXlQgNG6Hb6TfKgjCARmgvr6+lOi31pHNyTBmhcVUsCThhxDExIIIv8RBJASjXRb4nV8vyQA1NTV9/L4TmdnJ8UiL4RESCbwhCZM+EdMBYD4oIU3P4d2QA86O5/0ygMlk8iTkXojM3BKFGF6JAJ2dK0Aw45coTIJaQbB7kxLNwwLsT256ZYDKykrPnrPlkfHrtdCwDHxLBH7qHK2MCg+RA7brODz+NIvPj67JARUVFX078ooy9XEGWszQfrEc9WoGGzUK6KkHafJhxyBsL+/JWygrKyvVJaTU7cw3IoIK6bwQrVUgOoJFHM8uv6r1mw9vG+5i1jEkH6LRaNRwHPfFcCg3Mf3wcaRs4CiABa+k7SxK6J4M4OPrFox2Nltp+d/fSKq56p+ajJRbjoNHXC7XtD5pV5Ih+xjWxWyDBAJhcgyOD22YGbYO0kXLtVgsK4sUFiOnttw/+Azvu+1vzGL+KbfbXUKPzlFP/VNmo/5UpVLdb2pqWlllUoUq5Ny54re3obe9DdMCes+8QhbWYAy5jhtSjumqaG9R9HT1wOleu/g3oErnXUov4ifaa6WBMXSebsbRtYqXAVOXcXvWh4vf52A5+QKF/yMO2y87gBXoaYuE6wAAAABJRU5ErkJggg==');

INSERT INTO APP_USER_ROLE_MAP (USER_ID,ROLE_ID) VALUES ('admin','TEST');
INSERT INTO APP_AUTH_INFO (AUTH_ID,AUTH_NAME) VALUES ('USER_READ', 'User Read Authority');
INSERT INTO APP_AUTH_INFO (AUTH_ID,AUTH_NAME) VALUES ('USER_MDFY', 'User Modification Authority');
INSERT INTO APP_USER_AUTH_MAP (USER_ID,AUTH_ID) VALUES ('admin','USER_READ');
INSERT INTO APP_USER_AUTH_MAP (USER_ID,AUTH_ID) VALUES ('admin','USER_MDFY');
INSERT INTO APP_MENU_INFO (MENU_ID,UPER_MENU_ID,MENU_SEQ,MENU_NAME) VALUES ('menu1','menu3',1,'Menu 1');
INSERT INTO APP_MENU_INFO (MENU_ID,UPER_MENU_ID,MENU_SEQ,MENU_NAME) VALUES ('menu2',NULL,2,'Menu 2');
INSERT INTO APP_MENU_INFO (MENU_ID,UPER_MENU_ID,MENU_SEQ,MENU_NAME) VALUES ('menu3',NULL,3,'Menu 3');
INSERT INTO APP_MENU_INFO (MENU_ID,UPER_MENU_ID,MENU_SEQ,MENU_NAME) VALUES ('menu4','menu6',4,'Menu 4');
INSERT INTO APP_MENU_INFO (MENU_ID,UPER_MENU_ID,MENU_SEQ,MENU_NAME) VALUES ('menu5',NULL,5,'Menu 5');
INSERT INTO APP_MENU_INFO (MENU_ID,UPER_MENU_ID,MENU_SEQ,MENU_NAME) VALUES ('menu6',NULL,6,'Menu 6');
INSERT INTO APP_MENU_INFO (MENU_ID,UPER_MENU_ID,MENU_SEQ,MENU_NAME) VALUES ('menu7','menu6',7,'Menu 7');

INSERT INTO APP_PROP_INFO (PROP_ID,PROP_NAME,PROP_DESC,PROP_VAL) VALUES ('prop1','prop name1','prop desc1','prop value1');
INSERT INTO APP_PROP_INFO (PROP_ID,PROP_NAME,PROP_DESC,PROP_VAL) VALUES ('prop2','prop name2','prop desc2','prop value2');
INSERT INTO APP_PROP_INFO (PROP_ID,PROP_NAME,PROP_DESC,PROP_VAL) VALUES ('prop3','prop name3','prop desc3','prop value3');
INSERT INTO APP_PROP_INFO (PROP_ID,PROP_NAME,PROP_DESC,PROP_VAL) VALUES ('prop4','prop name4','prop desc4','prop value4');
INSERT INTO APP_PROP_INFO (PROP_ID,PROP_NAME,PROP_DESC,PROP_VAL) VALUES ('prop5','prop name5','prop desc5','prop value5');

INSERT INTO APP_MSGE_INFO (MSGE_ID,SYS_EMBD_YN,SYS_INST_DATE,SYS_INST_USER_ID,SYS_UPDT_DATE,SYS_UPDT_USER_ID,MSGE_DESC,MSGE_NAME,MSGE_VAL) VALUES ('INVALID_PARAM','N',{ts '2020-01-31 12:22:06.130000000'},null,{ts '2020-01-31 12:27:54.798000000'},null,'패라미터 오류에 대한 메시지.\nname - 패라미터명\nvalue - 패라미터 값','필수입력값 오류','{}는 필수 입력값입니다.');
INSERT INTO APP_MSGE_INFO (MSGE_ID,SYS_EMBD_YN,SYS_INST_DATE,SYS_INST_USER_ID,SYS_UPDT_DATE,SYS_UPDT_USER_ID,MSGE_DESC,MSGE_NAME,MSGE_VAL) VALUES ('INVALID_TIME','N',{ts '2020-01-31 12:25:13.196000000'},null,{ts '2020-01-31 12:27:37.760000000'},null,'업무시간 종료 대고객 메시지','업무시간 종료 대고객 메시지','처리가능한 시간이 아닙니다.\n업무시간(09:00~18:00)에만 접수가 가능합니다.\n');


-- APP_SAMP_INFO
INSERT INTO APP_SAMP_INFO (KEY_1,KEY_2,SYS_EMBD_YN,SYS_INST_DATE,SYS_INST_USER_ID,SYS_UPDT_DATE,SYS_UPDT_USER_ID,VAL_YN,VAL_CHAR,VAL_CLOB,VAL_ENUM,VAL_INT,VAL_LONG) VALUES ('1','1',NULL,NULL,NULL,NULL,NULL,'Y','VARCHAR','CLOB','CODE_1',10,100);


